barcode,cell_type
AAACGCTTCAAGTCGT.1_1,like
AAAGAACCAAGGCAAC.1_1,like
AAAGAACGTCCAGAAG.1_1,like
AAAGGATCAGTAGTTC.1_1,like
AACACACTCTATTTCG.1_1,like
AACCAACGTACGGATG.1_1,Endocrine
AACCACACAGCGGTCT.1_1,like
AACCATGTCGGTCTAA.1_1,like
AACCCAATCATCGACA.1_1,like
AAGCCATTCTCATAGG.1_1,like
AAGTCGTGTATGTCTG.1_1,like
AATGCCAAGTGAGTTA.1_1,like
AATGCCACAACCGCCA.1_1,like
ACACAGTGTAGTCGTT.1_1,like
ACACGCGAGACTACCT.1_1,like
ACACTGATCTCAGTCC.1_1,like
ACATCGATCACCTCAC.1_1,like
ACATCGATCGCGTAGC.1_1,like
ACCACAAGTAGTTACC.1_1,mucous
ACCACAAGTCTGATAC.1_1,like
ACCTACCGTCAAGCGA.1_1,like
ACGGGTCCACGCCACA.1_1,like
ACGTAACCAGCGATTT.1_1,like
ACTACGAGTACTCAAC.1_1,like
ACTATCTAGATTGCGG.1_1,mucous
ACTGCAAAGGTCACAG.1_1,Immune
ACTGCAATCGAGAATA.1_1,like
ACTTCGCGTATTTCGG.1_1,like
AGAAATGTCGATACAC.1_1,like
AGAACCTCAGGCACTC.1_1,like
AGAACCTTCAAGCGTT.1_1,like
AGAAGTAAGACGAGCT.1_1,like
AGAAGTACAAGCACAG.1_1,like
AGACCCGGTAGATTGA.1_1,like
AGAGAGCCAGGACAGT.1_1,like
AGATCCACACACACTA.1_1,like
AGATGCTAGTGGAAGA.1_1,like
AGCCAATCATATGGCT.1_1,like
AGCGATTCAGACGATG.1_1,like
AGCGCCAGTTCTCAGA.1_1,like
AGGATAATCAGACATC.1_1,like
AGGATCTAGCGTACAG.1_1,like
AGGCATTCACGCGCAT.1_1,Immune
AGGCTGCGTCCTCCAT.1_1,like
AGGCTGCGTGATCGTT.1_1,like
AGGGCTCCAGTGTACT.1_1,like
AGGGTCCTCTCTCCGA.1_1,like
AGGGTTTAGAAGGCTC.1_1,like
AGGGTTTGTATCCTTT.1_1,like
AGTCATGAGAACAGGA.1_1,like
AGTGCCGCAAGTCATC.1_1,like
ATACCTTCAGGAAGTC.1_1,like
ATCAGGTTCTCATTAC.1_1,like
ATCATTCGTTAAGACA.1_1,Immune
ATCCCTGTCACCATCC.1_1,like
ATCGGCGGTTCCTACC.1_1,mucous
ATCGTAGTCCCTTGTG.1_1,like
ATGACCATCTCTTAAC.1_1,like
ATGCATGCAGTCAGTT.1_1,like
ATGCATGTCTCTAAGG.1_1,mucous
ATGGGTTCACACCGCA.1_1,like
ATGGGTTTCTCATGGA.1_1,like
ATGGTTGTCTGAGCAT.1_1,like
ATGTCCCGTCTACAAC.1_1,like
ATGTCTTCATGTGACT.1_1,like
ATTCATCTCGGCACTG.1_1,like
ATTCCATTCGGCCTTT.1_1,like
ATTCGTTGTAAGGTCG.1_1,like
ATTGTTCAGGGCAATC.1_1,like
ATTTCTGTCCGTATAG.1_1,like
CAACAACCACTGGACC.1_1,like
CAACAGTAGAAGTGTT.1_1,like
CAACAGTAGCGATTCT.1_1,like
CAACAGTTCTGAGCAT.1_1,like
CAACCTCCATCGAACT.1_1,like
CAAGACTTCTGCTTTA.1_1,like
CAAGAGGAGACGCAGT.1_1,like
CACAGGCGTGTGCCTG.1_1,like
CACTGGGTCTAGCATG.1_1,like
CAGATCACAATAGGAT.1_1,like
CAGATCACAGGAGGTT.1_1,like
CAGCAATCAACTGATC.1_1,like
CAGGGCTGTTTGGCTA.1_1,like
CAGTTAGGTGACACGA.1_1,like
CAGTTCCCAACACAGG.1_1,like
CATAGACCACGCGGTT.1_1,like
CATCAAGAGGGCTAAC.1_1,like
CATCGTCAGATCGACG.1_1,like
CATCGTCCACAGTACT.1_1,like
CATTCATCACTTGTGA.1_1,like
CATTCTAGTAGTTACC.1_1,like
CATTGAGCACTCTCGT.1_1,like
CATTGTTAGGATACCG.1_1,quality
CCAAGCGGTCTTGCGG.1_1,Immune
CCAAGCGGTGTAGGAC.1_1,mucous
CCAATGAAGTAGGATT.1_1,quality
CCAATGATCATTATCC.1_1,quality
CCACGTTCAAGTTCCA.1_1,Immune
CCACTTGCAGAGGAAA.1_1,like
CCCGAAGGTAAGCTCT.1_1,like
CCGGTAGAGCATTTCG.1_1,like
CCGGTGATCTGAGAAA.1_1,like
CCTACGTAGGGAGATA.1_1,like
CCTCAACTCTCTTAAC.1_1,like
CCTCAGTCACGGTGAA.1_1,like
CCTCAGTGTGACAGCA.1_1,Endocrine
CCTCTAGTCAGGAACG.1_1,Proliferating
CCTCTCCCATCCTATT.1_1,like
CCTGCATGTGTTAAAG.1_1,mucous
CCTGCATTCTATTCGT.1_1,like
CCTGTTGCAGCTACCG.1_1,like
CCTGTTGGTCTACGTA.1_1,like
CCTGTTGGTGCTCTTC.1_1,like
CGAAGGAGTGTGTGGA.1_1,like
CGATGGCTCGATGGAG.1_1,like
CGCATGGAGAGCATAT.1_1,like
CGGAGAAAGCCGTAAG.1_1,Endocrine
CGGCAGTAGAGGGTGG.1_1,like
CGGGCATTCCGGCAGT.1_1,like
CGTAATGTCATGTCAG.1_1,like
CGTCAAACACTGGCCA.1_1,like
CGTCCATCAGCGTGAA.1_1,like
CGTGTCTTCCTCTCGA.1_1,like
CTACATTGTTATTCTC.1_1,like
CTACGGGTCTTCACAT.1_1,like
CTACTATAGACTCCGC.1_1,like
CTATAGGAGTAAGCAT.1_1,like
CTCCAACTCAAGATAG.1_1,like
CTCCAACTCTCATTAC.1_1,like
CTCCACATCTCTAGGA.1_1,like
CTCCTCCGTATCGATC.1_1,Immune
CTCCTTTAGGCGCTTC.1_1,like
CTCTCAGCAGCGTGCT.1_1,like
CTGAGCGAGTTACGGG.1_1,Immune
CTGAGCGGTATCGCAT.1_1,like
CTGAGGCTCACCTCTG.1_1,like
CTGAGGCTCGGTGAAG.1_1,like
CTGCGAGTCACAAGAA.1_1,like
CTGGCAGGTGAGTAAT.1_1,Immune
CTGGTCTCAAGCGAAC.1_1,like
CTGGTCTCACGCAGTC.1_1,like
CTGTGAACATTCAGCA.1_1,like
CTTACCGAGTCGAGGT.1_1,like
CTTCAATTCACCTCTG.1_1,like
CTTCCTTCAATCCTAG.1_1,like
CTTGATTGTCCAGTTA.1_1,like
CTTTCAAAGCATATGA.1_1,like
GAACTGTCAATTGCCA.1_1,like
GAAGCGAGTGGTGATG.1_1,like
GAGACCCAGCCGATAG.1_1,like
GAGACTTTCTTGCAAG.1_1,like
GAGCTGCGTGTCGCTG.1_1,like
GAGGGATAGTAACGAT.1_1,like
GAGTCATCAAGGGTCA.1_1,like
GAGTTGTAGAATTGTG.1_1,like
GATCAGTAGTCGGCAA.1_1,like
GATCATGAGAGTACCG.1_1,like
GATGACTAGTAGATCA.1_1,like
GATGACTTCAAAGCCT.1_1,like
GATTCGAAGCTAGATA.1_1,like
GCAACATGTGCCTTTC.1_1,like
GCAACCGAGGGACACT.1_1,like
GCAACCGCAATCTCTT.1_1,like
GCACATAAGTCCTGTA.1_1,like
GCACGGTTCATTCCTA.1_1,like
GCACTAAAGCGACCCT.1_1,like
GCACTAATCCATTTAC.1_1,mucous
GCAGCTGTCCGTGTGG.1_1,like
GCATCTCAGGCATTTC.1_1,like
GCATCTCAGTTGGCTT.1_1,like
GCCAACGCAACGAGGT.1_1,like
GCCAGCACAATCGTCA.1_1,mucous
GCCATTCCAAGAGGCT.1_1,like
GCCCAGACAACTGGTT.1_1,mucous
GCCCGAATCTGGCCAG.1_1,like
GCGATCGGTACGCTAT.1_1,like
GCGGAAACAGACTCTA.1_1,Immune
GCGGATCCAACGGCTC.1_1,like
GCGGATCGTGAGCAGT.1_1,mucous
GCTACAAAGCCGGAAT.1_1,like
GCTGAATAGGGTATAT.1_1,like
GCTGGGTGTTATAGAG.1_1,like
GGACGTCAGGACTAAT.1_1,like
GGAGAACAGCTCCATA.1_1,like
GGAGGTACAATTGAGA.1_1,like
GGATGTTCATTAAAGG.1_1,Endocrine
GGCGTCATCCATGATG.1_1,like
GGCTTGGTCGGATACT.1_1,quality
GGGAGTATCCTTCTAA.1_1,like
GGGCGTTGTGCCTATA.1_1,mucous
GGGTCACAGGAACTAT.1_1,like
GGGTCACGTAGGACCA.1_1,like
GGGTCTGAGCCTCTTC.1_1,like
GGGTTTAAGCAGCAGT.1_1,like
GGGTTTAAGGGATCGT.1_1,like
GGTAATCAGAGAGAAC.1_1,like
GGTCACGAGATGATTG.1_1,like
GGTGGCTGTTAGGACG.1_1,quality
GTAATCGTCACTGGGC.1_1,like
GTAATGCAGAGCATAT.1_1,like
GTACAACTCATGTCAG.1_1,like
GTACAACTCGAGAGCA.1_1,like
GTAGAGGTCGATGCAT.1_1,like
GTAGCTACACACCTAA.1_1,like
GTAGTACAGTTTCTTC.1_1,like
GTATTGGTCAGTAGGG.1_1,like
GTATTTCCAAAGGCTG.1_1,like
GTCCTCAGTTGTAAAG.1_1,like
GTCCTCAGTTTCGCTC.1_1,like
GTCGAATAGAGAGCCT.1_1,like
GTCGAATCAAATGCTC.1_1,like
GTCGAATTCAGCAGAG.1_1,like
GTCTAGACAAGCGAGT.1_1,like
GTGAGCCGTTAGAGTA.1_1,like
GTGAGGACAATTAGGA.1_1,like
GTGCAGCTCTTCGACC.1_1,like
GTGCTTCCACGTAGAG.1_1,like
GTGGGAAAGAGAGCGG.1_1,like
GTGGGAACATTGACCA.1_1,like
GTGTTCCAGCGCTGCT.1_1,like
GTGTTCCTCGAGTCCG.1_1,like
GTTAGACGTACCCGCA.1_1,like
GTTAGTGCATCGTGGC.1_1,Immune
GTTATGGAGAGTCTGG.1_1,like
GTTCGCTAGTAATACG.1_1,like
GTTGTCCGTACGATGG.1_1,like
GTTGTGATCGCACGAC.1_1,like
GTTTGGAAGAAGGATG.1_1,like
GTTTGGAAGTGATAGT.1_1,like
GTTTGGAGTTGTTGCA.1_1,like
TAACTTCAGCACCAGA.1_1,like
TAAGTCGCACAGCTGC.1_1,like
TAATCTCCATTGCCTC.1_1,mucous
TACACCCTCTCTCTTC.1_1,Proliferating
TACCCACCATCAGCTA.1_1,like
TACGCTCAGGCACAAC.1_1,mucous
TAGACCAGTTATTCTC.1_1,like
TAGGGTTCAAATCCCA.1_1,like
TATACCTAGCGCACAA.1_1,like
TATATCCTCAGGGTAG.1_1,like
TATTGGGGTCTGGTTA.1_1,like
TCAAGCAGTCAAGCGA.1_1,like
TCAAGCATCCACGTGG.1_1,like
TCACACCCAAGAGTAT.1_1,like
TCACATTTCCATCTGC.1_1,like
TCACGCTCACAAATGA.1_1,like
TCACTATGTACATACC.1_1,like
TCAGCAAGTCCGATCG.1_1,like
TCAGTCCAGCCTTGAT.1_1,like
TCAGTCCCAGAATCGG.1_1,like
TCAGTTTAGTAAGCAT.1_1,like
TCATATCGTAGCTGAG.1_1,Proliferating
TCATATCGTCGTTTCC.1_1,like
TCATCATTCCCTAGGG.1_1,like
TCATCCGGTAATTGGA.1_1,like
TCATCCGTCGATAACC.1_1,like
TCATGCCAGTTAGTAG.1_1,quality
TCCCACACAGGACTTT.1_1,like
TCCCAGTGTATACAGA.1_1,mucous
TCCGTGTCACAAGCAG.1_1,mucous
TCCTCGATCGGACGTC.1_1,like
TCCTCTTGTGAATGAT.1_1,like
TCGAACAGTATCCCTC.1_1,like
TCGAAGTAGCGTATGG.1_1,like
TCGCACTAGACGGTCA.1_1,like
TCGCACTAGTGGCCTC.1_1,like
TCGCAGGAGCCTGGAA.1_1,like
TCGCAGGAGTGGATTA.1_1,like
TCGCTTGGTCGAGCAA.1_1,like
TCGGGCACAAGCGAGT.1_1,like
TCGTAGAAGATGGGCT.1_1,like
TCTCTGGAGGGCAACT.1_1,like
TCTTAGTGTATCGCGC.1_1,like
TCTTAGTGTTAATGAG.1_1,like
TCTTTGAAGTCGAAAT.1_1,like
TGAGGAGCACTGGCCA.1_1,quality
TGAGGGAAGGAGACCT.1_1,like
TGAGTCATCTGGGTCG.1_1,like
TGATGCAGTGGTTCTA.1_1,like
TGCGACGGTGCCTGAC.1_1,quality
TGCGGCAGTACGCTAT.1_1,like
TGCGGGTTCACGTAGT.1_1,like
TGCTCCAAGAAGCGAA.1_1,like
TGCTCGTTCGCAGTCG.1_1,like
TGCTGAAAGCTAGAAT.1_1,like
TGGAGGATCCGATCGG.1_1,like
TGGATCACAAGTGACG.1_1,like
TGGATCACAGCTGAGA.1_1,like
TGGGCGTTCAAGAGTA.1_1,like
TGGGCTGGTGCGGATA.1_1,like
TGGTGATGTGAGTAAT.1_1,Proliferating
TGTCAGACACGACGTC.1_1,like
TGTCCACTCTTTGCTA.1_1,Endocrine
TGTTACTGTTGGACTT.1_1,like
TGTTCCGGTAGTGTGG.1_1,like
TGTTGAGAGGTTGCCC.1_1,like
TGTTGGAGTTGGAGAC.1_1,like
TGTTTGTTCCAGCACG.1_1,like
TTACAGGGTACCCGAC.1_1,like
TTACCATGTCTGCATA.1_1,like
TTACCGCCACAGCTTA.1_1,mucous
TTCAATCGTATCCCTC.1_1,like
TTCACCGAGGGCAGAG.1_1,like
TTCACGCCAACTCCAA.1_1,like
TTCATGTCAGATCCTA.1_1,like
TTCATTGCACGTAGAG.1_1,like
TTCCGTGGTCGCATGC.1_1,like
TTCCTAAAGTATCCTG.1_1,like
TTCCTTCGTGAAGCTG.1_1,like
TTCGGTCGTAAGTTGA.1_1,mucous
TTCTTCCCAGTATTCG.1_1,like
TTGACCCGTTCCAAAC.1_1,like
TTGCTGCTCTTTCCGG.1_1,like
TTGGATGTCCATCTGC.1_1,like
TTGTGGAGTCACCCTT.1_1,like
TTGTGTTGTGTTCCTC.1_1,like
TTGTTGTAGAGCAGAA.1_1,quality
TTTACGTTCAAAGACA.1_1,like
TTTACTGGTTGCGGCT.1_1,like
TTTCAGTAGGGCGAAG.1_1,Immune
TTTGGAGTCAAGTTGC.1_1,like
AAACCCATCTTACCAT.1_2,like
AAAGAACCATTGAAAG.1_2,mucous
AAAGGATCAGATAAAC.1_2,like
AAAGGGCAGTCATCCA.1_2,like
AAAGGTACAAGGACAC.1_2,epithelial
AAAGGTATCACTGATG.1_2,mucous
AAAGTCCAGGCCCACT.1_2,like
AAAGTCCCAGCAGGAT.1_2,like
AAAGTCCCAGGGCTTC.1_2,mucous
AAAGTCCGTAGGAGGG.1_2,like
AAAGTCCTCGATGCTA.1_2,mucous
AAAGTCCTCGGCTGAC.1_2,like
AAAGTGAAGAAGCTCG.1_2,mucous
AAAGTGAAGCTAGCCC.1_2,like
AAAGTGATCCAGCACG.1_2,like
AAATGGACAGAATCGG.1_2,like
AACAACCCAAGGACAC.1_2,like
AACAACCCAGACTCTA.1_2,like
AACACACTCGTAGTCA.1_2,mucous
AACAGGGCAGGTACGA.1_2,like
AACCATGAGAAGTCTA.1_2,like
AACCATGTCTGCACCT.1_2,mucous
AACCCAAAGCGACTGA.1_2,mucous
AACCCAACAATTCTTC.1_2,Immune
AACCTTTTCGATCCCT.1_2,mucous
AACGAAACAGCAGATG.1_2,mucous
AACGAAATCGTCCTCA.1_2,like
AACGGGACAACGATTC.1_2,mucous
AACGGGAGTAGTCTGT.1_2,mucous
AACTTCTAGCGGATCA.1_2,like
AACTTCTAGTACTCGT.1_2,mucous
AAGAACATCGAGAATA.1_2,quality
AAGACTCAGGACAGTC.1_2,mucous
AAGATAGTCCTCTGCA.1_2,mucous
AAGCGTTAGAATTTGG.1_2,quality
AAGCGTTGTATGTCCA.1_2,mucous
AAGTACCAGGTTAAAC.1_2,Proliferating
AAGTACCGTCAACATC.1_2,like
AAGTCGTCATCACAGT.1_2,like
AAGTCGTGTCGCGGTT.1_2,mucous
AAGTCGTTCGTCACCT.1_2,mucous
AAGTGAAAGACTCATC.1_2,like
AAGTTCGCATGGAATA.1_2,mucous
AAGTTCGGTAACCCTA.1_2,mucous
AAGTTCGTCTATCGCC.1_2,mucous
AATAGAGCAACCAACT.1_2,like
AATCACGAGTTTGTCG.1_2,like
AATCGACGTGGCGCTT.1_2,mucous
AATCGTGTCCGCGGAT.1_2,mucous
AATCGTGTCGCAGTTA.1_2,mucous
AATGGAAGTCGAAACG.1_2,like
AATGGCTTCCCGAGGT.1_2,mucous
AATTCCTTCGTAGGGA.1_2,mucous
AATTTCCCACCTCTGT.1_2,mucous
ACAAAGACAGTCTTCC.1_2,like
ACAACCACAGGGTCTC.1_2,like
ACAAGCTAGCACTGGA.1_2,mucous
ACACAGTCAAGCAATA.1_2,mucous
ACACCAAGTATGGTAA.1_2,mucous
ACACGCGTCTGTTGGA.1_2,mucous
ACACTGAAGTCACGCC.1_2,mucous
ACACTGACAACCAACT.1_2,mucous
ACACTGACAACCGTAT.1_2,like
ACAGAAAAGTGAACAT.1_2,like
ACAGCCGAGTTGCATC.1_2,quality
ACAGGGACAGACCTAT.1_2,mucous
ACATCGATCGCGATCG.1_2,quality
ACATGCATCCGTCAAA.1_2,mucous
ACATTTCTCGGATTAC.1_2,like
ACATTTCTCTAGAGCT.1_2,mucous
ACCAAACGTAGACGTG.1_2,mucous
ACCAAACGTGAATTAG.1_2,like
ACCAAACGTTGCGGCT.1_2,like
ACCAAACTCCGTAGGC.1_2,mucous
ACCACAAGTCCATCTC.1_2,epithelial
ACCCAAAGTAACATCC.1_2,like
ACCCAAAGTCATTCCC.1_2,like
ACCCTCAAGAGTCCGA.1_2,mucous
ACCCTCAGTCCATCTC.1_2,mucous
ACCCTCAGTTTACTGG.1_2,mucous
ACCCTCATCAGTGGGA.1_2,like
ACCCTTGAGCGGGTTA.1_2,like
ACCGTTCTCGCCAGTG.1_2,mucous
ACCTGTCAGTCGAATA.1_2,mucous
ACGATCAGTAGCGAGT.1_2,like
ACGATGTGTCGCTCGA.1_2,like
ACGGAAGAGACCTTTG.1_2,mucous
ACGGAAGAGCCGGATA.1_2,Endocrine
ACGGTCGCAGGCTACC.1_2,mucous
ACGGTTACAAATGCGG.1_2,mucous
ACGTAGTTCAAGCCAT.1_2,mucous
ACGTAGTTCTCATTAC.1_2,like
ACGTCCTTCCGAGCTG.1_2,mucous
ACGTTCCCAATTGAAG.1_2,mucous
ACGTTCCGTCATATGC.1_2,mucous
ACGTTCCGTCCCACGA.1_2,like
ACTATCTCAGGGACTA.1_2,mucous
ACTATTCGTCATATGC.1_2,quality
ACTCCCAAGCATCAAA.1_2,like
ACTCCCATCAACTGAC.1_2,Immune
ACTCTCGAGGTAGACC.1_2,mucous
ACTCTCGCAAGTGCTT.1_2,mucous
ACTGATGGTCAGGAGT.1_2,mucous
ACTGCAACAGCAGTGA.1_2,mucous
ACTGCAATCGCTAAAC.1_2,mucous
ACTGTCCAGAGAGCGG.1_2,mucous
ACTGTCCAGTAAGCAT.1_2,mucous
ACTTAGGCATAGGTAA.1_2,Immune
ACTTATCAGATCCCGC.1_2,like
ACTTATCAGTATGCAA.1_2,mucous
ACTTATCCACGGATCC.1_2,epithelial
ACTTATCGTTCTATCT.1_2,mucous
ACTTATCTCACGGAGA.1_2,Proliferating
ACTTTCAAGCAGCAGT.1_2,epithelial
ACTTTGTTCTATGCCC.1_2,like
AGAAATGAGGACCCAA.1_2,mucous
AGAAATGGTTACGGAG.1_2,mucous
AGAACAATCGGTGTTA.1_2,like
AGAACCTAGCGCCTTG.1_2,like
AGAACCTGTATCGTTG.1_2,like
AGAACCTGTGCCTATA.1_2,mucous
AGAAGCGAGACCGTTT.1_2,mucous
AGAAGTACATCATCCC.1_2,like
AGACAAAAGACTTCCA.1_2,mucous
AGACCATCAAATTGCC.1_2,mucous
AGACCCGTCCCTCAAC.1_2,like
AGACTCAAGCGCTGCT.1_2,quality
AGACTCATCACGAGGA.1_2,like
AGAGAGCGTCCGATCG.1_2,like
AGAGAGCTCGTCAACA.1_2,mucous
AGAGCCCCATGCACTA.1_2,like
AGAGCCCTCGCCTTTG.1_2,like
AGATCCAAGACCAAGC.1_2,like
AGATCGTCAAATGGTA.1_2,mucous
AGCATCACATCCTTCG.1_2,mucous
AGCATCAGTACCGCGT.1_2,mucous
AGCATCAGTGACAGCA.1_2,quality
AGCATCAGTTCTAACG.1_2,mucous
AGCATCATCCTGGTCT.1_2,Proliferating
AGCCAGCCAGACTCTA.1_2,mucous
AGCGATTAGAGGGCGA.1_2,mucous
AGCGATTCAGCACAGA.1_2,mucous
AGCGATTTCGGTCTAA.1_2,Immune
AGCGCTGCACAGAAGC.1_2,Proliferating
AGCGCTGCATGTACGT.1_2,like
AGCGTATAGCACCCAC.1_2,mucous
AGCGTATCAACCTAAC.1_2,mucous
AGCTACATCCTCTCGA.1_2,like
AGGAAATAGTAGGAAG.1_2,like
AGGAAATTCCGAGATT.1_2,mucous
AGGACTTCAAATGGAT.1_2,like
AGGACTTGTAGAATGT.1_2,mucous
AGGAGGTAGAGCATCG.1_2,mucous
AGGATAATCATCCTAT.1_2,mucous
AGGATCTTCACTGGGC.1_2,mucous
AGGCATTGTGCGGCTT.1_2,like
AGGCATTTCCCTCTAG.1_2,mucous
AGGCCACAGAGCACTG.1_2,Immune
AGGCCACGTCGCTTAA.1_2,like
AGGCCACTCTGCTTTA.1_2,mucous
AGGCTGCAGCCGATTT.1_2,like
AGGCTGCGTCTTGAGT.1_2,mucous
AGGGAGTTCTAAGCGT.1_2,like
AGGGCCTCAAAGGGCT.1_2,like
AGGGCTCAGTCATGGG.1_2,mucous
AGGGCTCGTCCTTAAG.1_2,mucous
AGGGTGAAGTAGGAAG.1_2,mucous
AGGGTGATCTGCTTTA.1_2,like
AGGTCTACATCGATAC.1_2,like
AGGTTGTAGCACGGAT.1_2,like
AGTAACCGTGTTACTG.1_2,mucous
AGTAACCTCAGTCAGT.1_2,like
AGTAACCTCTGAGATC.1_2,mucous
AGTACCACAGCAGAAC.1_2,like
AGTACCACAGGTTCGC.1_2,like
AGTACTGTCCGAACGC.1_2,mucous
AGTCAACGTCACGACC.1_2,like
AGTCAACGTCACGCTG.1_2,mucous
AGTCATGGTAATTAGG.1_2,like
AGTGCCGCAATAAGGT.1_2,like
AGTTAGCAGGCGATAC.1_2,mucous
AGTTAGCTCCATCGTC.1_2,like
ATACTTCCACTTGGCG.1_2,like
ATAGACCAGTCCCGAC.1_2,mucous
ATAGACCCAGTAGAGC.1_2,mucous
ATATCCTTCACTACTT.1_2,like
ATCACAGCACAACGCC.1_2,like
ATCACTTGTGAACGGT.1_2,mucous
ATCCACCGTCAAGGCA.1_2,mucous
ATCCATTAGAGTCAGC.1_2,mucous
ATCCATTAGCCGTTAT.1_2,like
ATCCCTGCAGCCTTCT.1_2,like
ATCCGTCAGGGTTGCA.1_2,like
ATCCTATTCTGCTGAA.1_2,mucous
ATCGATGCATGTTCAG.1_2,mucous
ATCGCCTTCAGTCATG.1_2,mucous
ATCGGATCACATGTTG.1_2,like
ATCGGATTCGATCCAA.1_2,quality
ATCGTAGCAGCTGTAT.1_2,like
ATCGTAGCATGAGTAA.1_2,like
ATCGTAGTCGGCTTCT.1_2,epithelial
ATCGTCCAGGAATCGC.1_2,mucous
ATCGTCCCAACATCGT.1_2,mucous
ATCGTCCCAGCAGTGA.1_2,mucous
ATCGTGAAGACATACA.1_2,like
ATCTCTACATATGCGT.1_2,like
ATGAAAGAGCGTTCAT.1_2,Proliferating
ATGACCACACCTGAAT.1_2,mucous
ATGACCAGTACGTGTT.1_2,like
ATGACCATCCAACACA.1_2,like
ATGATCGCAAGAATGT.1_2,mucous
ATGCATGCAAGGATGC.1_2,mucous
ATGGAGGCATGCTGCG.1_2,mucous
ATGGGTTTCAACACCA.1_2,mucous
ATGGTTGCAACTACGT.1_2,mucous
ATGTCCCCAAGACGAC.1_2,mucous
ATGTCCCCACGTATAC.1_2,like
ATGTCCCTCATCTACT.1_2,mucous
ATTACCTCAACCAATC.1_2,mucous
ATTACTCGTACGTGAG.1_2,mucous
ATTACTCTCACTGGGC.1_2,mucous
ATTATCCGTGGTCCGT.1_2,like
ATTCAGGAGCTCCATA.1_2,like
ATTCATCAGCCGTTGC.1_2,mucous
ATTCATCAGGCGTCCT.1_2,mucous
ATTCATCTCCTCGCAT.1_2,mucous
ATTCCATTCTCTGACC.1_2,mucous
ATTCCTACATCGAACT.1_2,Endocrine
ATTCTTGAGGAGAATG.1_2,like
ATTTACCCAATGTTGC.1_2,epithelial
ATTTACCTCACCTCGT.1_2,Endocrine
ATTTCTGTCCATTTCA.1_2,mucous
CAACAACCAGAACTCT.1_2,mucous
CAACAGTCATGACTAC.1_2,mucous
CAACAGTTCCGGTAAT.1_2,mucous
CAACCAAAGTACAGAT.1_2,like
CAACCAAAGTGGCGAT.1_2,quality
CAACCAAGTAGATTGA.1_2,mucous
CAACGGCAGAAAGCGA.1_2,mucous
CAAGAGGTCGAGAAGC.1_2,quality
CAAGCTATCGAAGAAT.1_2,mucous
CAATACGAGTGACCTT.1_2,like
CAATACGTCGCAACAT.1_2,mucous
CAATTTCTCCCAAGTA.1_2,mucous
CACAACAAGATTTGCC.1_2,mucous
CACACAACAAATTGGA.1_2,mucous
CACAGGCCACTGAGGA.1_2,Immune
CACATGATCTGTGCTC.1_2,like
CACCGTTAGGGCAGTT.1_2,quality
CACGTTCCAACCGACC.1_2,mucous
CACTAAGCATTGAGGG.1_2,mucous
CACTGTCCAGGACTTT.1_2,mucous
CACTTCGAGGCGAAGG.1_2,mucous
CACTTCGAGGTGATAT.1_2,mucous
CACTTCGCATAGAGGC.1_2,mucous
CACTTCGTCCACGAAT.1_2,Proliferating
CAGAGCCGTTTACCTT.1_2,quality
CAGATACGTAGCTTAC.1_2,like
CAGATCACATACACCA.1_2,like
CAGCAATTCGGATACT.1_2,Proliferating
CAGCACGGTGGCTAGA.1_2,like
CAGCAGCAGTGCGTCC.1_2,mucous
CAGCCAGAGAGTATAC.1_2,like
CAGCCAGAGGATGGCT.1_2,Immune
CAGGCCAAGAACCCGA.1_2,mucous
CAGGCCAGTTGGGTAG.1_2,mucous
CAGGGCTGTGCTCGTG.1_2,mucous
CAGGGCTTCGTACACA.1_2,like
CAGGTATAGCACTTTG.1_2,mucous
CAGTGCGCACCCTAAA.1_2,mucous
CAGTTCCAGACAGTCG.1_2,Proliferating
CAGTTCCGTGTAGGAC.1_2,like
CATAAGCCAAAGTGTA.1_2,like
CATAAGCGTCTTCGAA.1_2,like
CATACAGAGGACATCG.1_2,mucous
CATACAGGTTCTCGTC.1_2,mucous
CATACCCCATGGCCCA.1_2,like
CATACTTGTTTGAACC.1_2,like
CATACTTTCCAAGGGA.1_2,mucous
CATACTTTCTTGGATG.1_2,like
CATAGACTCGCTTTAT.1_2,mucous
CATCAAGCAGTCACGC.1_2,mucous
CATCAAGTCTCGTCGT.1_2,like
CATCCACTCCGAGCTG.1_2,like
CATCCCAGTACGACTT.1_2,quality
CATCCCATCGGCCAAC.1_2,mucous
CATCGCTAGATTACCC.1_2,mucous
CATCGCTAGCAGCGAT.1_2,mucous
CATCGCTAGGGCCTCT.1_2,like
CATCGCTTCACCATGA.1_2,mucous
CATCGCTTCGCCGAAC.1_2,like
CATCGGGCACCAAATC.1_2,mucous
CATCGTCGTGCGGTAA.1_2,like
CATGCCTAGAGAGGTA.1_2,mucous
CATGCGGGTAAGTCAA.1_2,mucous
CATGCTCGTCTTTCTA.1_2,Immune
CATGGATTCCCAACTC.1_2,quality
CATGGTAAGATCGGTG.1_2,mucous
CATGGTAGTAAGTAGT.1_2,mucous
CATGGTATCGTCGCTT.1_2,mucous
CATTCTAAGAAGTCCG.1_2,Endocrine
CATTCTACAGGCATTT.1_2,like
CATTCTACAGTCGTTA.1_2,mucous
CATTGCCAGATTGCGG.1_2,mucous
CATTGTTTCAAGAATG.1_2,mucous
CATTTCAGTACGGATG.1_2,epithelial
CCAAGCGGTTACGTAC.1_2,mucous
CCAATTTAGCCGTCGT.1_2,mucous
CCAATTTAGCCTATCA.1_2,mucous
CCACAAACAGCGAACA.1_2,mucous
CCACAAATCCCTCATG.1_2,epithelial
CCACAAATCCTCGCAT.1_2,mucous
CCACAAATCTCCATAT.1_2,like
CCACACTAGGGAGAAT.1_2,mucous
CCACACTAGTAAATGC.1_2,Endocrine
CCACCATGTGTATACC.1_2,like
CCACCATGTTCTAAGC.1_2,mucous
CCACCATTCATTCTTG.1_2,mucous
CCACGAGAGAGTGTTA.1_2,like
CCACGAGGTCTTCGAA.1_2,like
CCACGTTAGTATCCTG.1_2,mucous
CCATCACCAAGCGAAC.1_2,mucous
CCCATTGGTGTTGATC.1_2,like
CCCGGAAGTTGCGAAG.1_2,mucous
CCCTCAAGTGGCAGAT.1_2,mucous
CCCTCTCCAACCACGC.1_2,epithelial
CCCTCTCCATAGAAAC.1_2,mucous
CCCTGATGTCCACTTC.1_2,like
CCCTTAGAGCGACTTT.1_2,like
CCGAACGTCATTGCTT.1_2,Endocrine
CCGAACGTCCGATAAC.1_2,mucous
CCGATGGAGACCACGA.1_2,mucous
CCGATGGTCACAGTGT.1_2,mucous
CCGCAAGAGCTCTGTA.1_2,mucous
CCGGGTAAGGCGAAGG.1_2,mucous
CCGGGTAAGGGAGGTG.1_2,mucous
CCGGGTACAAGCACAG.1_2,like
CCGGTAGTCTCACCCA.1_2,mucous
CCGGTGACAAGGGTCA.1_2,mucous
CCGGTGAGTCGACTTA.1_2,Endocrine
CCGTAGGCAGGAACCA.1_2,mucous
CCGTGAGAGCACGGAT.1_2,like
CCGTTCAAGGAACGCT.1_2,mucous
CCGTTCAAGGCCTGCT.1_2,mucous
CCTAACCTCGGTCACG.1_2,mucous
CCTAAGACACCCAAGC.1_2,like
CCTACGTTCATTGTGG.1_2,Endocrine
CCTACGTTCTTCGGTC.1_2,like
CCTATCGGTCGCATTA.1_2,mucous
CCTCACAAGTTTGCTG.1_2,mucous
CCTCACACATCCCGTT.1_2,mucous
CCTCATGAGTTGTAAG.1_2,like
CCTCATGCAGATGCGA.1_2,like
CCTCCAAAGAGCATTA.1_2,Endocrine
CCTCCTCGTAGAGGAA.1_2,Endocrine
CCTCTCCGTACCGCGT.1_2,mucous
CCTCTCCTCATCTATC.1_2,like
CCTGTTGCAGCAGTTT.1_2,Proliferating
CCTGTTGGTCAAGCCC.1_2,like
CCTTCAGAGAATCGAT.1_2,mucous
CCTTCAGCAAATGAGT.1_2,Endocrine
CCTTGTGAGAATGTTG.1_2,like
CCTTTGGAGGACCCAA.1_2,mucous
CGAAGTTGTAGGGAGG.1_2,like
CGAAGTTGTCTACTGA.1_2,like
CGAATTGCATGCTGCG.1_2,like
CGACAGCTCTCGACGG.1_2,mucous
CGAGGAAGTCGAGATG.1_2,mucous
CGAGGCTGTACCCAGC.1_2,like
CGAGGCTGTGTCCGGT.1_2,like
CGAGTGCAGAATCCCT.1_2,mucous
CGAGTTAAGGTTATAG.1_2,mucous
CGATCGGGTGTTTCTT.1_2,mucous
CGATCGGTCTACACAG.1_2,Proliferating
CGATCGGTCTGCGAGC.1_2,mucous
CGATGGCCATCCAACA.1_2,mucous
CGATGGCCATCGCTCT.1_2,Endocrine
CGATGGCTCAGGTGTT.1_2,mucous
CGATGGCTCTAGACAC.1_2,mucous
CGCAGGTTCTTTCTAG.1_2,quality
CGCATAATCGTTGCCT.1_2,mucous
CGCATGGCACTCCCTA.1_2,like
CGCATGGGTATTGGCT.1_2,mucous
CGCCAGAAGAGAGCGG.1_2,like
CGCGTGATCTTGGCTC.1_2,like
CGGAACCCATGTGTCA.1_2,mucous
CGGAATTGTGACACGA.1_2,epithelial
CGGAGAATCCCGTGTT.1_2,Immune
CGGGCATTCGCGATCG.1_2,mucous
CGGGCATTCTCCCTAG.1_2,like
CGGGTGTTCTACACAG.1_2,like
CGTAAGTAGGGTTGCA.1_2,like
CGTAAGTCAACGACAG.1_2,epithelial
CGTAAGTCAACTCCCT.1_2,mucous
CGTAGTAAGCATTTGC.1_2,like
CGTCAAATCTCACGAA.1_2,like
CGTCCATCAGACAAAT.1_2,mucous
CGTGCTTAGGTGTGAC.1_2,mucous
CGTGCTTCACTACCGG.1_2,mucous
CGTGCTTTCTCGCTCA.1_2,quality
CGTTAGATCAAACCTG.1_2,mucous
CGTTCTGTCCGGGACT.1_2,mucous
CGTTGGGCATCCAACA.1_2,epithelial
CTAACCCAGGTCACTT.1_2,mucous
CTAACCCTCCTTCTTC.1_2,like
CTAAGTGTCCAGCACG.1_2,like
CTACATTAGTGCTAGG.1_2,mucous
CTACCCACAAATTGGA.1_2,like
CTACCTGAGCCGAATG.1_2,like
CTACCTGGTACGCTAT.1_2,like
CTACCTGGTTGTCAGT.1_2,mucous
CTACTATCATAAGATG.1_2,Proliferating
CTAGACATCTCCGATC.1_2,mucous
CTAGGTATCACCGGGT.1_2,mucous
CTATAGGTCCCATTTA.1_2,mucous
CTATCCGAGGGAGAAT.1_2,mucous
CTATCCGGTACAGTCT.1_2,mucous
CTCAACCGTCTCTCTG.1_2,like
CTCAATTTCACGGGCT.1_2,mucous
CTCAGAAAGCTAGCCC.1_2,like
CTCAGAACACAGAAGC.1_2,mucous
CTCAGTCTCAGCGTCG.1_2,like
CTCATTACAAATGGTA.1_2,mucous
CTCATTACAGACCCGT.1_2,mucous
CTCCAACGTGTCTAAC.1_2,mucous
CTCCATGAGAGACAAG.1_2,mucous
CTCCATGTCGGAGCAA.1_2,mucous
CTCCCAACAAGTACCT.1_2,mucous
CTCCCTCGTGAATATG.1_2,mucous
CTCCCTCTCGTGCATA.1_2,like
CTCCGATAGATGGGCT.1_2,like
CTCCGATAGTGGTTCT.1_2,Endocrine
CTCCGATGTAGTTACC.1_2,quality
CTCCTTTCACGACGTC.1_2,mucous
CTCCTTTCAGAGTAAT.1_2,mucous
CTCCTTTGTGTATTGC.1_2,Immune
CTCGAGGCAGCACGAA.1_2,quality
CTCGAGGGTGTTAGCT.1_2,mucous
CTCGAGGTCTCATTTG.1_2,mucous
CTCTCAGCATCACCAA.1_2,mucous
CTCTGGTAGGGACCAT.1_2,like
CTGAATGCATGTCTAG.1_2,mucous
CTGAATGGTTTCGATG.1_2,like
CTGAATGTCCGAGTGC.1_2,Immune
CTGATCCAGTGATAGT.1_2,mucous
CTGCAGGAGCTGTACT.1_2,mucous
CTGCAGGTCACATACG.1_2,Immune
CTGCCATAGTTGAAGT.1_2,mucous
CTGCCATTCCATTGTT.1_2,mucous
CTGCCATTCCTGTAGA.1_2,epithelial
CTGCCTACACGTATAC.1_2,mucous
CTGCCTACATGCAGCC.1_2,mucous
CTGCGAGCAAGTTCGT.1_2,Proliferating
CTGCTCACAAAGGGCT.1_2,like
CTGCTCACACATGTTG.1_2,mucous
CTGCTCAGTCCAGCGT.1_2,like
CTGGACGTCCACATAG.1_2,mucous
CTGGCAGAGAGAAGGT.1_2,quality
CTGGCAGAGCGTTACT.1_2,Endocrine
CTGGCAGGTTGTGGAG.1_2,like
CTGGCAGTCGAAGCAG.1_2,mucous
CTGGTCTCAGCACAAG.1_2,mucous
CTGGTCTCAGGAGACT.1_2,like
CTGTACCAGTGTTCAC.1_2,Immune
CTGTACCTCATACAGC.1_2,mucous
CTGTCGTAGAGATGCC.1_2,mucous
CTGTCGTAGATCCAAA.1_2,Endocrine
CTGTGAATCGTGCACG.1_2,mucous
CTGTGGGAGCTACTAC.1_2,mucous
CTTAGGAGTACCCGCA.1_2,mucous
CTTCAATCAGAGATGC.1_2,like
CTTCCGAGTACAGGTG.1_2,mucous
CTTCCGATCATGGCCG.1_2,like
CTTCTAATCGTGAGAG.1_2,mucous
CTTCTCTAGTAGGTTA.1_2,Endocrine
CTTCTCTCAGCCTACG.1_2,like
CTTGAGACAGACAATA.1_2,mucous
CTTGAGACATGCCGAC.1_2,like
CTTGAGAGTATAGCTC.1_2,mucous
CTTGATTGTATCTCTT.1_2,like
CTTTCAAGTAAGTTGA.1_2,mucous
CTTTCAATCTGCGGCA.1_2,mucous
CTTTCGGGTGGAACCA.1_2,mucous
GAAACCTAGTAAACTG.1_2,like
GAAATGACAGCTTCCT.1_2,Endocrine
GAACACTAGTAAACGT.1_2,mucous
GAACACTGTCTGTAAC.1_2,quality
GAACGTTGTCCGAAAG.1_2,like
GAAGAATGTACCATAC.1_2,mucous
GAAGCCCTCCCGATCT.1_2,like
GAAGCGAAGGGATGTC.1_2,mucous
GAAGGACTCCCATACC.1_2,like
GAAGGACTCTTTACAC.1_2,mucous
GAAGTAAGTCTCGGGT.1_2,mucous
GAATAGAGTCGAACAG.1_2,like
GAATAGATCCACGTCT.1_2,like
GAATCACCAGCGCGTT.1_2,mucous
GAATCGTAGCAGATAT.1_2,mucous
GAATCGTAGCGGCTCT.1_2,Proliferating
GACAGCCAGCTGGTGA.1_2,like
GACAGCCCACAAAGTA.1_2,like
GACAGCCGTACACGCC.1_2,mucous
GACAGCCGTGATTCTG.1_2,like
GACCAATCAGAAGCGT.1_2,like
GACCAATGTTGACTGT.1_2,like
GACCAATTCTCAACGA.1_2,mucous
GACCCTTCAATGTGGG.1_2,Immune
GACCCTTGTCTCCTGT.1_2,mucous
GACCGTGAGGACTATA.1_2,mucous
GACGTTAAGAGAGGTA.1_2,mucous
GACGTTACAGGGCTTC.1_2,like
GACTATGAGTCATCCA.1_2,like
GACTATGTCACGGAGA.1_2,like
GACTCAAGTGTTCATG.1_2,like
GACTCTCCAAAGCAAT.1_2,mucous
GACTCTCCAAAGCGTG.1_2,mucous
GACTGATAGGGATCTG.1_2,mucous
GACTGATCAAGCACCC.1_2,mucous
GAGAAATCACATTCTT.1_2,like
GAGACTTGTGTGACCC.1_2,like
GAGACTTGTTCTCGTC.1_2,mucous
GAGATGGTCAGAACCT.1_2,like
GAGGCAACACAGAAGC.1_2,like
GAGGCCTAGTTCTCTT.1_2,like
GAGGGATGTTAAGTCC.1_2,quality
GAGGGTAGTAGATCCT.1_2,Proliferating
GAGGGTAGTCTTTATC.1_2,mucous
GAGTCATCAAACTAGA.1_2,like
GAGTCATTCACCTTGC.1_2,like
GAGTCATTCGCTGATA.1_2,mucous
GAGTCTACAGTTAGAA.1_2,mucous
GAGTGTTAGCAATAGT.1_2,mucous
GAGTTACTCTAGAACC.1_2,mucous
GAGTTTGAGTCAGCCC.1_2,mucous
GAGTTTGCAAGTGGGT.1_2,mucous
GAGTTTGCAGTAACAA.1_2,like
GAGTTTGTCGAGAAAT.1_2,mucous
GATAGAACACCGCTAG.1_2,quality
GATAGCTAGATCGGTG.1_2,mucous
GATCACAAGAATCCCT.1_2,like
GATCACACACAGCCAC.1_2,like
GATCACATCCGACGGT.1_2,mucous
GATCACATCGTCCATC.1_2,like
GATCATGTCAGGTGTT.1_2,mucous
GATCCCTGTCATCGGC.1_2,mucous
GATCGTAGTGCTGCAC.1_2,like
GATGACTAGACGACGT.1_2,like
GATGACTAGTTGGAAT.1_2,like
GATGACTTCACGACTA.1_2,mucous
GATGAGGGTACGCTAT.1_2,mucous
GATGATCAGGCAGTCA.1_2,like
GATGCTAGTATGAAAC.1_2,like
GATGCTAGTGGTCTCG.1_2,mucous
GATGCTATCAATCAGC.1_2,mucous
GATGTTGGTAAGACCG.1_2,like
GATGTTGGTCCAGCGT.1_2,like
GATTCGAGTGCATGTT.1_2,mucous
GATTCGATCTCTAAGG.1_2,like
GATTGGTTCCAAAGGG.1_2,Endocrine
GCAACATTCAAGGCTT.1_2,mucous
GCAACCGCAGCGTACC.1_2,Immune
GCACGGTCAGTGCCTG.1_2,mucous
GCAGCCATCATGGATC.1_2,mucous
GCAGCTGCAAGATTGA.1_2,mucous
GCAGCTGTCGCTCCTA.1_2,mucous
GCAGTTAAGTAGACAT.1_2,like
GCATCTCAGCGTGCTC.1_2,like
GCATGATCAGATACCT.1_2,Proliferating
GCATGATCATATGAAG.1_2,mucous
GCATGATTCCACGTCT.1_2,like
GCATTAGGTAGCTCGC.1_2,Proliferating
GCATTAGTCCATTCGC.1_2,like
GCCAACGAGGCTGGAT.1_2,like
GCCAGGTCATTAAGCC.1_2,like
GCCAGGTTCATTACTC.1_2,like
GCCCAGAGTTAGCGGA.1_2,mucous
GCCCGAAAGCTCGCAC.1_2,Proliferating
GCCCGAAGTTCGGGTC.1_2,mucous
GCCGATGCAACCGGAA.1_2,like
GCCTGTTCACAACGTT.1_2,mucous
GCGATCGAGACTCAAA.1_2,mucous
GCGATCGGTCGTGATT.1_2,mucous
GCGGATCGTAGGGAGG.1_2,mucous
GCGTGCACACTTCATT.1_2,Immune
GCGTGCAGTATCCTCC.1_2,mucous
GCTACAACACAAGTTC.1_2,mucous
GCTACAAGTATCGCGC.1_2,like
GCTACAAGTCTCTCTG.1_2,mucous
GCTACAAGTGAAGCTG.1_2,like
GCTACAATCTATGCCC.1_2,epithelial
GCTACCTCAGACCGCT.1_2,quality
GCTACCTGTACAAACA.1_2,epithelial
GCTACCTGTCTTGCTC.1_2,mucous
GCTCAAAGTCCCGTGA.1_2,mucous
GCTGAATCAGGCACAA.1_2,mucous
GCTGAATTCGCCTCTA.1_2,like
GCTGAATTCGTGCAGC.1_2,mucous
GCTGCAGAGGTATTGA.1_2,epithelial
GCTGGGTAGGCATCTT.1_2,like
GCTGGGTGTGTCTTAG.1_2,like
GCTTCACAGGCCTTCG.1_2,mucous
GCTTCACAGGTTATAG.1_2,like
GCTTGGGCATTATGCG.1_2,Proliferating
GCTTTCGAGTATAGGT.1_2,like
GGAAGTGGTGAGCAGT.1_2,like
GGAATCTGTGTAAACA.1_2,mucous
GGAATGGGTTGCGAAG.1_2,like
GGACGTCTCCATGATG.1_2,like
GGAGAACCAAGGCGTA.1_2,like
GGAGATGAGTATCTGC.1_2,mucous
GGAGCAATCTCCGCAT.1_2,mucous
GGAGGATCAACCTATG.1_2,quality
GGAGGTAAGCGTCAAG.1_2,mucous
GGATCTATCCTGTTGC.1_2,mucous
GGATCTATCGAAGCCC.1_2,mucous
GGATGTTAGGTTAGTA.1_2,mucous
GGATGTTCACAGCCTG.1_2,like
GGATGTTCAGCTCTGG.1_2,mucous
GGATGTTCATGACACT.1_2,Proliferating
GGATGTTCATGTACGT.1_2,mucous
GGATGTTGTGGACCTC.1_2,Immune
GGCAGTCCACACGCCA.1_2,Immune
GGCAGTCCACCCAACG.1_2,mucous
GGCAGTCCACGACGAA.1_2,mucous
GGCAGTCTCTTTGCAT.1_2,mucous
GGGAAGTAGATCGACG.1_2,mucous
GGGAAGTCAATGACCT.1_2,mucous
GGGAAGTTCTCATAGG.1_2,mucous
GGGACCTCAAACGGCA.1_2,mucous
GGGACCTCAGTATACC.1_2,mucous
GGGACCTCATATGCGT.1_2,Immune
GGGACTCCAGAATTCC.1_2,like
GGGACTCCAGACAATA.1_2,like
GGGAGATTCCGGACGT.1_2,like
GGGATCCAGGGAGATA.1_2,mucous
GGGATGAGTTGCTTGA.1_2,Proliferating
GGGATGATCCACTTCG.1_2,mucous
GGGATGATCTCCACTG.1_2,mucous
GGGCGTTGTAGTATAG.1_2,like
GGGTATTAGGGATCAC.1_2,mucous
GGGTCACAGCGCCTAC.1_2,mucous
GGGTTATGTCACTGAT.1_2,Endocrine
GGGTTTAAGAAATTCG.1_2,like
GGGTTTATCGCCTATC.1_2,mucous
GGTAACTGTCGTCTCT.1_2,like
GGTAATCCACTGTCGG.1_2,mucous
GGTAATCGTGGCCACT.1_2,mucous
GGTAGAGGTTCGAAGG.1_2,mucous
GGTCTGGTCCTTCTTC.1_2,mucous
GGTGAAGAGTACGTCT.1_2,mucous
GGTGAAGCAATAAGGT.1_2,mucous
GGTGATTGTGGTGATG.1_2,mucous
GGTGTTATCGGCTCTT.1_2,Proliferating
GGTTAACGTGGAACCA.1_2,mucous
GGTTCTCGTAACTTCG.1_2,mucous
GGTTCTCGTGACACAG.1_2,like
GGTTCTCTCACAAGGG.1_2,like
GGTTCTCTCCTCGCAT.1_2,like
GGTTGTAAGAGTCAGC.1_2,epithelial
GGTTGTACACTGTGTA.1_2,like
GTAACACAGCGTATAA.1_2,like
GTAACACAGTCGTCTA.1_2,mucous
GTAACACTCCTCACCA.1_2,like
GTAAGTCGTTAGAGTA.1_2,like
GTAGAAATCGTCGGGT.1_2,mucous
GTAGAGGGTGGTCTCG.1_2,mucous
GTAGTACGTACCTATG.1_2,like
GTAGTACGTTGGACTT.1_2,mucous
GTAGTACTCGCGTTTC.1_2,like
GTATTTCGTTGCTGAT.1_2,mucous
GTCAAACCAATGTCAC.1_2,like
GTCAAACTCGCCCAGA.1_2,like
GTCAAGTAGTATGTAG.1_2,mucous
GTCAAGTGTGACGCCT.1_2,Immune
GTCAAGTTCGATTGGT.1_2,mucous
GTCACGGAGATTACCC.1_2,mucous
GTCACGGGTTGGGATG.1_2,mucous
GTCACGGTCCGTCACT.1_2,epithelial
GTCATGATCCATAGAC.1_2,mucous
GTCATTTTCTGTTGGA.1_2,mucous
GTCATTTTCTTGGATG.1_2,like
GTCCACTCACATTACG.1_2,mucous
GTCCCATGTCGGAACA.1_2,mucous
GTCCCATTCTAGCCTC.1_2,like
GTCCTCACACAAATGA.1_2,mucous
GTCCTCAGTAGTGGCA.1_2,mucous
GTCGCGATCACCTCGT.1_2,mucous
GTCGTTCCACCTCTAC.1_2,mucous
GTCTACCCACTGGACC.1_2,epithelial
GTCTAGATCGTGTCAA.1_2,Immune
GTCTCACTCGAGAACG.1_2,like
GTCTGTCAGGATGAGA.1_2,mucous
GTGACGCTCGTAACCA.1_2,mucous
GTGAGTTCATCTATCT.1_2,epithelial
GTGATGTCAATTCTTC.1_2,epithelial
GTGCACGAGCTTCATG.1_2,mucous
GTGCACGGTGTGGACA.1_2,mucous
GTGCACGTCTACTTCA.1_2,epithelial
GTGCGTGGTTTGGCTA.1_2,mucous
GTGCTGGGTGTCCACG.1_2,Immune
GTGCTGGTCACGGACC.1_2,mucous
GTGCTTCAGAGGCTGT.1_2,Immune
GTGCTTCCAAAGAACT.1_2,mucous
GTGCTTCTCACCTCTG.1_2,mucous
GTGCTTCTCCCGAACG.1_2,like
GTGGAGATCTCGCTCA.1_2,mucous
GTGGGAACAACTGCTA.1_2,like
GTGGTTACAAGCTGTT.1_2,mucous
GTGTCCTTCGTTAGTG.1_2,mucous
GTGTTAGAGAGTTGAT.1_2,like
GTTACAGGTACTGCGC.1_2,mucous
GTTACCCAGTTACTCG.1_2,like
GTTACCCGTACAAAGT.1_2,like
GTTACCCTCGTCGATA.1_2,mucous
GTTACGACACTCGATA.1_2,mucous
GTTAGACCACCCAAGC.1_2,Endocrine
GTTAGTGAGAATTGTG.1_2,like
GTTAGTGTCATGCATG.1_2,mucous
GTTAGTGTCCATACAG.1_2,like
GTTATGGGTGCGTTTA.1_2,like
GTTATGGTCCGTACGG.1_2,Proliferating
GTTCCGTCACCGAATT.1_2,mucous
GTTCGCTAGACCATGG.1_2,quality
GTTCGCTAGAGTCAAT.1_2,like
GTTCGCTGTCTCACGG.1_2,mucous
GTTCTATTCACTTATC.1_2,Proliferating
GTTGAACAGGGCAAGG.1_2,mucous
GTTGAACAGGTTGAGC.1_2,like
GTTGAACTCAAGCCTA.1_2,mucous
GTTGCGGAGAAGGATG.1_2,Immune
GTTGCTCTCAAGGACG.1_2,Immune
GTTGTAGCAAGCGGAT.1_2,mucous
GTTGTAGGTTCTGACA.1_2,like
GTTGTCCTCAGCGCAC.1_2,mucous
GTTGTGAAGCACTAGG.1_2,like
GTTTGGATCAATGCAC.1_2,mucous
TAACCAGCAGTACTAC.1_2,mucous
TAACCAGTCTAGGCAT.1_2,like
TAAGCACGTGTCACAT.1_2,like
TAAGCCAAGCATGTTC.1_2,like
TAAGCCATCAGTGGGA.1_2,mucous
TAAGCCATCCTGGTCT.1_2,like
TAAGCGTAGATGAACT.1_2,like
TAAGCGTAGGTCACCC.1_2,like
TAATTCCCATTGAAGA.1_2,like
TACAACGTCACGAGGA.1_2,mucous
TACAACGTCTAAGCCA.1_2,mucous
TACACCCCAGCACACC.1_2,Endocrine
TACACCCCAGCACGAA.1_2,like
TACAGGTCAATGTTGC.1_2,mucous
TACAGGTCACTGATTG.1_2,like
TACAGGTTCGATGCTA.1_2,mucous
TACAGGTTCGCACGAC.1_2,Endocrine
TACATTCAGCAGCACA.1_2,mucous
TACATTCCAATGTGGG.1_2,quality
TACCCACAGAAGCGGG.1_2,like
TACCCACGTTTCGGCG.1_2,quality
TACCCGTCAATAAGGT.1_2,like
TACCGAAAGCACCAGA.1_2,Proliferating
TACCGAACATGCACTA.1_2,mucous
TACCGGGCAAGACAAT.1_2,like
TACCGGGCAAGTTGGG.1_2,quality
TACCGGGGTGGCATCC.1_2,mucous
TACCGGGGTTATTCTC.1_2,quality
TACCTCGAGGGTGGGA.1_2,mucous
TACGCTCCAATCTCGA.1_2,mucous
TACGGTATCGAACACT.1_2,mucous
TACTGCCAGTCGTTAC.1_2,like
TACTGCCCAGTAGAAT.1_2,epithelial
TACTGCCTCAAATAGG.1_2,like
TACTTCAGTCTCGCGA.1_2,like
TACTTGTAGACACACG.1_2,like
TACTTGTAGGGTATAT.1_2,like
TACTTGTCAAAGGATT.1_2,mucous
TACTTGTCACGGCACT.1_2,mucous
TACTTGTGTGAAGCGT.1_2,mucous
TAGACCAAGCCAAGCA.1_2,mucous
TAGACCAGTAAGTCAA.1_2,Endocrine
TAGACTGTCCGTGTGG.1_2,Proliferating
TAGAGTCGTGTCCCTT.1_2,quality
TAGAGTCTCACCTCGT.1_2,mucous
TAGATCGGTTGTAAAG.1_2,Proliferating
TAGCACAGTACGTAGG.1_2,Endocrine
TAGGAGGTCGAACACT.1_2,mucous
TAGGTACAGAGAGTTT.1_2,quality
TAGGTTGAGATGGTAT.1_2,mucous
TAGGTTGAGTACTCGT.1_2,mucous
TAGGTTGGTAATGTGA.1_2,mucous
TAGTGCAGTAACGATA.1_2,epithelial
TAGTGCAGTTCCTAGA.1_2,like
TATACCTAGCTAGCCC.1_2,like
TATATCCTCCATCTGC.1_2,like
TATCAGGTCATGCTAG.1_2,like
TATCTGTTCAGTGTTG.1_2,Proliferating
TATCTGTTCGGCCCAA.1_2,Proliferating
TATCTTGCAAGCCCAC.1_2,mucous
TATCTTGGTCCTCCAT.1_2,Proliferating
TATGTTCCAGGCAATG.1_2,mucous
TATGTTCGTGCTAGCC.1_2,like
TATTCCAAGGAAGTCC.1_2,mucous
TATTCCAGTACATTGC.1_2,like
TATTCCATCATACAGC.1_2,mucous
TATTCCATCGCCAGAC.1_2,mucous
TATTGCTCAAAGGAGA.1_2,like
TATTGGGTCATTCTTG.1_2,like
TATTTCGAGTATGAAC.1_2,quality
TCAAGACTCTGTCCGT.1_2,mucous
TCAATCTCATAATGAG.1_2,mucous
TCAATCTGTGAGATTA.1_2,like
TCAATCTTCGGCATAT.1_2,like
TCAATTCCAAACACCT.1_2,quality
TCAATTCCATACCACA.1_2,like
TCACACCAGACAAGCC.1_2,mucous
TCACACCCACAATGCT.1_2,mucous
TCACACCCATTCTGTT.1_2,like
TCACACCGTGATCGTT.1_2,like
TCACTATGTCATAACC.1_2,mucous
TCACTATGTTCTCCTG.1_2,like
TCACTCGTCCGAACGC.1_2,mucous
TCACTCGTCCGTGGGT.1_2,mucous
TCACTCGTCGTAGAGG.1_2,epithelial
TCAGCAAAGCGCATCC.1_2,epithelial
TCAGGGCAGAACGTGC.1_2,like
TCAGTCCTCGAGTGGA.1_2,like
TCATATCCAAACTCGT.1_2,Endocrine
TCATATCCATCCGCGA.1_2,mucous
TCATCATCAAGGCAAC.1_2,mucous
TCATGAGGTCGAGTTT.1_2,like
TCATGCCGTTCACCGG.1_2,mucous
TCATGTTTCGTAATGC.1_2,like
TCATTCACACTAGGCC.1_2,like
TCATTCAGTCTACGTA.1_2,like
TCCACGTGTACTTCCC.1_2,like
TCCAGAAGTCGCACAC.1_2,mucous
TCCATGCAGGTGCAGT.1_2,quality
TCCATGCGTTTAGTCG.1_2,quality
TCCATGCTCACCATAG.1_2,Immune
TCCATGCTCTTGATTC.1_2,mucous
TCCCAGTCAGGATGAC.1_2,mucous
TCCCAGTTCCTCTTTC.1_2,epithelial
TCCCATGTCACCTCTG.1_2,like
TCCGAAACAGGCCTGT.1_2,mucous
TCCGATCCAAGTTCGT.1_2,mucous
TCCTCCCCAGAGACTG.1_2,like
TCCTCGAAGAGAACCC.1_2,Proliferating
TCCTCTTAGCACAAAT.1_2,like
TCCTCTTAGGCAATGC.1_2,like
TCCTCTTAGTCGCGAA.1_2,mucous
TCCTCTTCAGCAATTC.1_2,like
TCCTCTTTCAGCTTGA.1_2,like
TCCTGCAGTATTAAGG.1_2,mucous
TCCTTTCAGAGTCCGA.1_2,mucous
TCGAACAGTTCCTAGA.1_2,mucous
TCGACGGGTGATGGCA.1_2,like
TCGATTTGTCAGACTT.1_2,mucous
TCGCACTAGGGAGTGG.1_2,Endocrine
TCGCAGGAGAAGAGCA.1_2,mucous
TCGCTTGCAGCCTATA.1_2,like
TCGCTTGGTCCCTAAA.1_2,mucous
TCGCTTGTCCATCTGC.1_2,like
TCGCTTGTCCTCATAT.1_2,Proliferating
TCGGATACAAAGACTA.1_2,like
TCGGATATCAAACCTG.1_2,mucous
TCGGGACCACGAAGAC.1_2,mucous
TCGGGCAAGTGCAGGT.1_2,quality
TCGGGCATCCTCACGT.1_2,mucous
TCGGGTGAGAGTGACC.1_2,mucous
TCGTAGACACTTGACA.1_2,mucous
TCGTCCAGTATAGCTC.1_2,mucous
TCGTGGGCATCCAACA.1_2,quality
TCGTGGGGTCGCGGTT.1_2,mucous
TCTACATAGGTGAGCT.1_2,like
TCTACATGTCACGACC.1_2,mucous
TCTATCAGTACCTAAC.1_2,like
TCTATCAGTTAAAGTG.1_2,mucous
TCTATCATCATCACAG.1_2,mucous
TCTCACGAGGAAAGTG.1_2,like
TCTCAGCGTTGCTGAT.1_2,like
TCTGCCACAGCGGTTC.1_2,like
TCTGCCAGTGTCCCTT.1_2,mucous
TCTGCCATCGCTACGG.1_2,Proliferating
TCTGGCTAGAGAGTTT.1_2,like
TCTGGCTTCCCACAGG.1_2,like
TCTTAGTTCCCAGGCA.1_2,epithelial
TCTTGCGAGTGGTCAG.1_2,mucous
TCTTTGAAGCAGTACG.1_2,mucous
TCTTTGAGTGGTTTGT.1_2,mucous
TGAACGTAGTCGGGAT.1_2,mucous
TGAATCGCAAATAGCA.1_2,mucous
TGAATCGCATTGTGCA.1_2,like
TGACCCTGTTAAACCC.1_2,mucous
TGACCCTTCGCACGGT.1_2,mucous
TGAGACTTCCATAGGT.1_2,mucous
TGAGCATTCTCTTAAC.1_2,Endocrine
TGAGCGCCACCACATA.1_2,mucous
TGAGGTTTCCATCTAT.1_2,mucous
TGAGTCAAGGGACCAT.1_2,like
TGATCAGGTTAGCGGA.1_2,like
TGATCTTCAGGTACGA.1_2,mucous
TGATCTTGTCACCCTT.1_2,quality
TGATCTTGTGGCTGAA.1_2,mucous
TGATGGTTCAGACCCG.1_2,like
TGATTCTGTGTGTGTT.1_2,Endocrine
TGATTTCAGAACCGCA.1_2,like
TGATTTCAGGATCATA.1_2,epithelial
TGATTTCTCATGCTAG.1_2,mucous
TGCACGGAGCAGCAGT.1_2,mucous
TGCACGGAGTAGGCCA.1_2,like
TGCACGGGTAAGACCG.1_2,like
TGCAGATTCCTAAACG.1_2,quality
TGCAGGCTCAAGTAAG.1_2,mucous
TGCAGTAAGACTCTAC.1_2,mucous
TGCATCCTCGACCACG.1_2,like
TGCATGACAATGTCTG.1_2,Immune
TGCATGAGTTAGGACG.1_2,quality
TGCATGATCGTGGAAG.1_2,mucous
TGCCGAGCAATTGCTG.1_2,like
TGCGACGAGTGATAGT.1_2,mucous
TGCGATAAGATAACGT.1_2,like
TGCGATAAGTAGTCAA.1_2,like
TGCGATATCCACCTGT.1_2,mucous
TGCGGCAAGCGAGAAA.1_2,like
TGCGGGTGTCGAGTTT.1_2,mucous
TGCTCCAGTTTAGAGA.1_2,mucous
TGCTCGTAGCGAGTCA.1_2,like
TGCTCGTGTGTTCCTC.1_2,mucous
TGCTCGTTCTGGTGGC.1_2,mucous
TGCTGAAAGGTTGAGC.1_2,Immune
TGCTTCGAGCCGATTT.1_2,mucous
TGCTTGCAGTAACGTA.1_2,like
TGGAACTCAGGCACTC.1_2,like
TGGAACTGTCGTTGGC.1_2,mucous
TGGAACTGTTATGTGC.1_2,Immune
TGGAACTTCACGAACT.1_2,like
TGGAGAGCAGGATGAC.1_2,mucous
TGGATCAAGCTAGCCC.1_2,quality
TGGATCAGTACAGTTC.1_2,mucous
TGGATGTAGAGCTGAC.1_2,quality
TGGATGTAGATGCAGC.1_2,like
TGGATGTCAACGACAG.1_2,like
TGGATGTCACGTTCGG.1_2,mucous
TGGATGTTCATGCCCT.1_2,mucous
TGGCGTGCAAACCATC.1_2,mucous
TGGCGTGGTATGGTAA.1_2,mucous
TGGCGTGTCAAGTAAG.1_2,mucous
TGGCGTGTCGACATTG.1_2,mucous
TGGGAAGCACGTTGGC.1_2,like
TGGGAGAGTGCTGATT.1_2,mucous
TGGGAGAGTGCTTCAA.1_2,mucous
TGGTAGTAGTGAGGCT.1_2,mucous
TGGTAGTCAGTCGCTG.1_2,like
TGGTGATAGGAACATT.1_2,mucous
TGGTGATAGTTGCATC.1_2,like
TGGTTAGCAGTCGGAA.1_2,like
TGTAACGCATGGACAG.1_2,like
TGTAACGTCCCAATAG.1_2,mucous
TGTACAGGTCAGTCCG.1_2,like
TGTCCCAGTGTTCGAT.1_2,like
TGTCCTGCAACCAACT.1_2,like
TGTCCTGGTCGAGATG.1_2,like
TGTGAGTGTGAGCTCC.1_2,mucous
TGTGAGTTCAACTGGT.1_2,mucous
TGTGAGTTCGCCTAGG.1_2,quality
TGTGCGGAGTCCCAAT.1_2,like
TGTTCATAGGGAGGTG.1_2,mucous
TGTTCTAGTTAAGCAA.1_2,like
TGTTGGAAGGTAAGGA.1_2,mucous
TGTTGGAGTACATTGC.1_2,mucous
TGTTTGTAGATGGTCG.1_2,mucous
TTACCATTCGTTCTCG.1_2,mucous
TTACCATTCTGTCTCG.1_2,mucous
TTACCGCCAGAGATTA.1_2,mucous
TTACGCCAGAATACAC.1_2,like
TTACGCCAGATCGCCC.1_2,like
TTACTGTCATGACGGA.1_2,like
TTAGGCAGTTTACTGG.1_2,Endocrine
TTAGGCATCGCTCTAC.1_2,mucous
TTAGGGTAGCTGTTCA.1_2,like
TTAGTCTCAACCGCTG.1_2,mucous
TTATTGCCACAACCGC.1_2,mucous
TTATTGCTCGGTGTAT.1_2,Endocrine
TTCACCGCAAGGTACG.1_2,like
TTCACCGCACCTGCAG.1_2,Proliferating
TTCACGCGTTGCATTG.1_2,like
TTCAGGAGTAGGCAAC.1_2,mucous
TTCATGTCACCTGCTT.1_2,mucous
TTCATGTCACTGAGGA.1_2,mucous
TTCATTGCACCCATAA.1_2,mucous
TTCATTGTCGTGACTA.1_2,mucous
TTCCAATCAGCGTACC.1_2,mucous
TTCCAATGTCACTGAT.1_2,epithelial
TTCCAATGTTGCCTAA.1_2,like
TTCCACGAGAAGCGGG.1_2,mucous
TTCCACGGTGCATGTT.1_2,like
TTCCGGTGTCGAGTGA.1_2,like
TTCCGTGAGCCGTAAG.1_2,mucous
TTCCGTGCATAGGTTC.1_2,mucous
TTCCTAACAGTAACGG.1_2,mucous
TTCCTCTAGTTGAATG.1_2,like
TTCCTTCAGGAAGTGA.1_2,epithelial
TTCGATTAGGTAACTA.1_2,mucous
TTCGATTCATGTTCGA.1_2,quality
TTCGCTGAGCAACAAT.1_2,Endocrine
TTCGCTGCACATGAAA.1_2,mucous
TTCTAACCAGCTCATA.1_2,quality
TTCTGTAAGGGAGGCA.1_2,Endocrine
TTCTGTAGTACAGAGC.1_2,mucous
TTGAACGCAACTGAAA.1_2,Endocrine
TTGACCCCAAAGGAGA.1_2,mucous
TTGACCCCAGGACAGT.1_2,mucous
TTGAGTGTCGTCAAAC.1_2,mucous
TTGATGGCAAGTAGTA.1_2,mucous
TTGATGGGTTATAGAG.1_2,quality
TTGATGGGTTCGGCGT.1_2,like
TTGCTGCGTTAGCGGA.1_2,mucous
TTGGATGAGTGGAAAG.1_2,like
TTGGATGTCCTGTAAG.1_2,mucous
TTGGGATAGGTCGCCT.1_2,like
TTGGGATTCCGATCTC.1_2,Immune
TTGGGCGAGTAATCCC.1_2,mucous
TTGGGTATCCTTGGAA.1_2,mucous
TTGTGGAAGCGTCAGA.1_2,Proliferating
TTGTTCAAGCGAAACC.1_2,mucous
TTGTTCACAGTCGAGA.1_2,like
TTGTTCATCTACGGTA.1_2,like
TTGTTGTGTTTCGTGA.1_2,like
TTGTTTGTCTGTCCCA.1_2,like
TTTACGTAGCTGTGCC.1_2,like
TTTAGTCCAAACACCT.1_2,mucous
TTTCACAAGTTGGAGC.1_2,Endocrine
TTTCACAGTGTTAACC.1_2,mucous
TTTCATGAGAACCCGA.1_2,like
TTTCATGAGATTGAGT.1_2,like
TTTCATGAGGGCCTCT.1_2,mucous
TTTCATGCACTGTCGG.1_2,like
TTTCATGTCAGACCCG.1_2,mucous
TTTCCTCTCTGGGATT.1_2,mucous
TTTCGATAGCTTTCTT.1_2,mucous
TTTCGATGTTAAGCAA.1_2,mucous
TTTCGATGTTCCAGGC.1_2,mucous
TTTCGATTCAGAATAG.1_2,mucous
TTTGATCAGCTAAATG.1_2,mucous
TTTGGAGGTCGTTATG.1_2,like
TTTGGTTCACAGCCTG.1_2,like
AAACGCTAGATGGTCG.1_3,Immune
AAAGGGCCAAAGCAAT.1_3,like
AAAGGGCCACGTCGTG.1_3,quality
AAAGGTAGTATCGAAA.1_3,Immune
AAAGTCCAGAAGCCTG.1_3,Immune
AAAGTGAGTAGGCTCC.1_3,Immune
AAATGGAAGCGTCTCG.1_3,Endocrine
AACAAAGTCACTTTGT.1_3,Immune
AACAAGACAATGAACA.1_3,Proliferating
AACACACAGTTTGCTG.1_3,Immune
AACACACTCTCATTGT.1_3,like
AACCAACGTTGGACTT.1_3,Immune
AACCACACACCCTTGT.1_3,Immune
AACCACATCGCTCCTA.1_3,like
AACCATGGTCACCTTC.1_3,Immune
AACCATGTCCGACGGT.1_3,Immune
AACCTGAAGAGGACTC.1_3,like
AACGAAACAGAGTGAC.1_3,like
AAGACTCAGGTCATTC.1_3,Immune
AAGACTCGTGATGAAT.1_3,quality
AAGCATCTCACTCCGT.1_3,Immune
AAGCATCTCTACTATC.1_3,like
AAGCCATCAGCACAAG.1_3,Immune
AAGCCATTCTCTCAAT.1_3,Immune
AAGCGAGGTCGTGGAA.1_3,like
AAGGAATTCAAGGACG.1_3,Immune
AAGGTAAGTACGTGTT.1_3,Immune
AAGTACCTCATGGATC.1_3,quality
AAGTCGTGTCAAAGCG.1_3,Immune
AATAGAGTCAGAGCAG.1_3,Immune
AATCGTGTCCGAGATT.1_3,quality
AATGAAGAGGTTCTAC.1_3,Immune
AATGAAGCAAACCACT.1_3,mucous
AATGCCATCTTGGGCG.1_3,like
AATGGAAAGCTCTATG.1_3,like
AATGGAATCAACTTTC.1_3,like
AATGGAATCCCGTTGT.1_3,Immune
AATTTCCAGAGCAGAA.1_3,Immune
ACAAGCTGTTTCCATT.1_3,Immune
ACAAGCTTCACAGAGG.1_3,Immune
ACACAGTCAACGGCCT.1_3,like
ACACCAAGTCCTCCTA.1_3,Immune
ACACGCGAGTTGGCTT.1_3,quality
ACAGAAAGTCGTTGCG.1_3,Immune
ACAGCCGAGATGATTG.1_3,Immune
ACAGGGAGTGTTGACT.1_3,like
ACATCGACATCTGGGC.1_3,Immune
ACATCGAGTATGTCCA.1_3,like
ACATGCAGTTACCGTA.1_3,Immune
ACATTTCGTTCCTTGC.1_3,Immune
ACCAACAGTCGTTTCC.1_3,like
ACCATTTAGGTCGAGT.1_3,like
ACCCAAAAGTTACGTC.1_3,Immune
ACCCAAATCGTCGATA.1_3,Immune
ACCCTCAAGCTTAGTC.1_3,Immune
ACCCTCATCAAGCCGC.1_3,Immune
ACCCTTGAGTCATGCT.1_3,Immune
ACCTGTCGTTGCCGCA.1_3,quality
ACGATCATCGTTAGTG.1_3,like
ACGATGTCACTTCAGA.1_3,like
ACGGAAGGTCACTCGG.1_3,like
ACGGTTATCGCTGATA.1_3,quality
ACGTAACGTCACCACG.1_3,quality
ACGTAACTCCTAAGTG.1_3,quality
ACGTACATCGCCGATG.1_3,Immune
ACGTAGTGTCTAGGTT.1_3,Immune
ACGTCCTGTTCAGCGC.1_3,Immune
ACTACGATCGGTGTTA.1_3,like
ACTATCTCAGTAACAA.1_3,Immune
ACTATCTTCTAGATCG.1_3,Immune
ACTATGGCACTCAAGT.1_3,Endocrine
ACTATGGTCAACCTCC.1_3,quality
ACTATGGTCATTACTC.1_3,like
ACTATTCTCGCAGTGC.1_3,like
ACTCCCAGTTCGGTTA.1_3,Immune
ACTCTCGAGGCATCGA.1_3,Immune
ACTGATGAGACAGTCG.1_3,like
ACTGATGCACTGTTCC.1_3,Immune
ACTGATGCAGAAGCGT.1_3,Immune
ACTGCAAAGGTCGCCT.1_3,Immune
ACTGTCCGTAACACCT.1_3,quality
ACTGTGAAGGTTGAGC.1_3,Immune
ACTGTGAGTCATCTAG.1_3,Immune
ACTTAGGGTGTATTGC.1_3,Endocrine
ACTTCGCAGGCACTAG.1_3,Immune
ACTTCGCCAGTCAACT.1_3,Immune
ACTTCGCCATATTCGG.1_3,Immune
ACTTCGCTCCTGTACC.1_3,quality
ACTTCGCTCGTTAGTG.1_3,Immune
ACTTTCAAGTTGGAAT.1_3,Immune
ACTTTCAGTGCCTGCA.1_3,Endocrine
ACTTTCAGTGCTGTCG.1_3,quality
AGAACCTAGGGAGATA.1_3,like
AGAACCTTCGAACCAT.1_3,Immune
AGAAGTACACGTGTGC.1_3,like
AGACCCGGTTGAGAGC.1_3,Immune
AGACTCACAAGTCCCG.1_3,like
AGACTCAGTGGACTGA.1_3,quality
AGAGAATTCGTGTTCC.1_3,like
AGAGAGCCAGCTATTG.1_3,like
AGAGAGCTCGAACTCA.1_3,like
AGAGCAGCATCATGAC.1_3,quality
AGAGCAGGTCGTGCCA.1_3,Immune
AGATGAAGTGACTCTA.1_3,quality
AGCATCAGTCTCGGGT.1_3,mucous
AGCCACGAGCCATATC.1_3,Proliferating
AGCCACGCAGCAGTCC.1_3,Immune
AGCCACGTCAGATGCT.1_3,Immune
AGCGATTCACCTGATA.1_3,Endocrine
AGCGCTGTCCCGAGTG.1_3,Immune
AGCTCAACATTGAAAG.1_3,Immune
AGGACTTAGTCATTGC.1_3,Endocrine
AGGACTTTCAAGCCCG.1_3,like
AGGAGGTAGCTGCCAC.1_3,Immune
AGGAGGTCAATGTCTG.1_3,like
AGGATCTAGAGTTGCG.1_3,Immune
AGGATCTGTTACGCCG.1_3,Immune
AGGATCTTCGCATTAG.1_3,Endocrine
AGGGCCTGTAACAGGC.1_3,Proliferating
AGGGCTCTCCGATTAG.1_3,Endocrine
AGGGTCCGTCTACATG.1_3,Immune
AGGGTTTAGAAGAGCA.1_3,Endocrine
AGGTCTACAGACCCGT.1_3,Immune
AGGTTACTCAGCCCAG.1_3,Immune
AGTACCAGTTCCAGGC.1_3,quality
AGTACCATCTGCCTGT.1_3,Immune
AGTAGCTAGTCCCGAC.1_3,Immune
AGTAGTCTCCGTGGTG.1_3,Immune
AGTCAACCACATGTTG.1_3,like
AGTCAACGTCTAACTG.1_3,like
AGTCATGAGGTTGGTG.1_3,quality
AGTCATGCAATTGCAC.1_3,Immune
AGTCATGTCGAACGCC.1_3,quality
AGTGACTCATTAAGCC.1_3,Immune
AGTGATCAGTGCAGGT.1_3,Immune
AGTGATCCAGTGTGCC.1_3,Immune
AGTGCCGTCCACTGAA.1_3,like
AGTGTTGCAGCGCGTT.1_3,quality
AGTGTTGTCTGAGAAA.1_3,like
AGTTAGCTCTAACGGT.1_3,Immune
ATACCGACAAACGTGG.1_3,Immune
ATACCGATCGACGCTG.1_3,quality
ATACTTCTCCCAGGCA.1_3,Immune
ATAGGCTAGCTGTTCA.1_3,Endocrine
ATCACGAGTTCCGCTT.1_3,Immune
ATCACTTGTATGCAAA.1_3,Immune
ATCAGGTAGCCACCGT.1_3,like
ATCAGGTAGGCATGCA.1_3,like
ATCATTCCAAACTCGT.1_3,Immune
ATCATTCCAATGCAGG.1_3,Immune
ATCATTCCAGAGTGTG.1_3,quality
ATCCATTAGGACGGAG.1_3,Immune
ATCCATTGTAGAGCTG.1_3,Immune
ATCCATTTCTGAGATC.1_3,Immune
ATCGCCTAGCCAAGTG.1_3,like
ATCGGCGGTCAGCTTA.1_3,quality
ATCGGCGTCATCTATC.1_3,like
ATCGTAGGTGCCTACG.1_3,quality
ATCGTCCCAGAGATTA.1_3,Endocrine
ATCGTCCGTCTGCGCA.1_3,Immune
ATCGTCCGTTCGGTAT.1_3,Proliferating
ATCGTGAGTGTTACAC.1_3,Immune
ATCTCTAGTGTATACC.1_3,Immune
ATCTTCAAGAGGGCGA.1_3,Immune
ATGAAAGAGGGCTGAT.1_3,Immune
ATGACCAAGTGATAGT.1_3,quality
ATGACCAAGTGCTACT.1_3,Immune
ATGACCACACTGTGTA.1_3,like
ATGCATGTCTGAGGCC.1_3,Endocrine
ATGCCTCGTAAGTTGA.1_3,quality
ATGGGAGTCAAGTCGT.1_3,Immune
ATGGTTGAGATGCAGC.1_3,like
ATGGTTGGTTGCGGAA.1_3,like
ATGGTTGGTTGTGTTG.1_3,Immune
ATTACCTAGACATAAC.1_3,like
ATTATCCCACCTAAAC.1_3,like
ATTCACTCACGATAGG.1_3,like
ATTCAGGGTGGTCCGT.1_3,Immune
ATTCCATAGGCAGTCA.1_3,Immune
ATTCCATTCACTTTGT.1_3,Immune
ATTCCTAAGATGGGCT.1_3,Immune
ATTCCTATCATTACTC.1_3,Immune
ATTCGTTTCGTTAGTG.1_3,Immune
ATTCTACCAATCAGCT.1_3,Immune
ATTTACCGTTCGGCTG.1_3,Immune
ATTTCTGCACAACGAG.1_3,Immune
CAACAACCAGAGAGGG.1_3,Immune
CAACAGTAGGACTATA.1_3,Immune
CAACAGTAGTTGGAAT.1_3,Immune
CAACAGTCATAGTCAC.1_3,quality
CAACGATCACTAAACC.1_3,like
CAAGAGGTCCGGGACT.1_3,Immune
CAAGCTATCTGACCCT.1_3,like
CAATCGAAGCGTCTCG.1_3,Immune
CAATCGACAAAGGTTA.1_3,Immune
CAATTTCCATAGGTTC.1_3,Immune
CAATTTCTCGTAACCA.1_3,Proliferating
CACAACATCGACGACC.1_3,quality
CACACAAAGGAGAGGC.1_3,quality
CACATGAGTTCAGGTT.1_3,Immune
CACCGTTCACGACAGA.1_3,quality
CACGGGTGTGTGCCTG.1_3,Immune
CACGTGGCACGTCATA.1_3,like
CACGTTCCAACCTAAC.1_3,Immune
CACGTTCCAAGTTCGT.1_3,Immune
CACGTTCGTAACGCGA.1_3,like
CACGTTCGTCCGTACG.1_3,Immune
CACTAAGAGAGCTGCA.1_3,Immune
CACTAAGAGATCCAAA.1_3,Immune
CACTAAGAGCTAGAGC.1_3,Proliferating
CACTAAGAGGCTCTAT.1_3,like
CACTGGGAGAGGGTCT.1_3,like
CACTGGGGTGATTAGA.1_3,like
CACTTCGGTACGATCT.1_3,like
CAGATTGTCCTCACCA.1_3,Proliferating
CAGCAATAGAGCAAGA.1_3,like
CAGCGTGAGCGACTAG.1_3,quality
CAGGCCACAATGACCT.1_3,Immune
CAGGCCACATCCAACA.1_3,like
CAGGTATCATCAGCAT.1_3,like
CAGGTATGTCACATTG.1_3,Immune
CATACAGCAACTGCTA.1_3,like
CATACAGCACAACGAG.1_3,Immune
CATACAGCACTAGGTT.1_3,Immune
CATACAGCATCGGAAG.1_3,Immune
CATACTTCAGCGACCT.1_3,like
CATAGACGTTAATGAG.1_3,Immune
CATCAAGAGAGGTTTA.1_3,like
CATCCACCATACAGCT.1_3,like
CATCCGTAGGGTCTTT.1_3,Proliferating
CATCCGTTCGCAACAT.1_3,Immune
CATCGCTGTCTGGTTA.1_3,Immune
CATCGTCAGGTTGAGC.1_3,Immune
CATGCGGGTAACTAAG.1_3,like
CATGCGGGTCACTAGT.1_3,like
CATTCATGTGGATTTC.1_3,Immune
CATTCCGCACATTGTG.1_3,like
CATTCTAGTGCAAGAC.1_3,Immune
CATTGAGGTCGTTATG.1_3,Endocrine
CATTGCCCATCCGCGA.1_3,quality
CCAATGAGTCAGGTAG.1_3,quality
CCAATTTTCGGTGTAT.1_3,like
CCACAAAAGCTCCGAC.1_3,quality
CCACCATAGCTACAAA.1_3,Immune
CCACCATCACTATGTG.1_3,Immune
CCACCATTCGTGGACC.1_3,quality
CCACGAGCAGGCTACC.1_3,Proliferating
CCACGTTAGACTTCGT.1_3,Endocrine
CCACTTGGTGCATTTG.1_3,Immune
CCATAAGTCTACGGGC.1_3,like
CCATCACTCAAAGACA.1_3,Immune
CCATCACTCCACTGAA.1_3,Immune
CCCAACTGTGAATATG.1_3,quality
CCCAACTTCGCGTCGA.1_3,like
CCCATTGTCCGATAGT.1_3,Proliferating
CCCGAAGTCAAGGTGG.1_3,like
CCCGGAAGTGGTTTGT.1_3,Endocrine
CCCTAACCATCGGTTA.1_3,quality
CCCTGATAGCATACTC.1_3,Immune
CCCTTAGTCCACACCT.1_3,Immune
CCGATCTCAAGTATCC.1_3,Immune
CCGCAAGCAAACTAAG.1_3,Proliferating
CCGGACACATGCCATA.1_3,Immune
CCGGTGAGTGGGACAT.1_3,like
CCGGTGATCATTGCTT.1_3,like
CCGTAGGTCCTCATAT.1_3,Immune
CCGTGAGGTCTCTCAC.1_3,like
CCTAAGACAGTCAACT.1_3,Immune
CCTCAACTCGTAGCTA.1_3,Immune
CCTCAGTAGCGTGCTC.1_3,like
CCTCAGTCATGAGGGT.1_3,like
CCTCATGGTGCTGCAC.1_3,like
CCTCTCCCAGAGATTA.1_3,like
CCTCTCCTCAGACCCG.1_3,quality
CGAAGTTGTGAACGGT.1_3,Immune
CGAGGAAAGGATTTAG.1_3,Immune
CGAGGCTCAGAGTGAC.1_3,like
CGAGGCTTCTCCTGCA.1_3,Immune
CGATCGGGTACTTCCC.1_3,quality
CGATGCGCACGCGTCA.1_3,Immune
CGATGGCGTTCTCACC.1_3,Immune
CGCAGGTAGTTAACGA.1_3,like
CGCAGGTTCGCTTACC.1_3,quality
CGCATAACACTGGCGT.1_3,quality
CGCATGGCAATTGAGA.1_3,Immune
CGCCATTTCCATGATG.1_3,like
CGCGTGATCCTTGGAA.1_3,Immune
CGGAATTCAGTAACGG.1_3,Immune
CGGAATTTCAAGTAAG.1_3,like
CGGAGAAAGCACGTCC.1_3,like
CGGCAGTCATTGACTG.1_3,Immune
CGGGACTCAGCCGGTT.1_3,like
CGGGCATAGTCATGCT.1_3,Proliferating
CGGGTCATCATCGGGC.1_3,like
CGGGTGTTCGCGAAGA.1_3,quality
CGTAATGCAGGCTACC.1_3,like
CGTAGTACAACGCCCA.1_3,Immune
CGTCAAAGTTCTCTAT.1_3,like
CGTGATAGTCTGGTTA.1_3,Immune
CGTTGGGAGCCTCACG.1_3,Immune
CGTTGGGAGGCCATAG.1_3,like
CGTTGGGCAACTCCAA.1_3,Endocrine
CGTTGGGGTTACGCCG.1_3,Immune
CTACAGATCACCGGGT.1_3,Immune
CTACCCAGTTGCCTAA.1_3,quality
CTAGGTACAGATCATC.1_3,like
CTATAGGTCATCTATC.1_3,Immune
CTATCCGGTCTTACTT.1_3,Immune
CTCAACCGTAGTGATA.1_3,Immune
CTCAACCTCTAGTACG.1_3,like
CTCAAGACATAACGGG.1_3,Immune
CTCAATTCACTGCTTC.1_3,Immune
CTCACTGCATCCTAAG.1_3,Immune
CTCACTGGTAGGAAAG.1_3,Immune
CTCACTGGTAGTCGGA.1_3,like
CTCAGAACAAGGTCTT.1_3,quality
CTCCACAAGCCGAACA.1_3,like
CTCCACAAGTTGCATC.1_3,like
CTCCCAATCAACGCTA.1_3,Endocrine
CTCCCAATCATGGAGG.1_3,like
CTCCCAATCCGTTGAA.1_3,Immune
CTCCTCCGTAATACCC.1_3,Endocrine
CTCCTTTCATGACAAA.1_3,quality
CTCCTTTGTCATAACC.1_3,quality
CTCGAGGGTAGAGATT.1_3,quality
CTCTGGTCACTCCTTG.1_3,Immune
CTGAATGAGGTAATCA.1_3,quality
CTGAATGAGTTCTCTT.1_3,Proliferating
CTGAATGCACCCTTAC.1_3,quality
CTGCAGGGTTTGCCGG.1_3,like
CTGCATCAGACCTTTG.1_3,quality
CTGCATCCAGGCTACC.1_3,quality
CTGCCTACACGCGCAT.1_3,like
CTGCCTACAGTTGGTT.1_3,Proliferating
CTGCCTATCCAACTAG.1_3,like
CTGCGAGAGCGACTAG.1_3,Endocrine
CTGCGAGTCTTCTTCC.1_3,like
CTGGCAGCATCCTTGC.1_3,Immune
CTGGCAGTCCGGTAGC.1_3,Immune
CTGGTCTAGATGAACT.1_3,Immune
CTGTACCTCCGCTAGG.1_3,like
CTGTATTGTGGAGGTT.1_3,Immune
CTGTATTTCTTCTTCC.1_3,Immune
CTGTCGTAGCAGCCCT.1_3,Immune
CTGTGAAGTTCCATTT.1_3,Immune
CTGTGAATCTCCGATC.1_3,quality
CTGTGGGAGTAGCATA.1_3,Immune
CTTACCGCAAGAGATT.1_3,Immune
CTTACCGGTCTAGGCC.1_3,Immune
CTTAGGAGTCTTGCGG.1_3,Immune
CTTCAATAGAGTACCG.1_3,like
CTTCGGTAGCAGTCTT.1_3,like
CTTCGGTGTGAGCGAT.1_3,Immune
CTTCTCTAGCTAGTTC.1_3,Immune
CTTCTCTCAGAATTCC.1_3,Immune
CTTCTCTGTTGGGTTT.1_3,mucous
CTTCTCTTCGCAGAGA.1_3,Immune
CTTGAGACAGAGAATT.1_3,quality
CTTTCAAAGCGAATGC.1_3,Endocrine
CTTTCAAGTACGATCT.1_3,Immune
CTTTCGGCATGCCATA.1_3,Immune
GAAATGAAGTATGCAA.1_3,like
GAAATGACAAGTGCAG.1_3,Endocrine
GAACGTTCATCAGCTA.1_3,like
GAACTGTCAAGTATAG.1_3,Immune
GAAGAATAGACTGAGC.1_3,quality
GAAGAATAGTTCCAGT.1_3,Immune
GAAGCCCAGGCAGGGA.1_3,Immune
GAAGCGATCATTTGCT.1_3,Immune
GAAGGGTGTGAGATCG.1_3,Endocrine
GAAGTAAAGATCGACG.1_3,like
GAATCACCAAATGAAC.1_3,like
GAATCACCAGACCCGT.1_3,quality
GAATCGTAGCTTTGTG.1_3,quality
GACACGCCAGAAATTG.1_3,Immune
GACCCTTAGAACTGAT.1_3,Immune
GACCGTGCACAAACGG.1_3,Immune
GACCGTGCATTGCAAC.1_3,Immune
GACCTTCAGAGAGAAC.1_3,quality
GACCTTCTCCGAGATT.1_3,Immune
GACTCTCCATACGCAT.1_3,Immune
GACTCTCGTCGACTGC.1_3,like
GACTCTCGTGCCCAGT.1_3,Immune
GACTCTCTCTGCCTCA.1_3,mucous
GACTGATCATATACCG.1_3,Immune
GACTTCCTCCCAGTGG.1_3,Immune
GAGAAATAGGATACGC.1_3,Immune
GAGAGGTAGTCCCGGT.1_3,Endocrine
GAGCCTGGTGGACTAG.1_3,Immune
GAGCTGCAGGTTGGAC.1_3,Immune
GAGCTGCGTGCGAGTA.1_3,Immune
GAGGCCTAGCAGCCTC.1_3,Immune
GAGGGTATCCCATACC.1_3,Endocrine
GAGTCATAGCTGACCC.1_3,Proliferating
GAGTCTAAGTCTGCGC.1_3,Immune
GAGTGTTAGTCTGTAC.1_3,like
GAGTTGTCAGGCACTC.1_3,Immune
GAGTTGTTCGAAGTGG.1_3,Immune
GATAGAATCTCTGGTC.1_3,like
GATCAGTCATCCGAAT.1_3,Immune
GATCATGAGTTCATCG.1_3,like
GATCCCTTCGGAGCAA.1_3,Immune
GATGACTCAACTCGTA.1_3,Proliferating
GATGAGGCAATACGCT.1_3,Immune
GATGGAGAGAGCAACC.1_3,like
GATGTTGCATTCTCCG.1_3,quality
GATGTTGTCCGTTGAA.1_3,Immune
GATTGGTCATTCGATG.1_3,Proliferating
GCAACCGCACAGTGAG.1_3,Immune
GCAGCCACAGAGGAAA.1_3,Immune
GCAGGCTAGAGCACTG.1_3,like
GCAGGCTGTCACGTGC.1_3,Immune
GCAGGCTTCGTAGCTA.1_3,quality
GCATTAGGTATGCGGA.1_3,Immune
GCCAACGTCATCAGTG.1_3,like
GCCAGTGCAAGCTCTA.1_3,Endocrine
GCCCAGAGTGCTCTCT.1_3,Immune
GCCGATGAGTTGGAAT.1_3,like
GCCGATGCAATCCTTT.1_3,like
GCGAGAATCTGGGCGT.1_3,like
GCGATCGTCTCCGATC.1_3,like
GCGGAAACAACCGACC.1_3,Immune
GCGGATCGTTTCGTGA.1_3,mucous
GCTACAAGTGACTGAG.1_3,Immune
GCTACAAGTGTAGCAG.1_3,Immune
GCTACCTAGAGGCGTT.1_3,mucous
GCTACCTAGCGTTACT.1_3,quality
GCTCAAAAGGATTACA.1_3,Immune
GCTTGGGCAACTCGAT.1_3,Proliferating
GGAACCCTCTTCCTAA.1_3,Immune
GGAAGTGTCAATGCAC.1_3,Proliferating
GGAATCTAGTCCTACA.1_3,Immune
GGAATGGTCGAGATGG.1_3,Immune
GGAGCAAGTAGTCTGT.1_3,Immune
GGAGCAAGTTATTCTC.1_3,like
GGAGGATTCGAGGCAA.1_3,like
GGATGTTAGCCTTGAT.1_3,quality
GGCACGTCAAAGCAAT.1_3,Immune
GGCAGTCAGGTCGCCT.1_3,Immune
GGCTGTGCACTGAGTT.1_3,like
GGGAAGTCAGAAATTG.1_3,Immune
GGGACCTGTTAATCGC.1_3,Immune
GGGACCTTCGTGCACG.1_3,Immune
GGGATCCCAATGACCT.1_3,Endocrine
GGGATGACACCCTTAC.1_3,Immune
GGGATGAGTTGTTGAC.1_3,epithelial
GGGCCATAGGTACTGG.1_3,Immune
GGGCCATTCGAGATAA.1_3,Immune
GGGCGTTGTACCAGAG.1_3,Immune
GGGCTACAGAAACTGT.1_3,like
GGGCTACCAAAGGCAC.1_3,Immune
GGGCTACCAATCTAGC.1_3,like
GGGCTCAAGCGCTGCT.1_3,like
GGGCTCAGTCATCTAG.1_3,Immune
GGGTAGACACAATGCT.1_3,Immune
GGGTAGATCTATTTCG.1_3,Immune
GGGTCTGCAGGCCTGT.1_3,Immune
GGGTGTCAGACGAAGA.1_3,Immune
GGGTGTCAGCCGAACA.1_3,quality
GGGTGTCTCTCCTGAC.1_3,Immune
GGGTTATAGAATTGTG.1_3,like
GGTAACTGTTGAGAGC.1_3,like
GGTAATCGTATGCTAC.1_3,Proliferating
GGTCTGGTCGTCGCTT.1_3,like
GGTGAAGCATTCAGGT.1_3,like
GGTGATTAGTGCACCC.1_3,Proliferating
GGTGTCGAGCTCGACC.1_3,like
GGTTAACAGCGTGTCC.1_3,like
GGTTCTCAGATGACCG.1_3,Immune
GGTTCTCAGGGAGAAT.1_3,mucous
GTAACACTCTGCAGCG.1_3,epithelial
GTAACCAGTGCCAAGA.1_3,quality
GTAATCGGTTCCCACT.1_3,Immune
GTAATGCAGAAGGATG.1_3,quality
GTACAACAGGCCACTC.1_3,Immune
GTACAGTGTAAGATCA.1_3,quality
GTAGAAAGTCCTTAAG.1_3,like
GTAGAGGGTCATCCCT.1_3,like
GTAGCTACATGACTAC.1_3,Immune
GTAGGAGAGAATGTTG.1_3,Endocrine
GTCAAACAGGACTGGT.1_3,Endocrine
GTCAGCGCACAGCCTG.1_3,Immune
GTCATGATCTGGCCAG.1_3,like
GTCATTTCAAGTGGGT.1_3,Endocrine
GTCCACTAGAGTACCG.1_3,like
GTCGAATTCGTCAAAC.1_3,Immune
GTCGCGATCTCCGAGG.1_3,Immune
GTCTACCCATGCCGGT.1_3,Immune
GTGACGCTCCAACTAG.1_3,quality
GTGAGCCAGGGTACAC.1_3,like
GTGCAGCGTGGTCTTA.1_3,Immune
GTGCTTCCAGCGTGCT.1_3,Immune
GTGTAACCAAGTATAG.1_3,Immune
GTGTGATAGGATACAT.1_3,like
GTGTGATGTCGTAATC.1_3,like
GTGTTAGCAGCTTCGG.1_3,Immune
GTGTTCCAGGTCCTGC.1_3,Immune
GTTACCCGTGAACCGA.1_3,like
GTTACGATCACATCAG.1_3,Immune
GTTATGGAGCCGGATA.1_3,Immune
GTTATGGTCGTGCATA.1_3,Immune
GTTCATTAGTCAGCCC.1_3,like
GTTCGCTAGAGGTGCT.1_3,Immune
GTTCGCTAGTTGCTCA.1_3,like
GTTCTATCAGTAGTTC.1_3,Immune
GTTCTATGTCCTCAGG.1_3,Immune
GTTGCTCCACATTCGA.1_3,Endocrine
GTTGCTCCAGATTTCG.1_3,Proliferating
GTTGCTCTCCATGAGT.1_3,Immune
GTTGTAGAGCAGCAGT.1_3,Immune
GTTGTAGAGGCTAGCA.1_3,like
GTTGTAGAGGTCGCCT.1_3,Immune
GTTGTAGGTATTGACC.1_3,like
GTTGTGACACTAACGT.1_3,Immune
GTTTACTGTACCCAGC.1_3,Immune
GTTTGGATCAGACCGC.1_3,Immune
TAACCAGCAATTGTGC.1_3,like
TAACCAGGTAGAATGT.1_3,Immune
TAAGCGTGTAGTCACT.1_3,Immune
TAAGTCGAGCAACCAG.1_3,Immune
TAAGTCGCATGTGCTA.1_3,Immune
TAAGTCGTCGGTAGGA.1_3,Endocrine
TAATCTCGTTCCCAAA.1_3,Proliferating
TAATTCCGTCGATTAC.1_3,Proliferating
TACACCCAGCTCACTA.1_3,Immune
TACAGGTCATAACTCG.1_3,like
TACCCACTCACTTGGA.1_3,Immune
TACCGAACACATATCG.1_3,Immune
TACCGAAGTGGCTTAT.1_3,Immune
TACCGGGTCTAACGCA.1_3,quality
TACCTCGTCGAGAACG.1_3,Immune
TACGTCCAGGTAAACT.1_3,Immune
TACGTCCCAACACTAC.1_3,Endocrine
TACTGCCAGCGAGAAA.1_3,Immune
TACTTACAGCGATGGT.1_3,quality
TACTTCACACAACATC.1_3,Immune
TACTTGTCAACCTAAC.1_3,Immune
TAGACTGCAGGAGACT.1_3,Immune
TAGAGTCGTACCCACG.1_3,like
TAGATCGAGTTACGTC.1_3,Immune
TAGGAGGCAGATTCGT.1_3,like
TAGTGCAAGCGTTCCG.1_3,like
TAGTGCACACATGACT.1_3,Immune
TATACCTAGTTGCTCA.1_3,Immune
TATACCTTCAGGGATG.1_3,Endocrine
TATATCCCAAGCTGTT.1_3,Immune
TATCAGGTCTCATGGA.1_3,like
TATCCTAGTAACGATA.1_3,like
TATCTGTTCAGTGCGC.1_3,Immune
TATCTGTTCCGACATA.1_3,like
TATCTGTTCGCTAATG.1_3,Endocrine
TATCTTGGTACGTGTT.1_3,like
TATGTTCAGCGTCTGC.1_3,Endocrine
TATTGGGAGGTGCCTC.1_3,like
TCAAGACTCTGAACGT.1_3,Proliferating
TCAAGCAAGGGAGTGG.1_3,like
TCACACCCACCCAATA.1_3,Endocrine
TCACACCGTGCCTGCA.1_3,Endocrine
TCACACCGTTAGGCTT.1_3,Immune
TCACATTCAAGGTCTT.1_3,Immune
TCACGCTCAGATAAAC.1_3,Immune
TCACGGGCATGCGTGC.1_3,Immune
TCACTATGTCGCATCG.1_3,Immune
TCAGCAATCATCGCTC.1_3,Immune
TCAGCCTAGTAATTGG.1_3,Immune
TCAGGTACAGTAGAAT.1_3,Proliferating
TCAGTTTGTTGTCATG.1_3,Immune
TCATGAGCAAAGGAGA.1_3,quality
TCATGAGTCACAAGAA.1_3,Immune
TCATGCCTCCGAGGCT.1_3,like
TCCATCGCACGACAAG.1_3,Immune
TCCATGCCAGCTTTCC.1_3,like
TCCCACAAGCGGGTTA.1_3,like
TCCCACATCTATCACT.1_3,Immune
TCCCAGTCAGCGACCT.1_3,quality
TCCCAGTCAGTATACC.1_3,Immune
TCCCAGTGTAACATGA.1_3,Immune
TCCGGGACATCAGCGC.1_3,Immune
TCCGGGATCATGCCGG.1_3,Immune
TCCGTGTTCTTCCTAA.1_3,like
TCCTCGATCTCCACTG.1_3,like
TCGAAGTAGAGGGCGA.1_3,quality
TCGACGGCATGAGAAT.1_3,Immune
TCGATTTCAATCAAGA.1_3,like
TCGATTTTCTAGCCAA.1_3,Immune
TCGGGACAGCATCCCG.1_3,like
TCGGTCTTCCAGCACG.1_3,Immune
TCGTAGACATGGTGGA.1_3,like
TCGTAGAGTAACCAGG.1_3,like
TCGTCCAAGAGCATCG.1_3,Endocrine
TCGTCCAAGCATCAAA.1_3,like
TCGTCCACATGGCCAC.1_3,Immune
TCTACATGTAATCAAG.1_3,Endocrine
TCTACATTCTCAGTCC.1_3,Immune
TCTACCGAGAACAAGG.1_3,Immune
TCTACCGCAGTTCACA.1_3,Immune
TCTATACGTCGTCAGC.1_3,like
TCTATCAAGGTGCAGT.1_3,Immune
TCTATCAAGTCCGCGT.1_3,Immune
TCTATCACAATAACGA.1_3,Immune
TCTCACGAGAAGTGTT.1_3,quality
TCTCACGCACGCCAGT.1_3,Immune
TCTCCGAAGCTGACAG.1_3,like
TCTCCGATCGGCTGGT.1_3,Immune
TCTCTGGAGGTAAGGA.1_3,Immune
TCTGCCACAGCGACAA.1_3,like
TCTGCCACATAGATGA.1_3,Immune
TCTGGCTAGTCACGCC.1_3,Immune
TCTGGCTGTAACCAGG.1_3,quality
TCTGTCGTCGGCTCTT.1_3,Immune
TCTGTCGTCTGCACCT.1_3,Immune
TCTTAGTCATTGCCGG.1_3,Immune
TCTTCCTAGTCACTGT.1_3,like
TCTTCCTCACCGTGCA.1_3,like
TCTTTGACAACCAGAG.1_3,like
TGAATCGAGACACACG.1_3,Immune
TGACAGTGTGGCTCTG.1_3,quality
TGACCCTCAACATCGT.1_3,Endocrine
TGACCCTGTCTCGCGA.1_3,Proliferating
TGACGCGTCAAACTGC.1_3,Immune
TGACGCGTCAGCGCAC.1_3,quality
TGACTCCCACCCGTAG.1_3,like
TGAGGGACAGGTATGG.1_3,Proliferating
TGAGGTTCAACGGTAG.1_3,Endocrine
TGAGGTTTCTTGCAAG.1_3,Immune
TGATCAGCATAGATGA.1_3,Endocrine
TGATCTTCACTTCTCG.1_3,Endocrine
TGATCTTTCATGCCAA.1_3,like
TGATGCAAGTGCTCAT.1_3,quality
TGATTCTGTACTGACT.1_3,like
TGATTTCGTAGTAAGT.1_3,Immune
TGCACGGAGGAACTAT.1_3,like
TGCACGGCATGACAGG.1_3,Immune
TGCAGATAGCATTGAA.1_3,Immune
TGCAGATTCACCGGTG.1_3,quality
TGCAGTAGTGCGGATA.1_3,Endocrine
TGCAGTAGTGGTGATG.1_3,Immune
TGCATGAAGACGGTCA.1_3,Immune
TGCATGAAGGGCAACT.1_3,like
TGCATGACATGTGTCA.1_3,like
TGCCGAGCACAACGAG.1_3,Endocrine
TGCGACGCAGACCCGT.1_3,Immune
TGCGATAAGGGAGATA.1_3,Immune
TGCGGCAAGAGGGTCT.1_3,Immune
TGCGGGTCACGTATAC.1_3,Immune
TGCGGGTCAGGTACGA.1_3,Endocrine
TGCGGGTGTATCTCTT.1_3,Immune
TGCTCCATCGACGATT.1_3,Immune
TGCTCGTGTGGTTTGT.1_3,like
TGCTGAACAATAGTGA.1_3,Immune
TGCTTGCCAGTCGGTC.1_3,Immune
TGGCGTGAGGTACAGC.1_3,Immune
TGGGAGAAGCCTGAGA.1_3,Immune
TGGGTTATCTGGGCAC.1_3,Immune
TGGTGATTCGAACACT.1_3,like
TGTCCACAGCAGGCTA.1_3,quality
TGTCCACAGGTACAGC.1_3,Endocrine
TGTCCCAGTGAGTTTC.1_3,Immune
TGTGCGGTCCCTCAAC.1_3,Immune
TGTGCGGTCCTGGGAC.1_3,like
TGTGTGAAGACTGTTC.1_3,Immune
TGTTACTCAAATCAGA.1_3,Immune
TGTTACTTCTTGGGCG.1_3,Immune
TGTTCATAGCCTGAGA.1_3,Immune
TGTTCCGAGGTACTGG.1_3,Immune
TGTTGAGAGTACGAGC.1_3,Immune
TGTTGGAGTAGAGACC.1_3,like
TGTTTGTGTCACCCTT.1_3,like
TTACAGGAGTTGTAGA.1_3,Immune
TTACAGGCATCCGGTG.1_3,quality
TTACCGCGTTGCACGC.1_3,Immune
TTACGCCGTGGAACAC.1_3,Immune
TTACGTTAGTATTAGG.1_3,Endocrine
TTACTGTCACCTTCCA.1_3,like
TTACTGTTCCACGTCT.1_3,Immune
TTAGGCAGTTAAAGTG.1_3,Immune
TTAGGCATCCCAGCGA.1_3,Endocrine
TTAGGGTCAGCTGGTC.1_3,Immune
TTATTGCAGTAATTGG.1_3,Immune
TTCAATCCAACGTATC.1_3,Immune
TTCAATCTCTGAGATC.1_3,Immune
TTCACCGGTCCTACAA.1_3,Immune
TTCACGCGTTGGGAAC.1_3,like
TTCACGCTCTCCGAAA.1_3,Immune
TTCATGTTCCTAAGTG.1_3,Immune
TTCATGTTCGCCTCTA.1_3,like
TTCCGTGTCTTGCGCT.1_3,quality
TTCCTAACATCACCAA.1_3,like
TTCCTCTAGCTCCATA.1_3,Immune
TTCCTTCAGTAGGAAG.1_3,like
TTCGCTGAGACGCCAA.1_3,Endocrine
TTCGCTGGTCCATAGT.1_3,Immune
TTCGCTGGTTCGATTG.1_3,Immune
TTCGCTGTCTTGAGCA.1_3,Immune
TTCGGTCTCCCAACTC.1_3,like
TTCTAGTAGTAAGCAT.1_3,Immune
TTCTAGTGTGAAGCGT.1_3,Immune
TTCTCTCTCACGTCCT.1_3,quality
TTCTTGACACATACTG.1_3,Immune
TTCTTGATCCCTCTTT.1_3,Immune
TTGAGTGCATTGCTTT.1_3,like
TTGCATTAGAGGTGCT.1_3,Immune
TTGCATTCAAGCTACT.1_3,like
TTGCATTTCTGTTGGA.1_3,Immune
TTGGGATGTGGGTATG.1_3,like
TTGGGATTCCTAGAGT.1_3,mucous
TTGGGCGTCTCCGAAA.1_3,Endocrine
TTGGGTAGTTCCTAGA.1_3,Immune
TTGGGTAGTTTGTTGG.1_3,like
TTGGTTTAGCCTCTGG.1_3,like
TTGTGGATCACGGACC.1_3,like
TTGTGTTAGCTCTGTA.1_3,quality
TTGTGTTCAGCATACT.1_3,like
TTGTGTTCAGGTCTCG.1_3,like
TTGTTCATCAGCATTG.1_3,Immune
TTGTTCATCGCTACGG.1_3,like
TTGTTGTCAAGAGGTC.1_3,Immune
TTGTTTGTCCATATGG.1_3,quality
TTTACTGCAATTTCTC.1_3,Endocrine
TTTCACATCTATTGTC.1_3,quality
TTTGATCTCTAGACAC.1_3,Immune
TTTGGAGCACTGAGTT.1_3,Immune
TTTGGAGCATGGACAG.1_3,Immune
TTTGGTTGTCCTTGTC.1_3,Immune
TTTGTTGGTTGTTGTG.1_3,Immune
AAACCCATCGCGTTTC.1_4,epithelial
AAACGAAAGGACTGGT.1_4,epithelial
AAACGAAGTACCATAC.1_4,mucous
AAACGAATCAGAGCAG.1_4,mucous
AAACGCTCACCGTCTT.1_4,quality
AAACGCTTCGTGCTCT.1_4,quality
AAAGGATAGCCGTTGC.1_4,like
AAAGGATGTGTGGACA.1_4,quality
AAAGGGCAGACCAAGC.1_4,epithelial
AAAGGGCCAACAAGAT.1_4,mucous
AAAGGGCGTAGGCTCC.1_4,Proliferating
AAAGGGCTCAGACCGC.1_4,quality
AAAGGGCTCTCATAGG.1_4,mucous
AAAGGTACACGGATCC.1_4,quality
AAAGGTATCAGAGCGA.1_4,like
AAAGGTATCTTCTAAC.1_4,epithelial
AAAGTCCCAAGCACAG.1_4,epithelial
AAAGTCCGTATCCTCC.1_4,epithelial
AAAGTCCGTCGCACGT.1_4,epithelial
AAAGTGAAGCCAACCC.1_4,mucous
AAAGTGAAGGAAAGGT.1_4,epithelial
AACAAGAAGGGTGAAA.1_4,epithelial
AACAAGAGTAAGCAAT.1_4,mucous
AACAAGAGTCTTTCTA.1_4,quality
AACAAGATCTAGGCAT.1_4,mucous
AACACACAGACTCGAG.1_4,quality
AACAGGGGTATGGAAT.1_4,quality
AACAGGGGTGCTCCGA.1_4,quality
AACCAACCAAGTGGCA.1_4,Proliferating
AACCAACTCCGCCTAT.1_4,quality
AACCACAAGGTCATCT.1_4,epithelial
AACCACACACTAAACC.1_4,quality
AACCACAGTCACTTAG.1_4,epithelial
AACCACATCTCACTCG.1_4,mucous
AACCATGAGGGAGATA.1_4,mucous
AACCCAATCGGAAGGT.1_4,mucous
AACCTGAAGACATGCG.1_4,quality
AACCTGAAGTTCATCG.1_4,mucous
AACCTGAGTCGCCTAG.1_4,mucous
AACCTTTGTCAATGGG.1_4,epithelial
AACGAAAAGAAGGTAG.1_4,epithelial
AACGAAACAGGGTTGA.1_4,quality
AACGAAACAGTTGTCA.1_4,like
AACGAAATCGGACGTC.1_4,mucous
AACGGGAAGCGCCTAC.1_4,mucous
AACGTCACAGGTGGAT.1_4,epithelial
AACGTCATCGGCTTCT.1_4,quality
AACGTCATCTCTAAGG.1_4,quality
AACTTCTAGACTGTTC.1_4,epithelial
AACTTCTTCACTTATC.1_4,mucous
AAGAACACATGCGGTC.1_4,mucous
AAGACAACAGCAGTCC.1_4,quality
AAGATAGCAACAGCTT.1_4,Proliferating
AAGATAGGTAGATCGG.1_4,mucous
AAGCATCAGATGAAGG.1_4,quality
AAGCATCAGTTTAGGA.1_4,epithelial
AAGCATCGTAACCCGC.1_4,epithelial
AAGCATCGTTGTTTGG.1_4,mucous
AAGCCATTCTTCCCGA.1_4,mucous
AAGCGTTAGATCCCAT.1_4,mucous
AAGCGTTAGCCAACCC.1_4,mucous
AAGCGTTCACACCGAC.1_4,like
AAGCGTTCATTCACCC.1_4,quality
AAGGAATCAATAGTCC.1_4,quality
AAGTACCGTACGTACT.1_4,mucous
AAGTCGTTCTCCAAGA.1_4,mucous
AAGTTCGAGGATTACA.1_4,quality
AAGTTCGCAAGGCCTC.1_4,quality
AATAGAGAGCTTACGT.1_4,mucous
AATAGAGAGGGTGGGA.1_4,mucous
AATAGAGGTTGGTACT.1_4,epithelial
AATGAAGAGAGAGCGG.1_4,quality
AATGAAGCAAATACAG.1_4,epithelial
AATGAAGTCCGAAGGA.1_4,epithelial
AATGACCGTGCACGCT.1_4,Endocrine
AATGGAAAGTCAGGGT.1_4,epithelial
AATGGAACATGGAAGC.1_4,mucous
AATTCCTCAGTAGTGG.1_4,mucous
AATTCCTGTCTTTCTA.1_4,epithelial
AATTCCTGTTCGGTCG.1_4,epithelial
AATTTCCAGAAGGATG.1_4,mucous
AATTTCCAGTCGCCCA.1_4,epithelial
AATTTCCCACACTTAG.1_4,quality
AATTTCCTCTGCCTGT.1_4,quality
ACAAAGATCCCGAGGT.1_4,mucous
ACAACCACAACGCATT.1_4,mucous
ACAACCAGTCGTCTCT.1_4,quality
ACAAGCTAGACATACA.1_4,mucous
ACAAGCTGTTCTCCCA.1_4,quality
ACACAGTCAAGGCCTC.1_4,like
ACACAGTTCGCTACAA.1_4,quality
ACACCAAAGGCCTAAG.1_4,mucous
ACACCAATCCTATTGT.1_4,like
ACACGCGCAATTCACG.1_4,mucous
ACACGCGCAGCAAGAC.1_4,epithelial
ACACTGATCTGGACTA.1_4,mucous
ACAGAAAAGGCCCAAA.1_4,quality
ACAGAAAGTGTACGCC.1_4,mucous
ACAGAAATCAGTGCGC.1_4,quality
ACAGCCGAGTGGGAAA.1_4,epithelial
ACAGGGAAGATGTAGT.1_4,quality
ACAGGGATCACGACTA.1_4,epithelial
ACAGGGATCGGTAGGA.1_4,like
ACATCCCGTAGGAGGG.1_4,quality
ACATCCCGTCTGATAC.1_4,mucous
ACATCCCTCGGCTATA.1_4,like
ACATCGAAGTGAATAC.1_4,epithelial
ACATCGACAACTACGT.1_4,mucous
ACATCGAGTTGCTCCT.1_4,mucous
ACCAAACAGGGAACAA.1_4,epithelial
ACCAAACTCAGTCATG.1_4,epithelial
ACCAACAAGATTACCC.1_4,like
ACCAACAAGTAACCGG.1_4,epithelial
ACCAACATCATTCCTA.1_4,mucous
ACCACAAAGTGGAATT.1_4,mucous
ACCACAACAGGAATCG.1_4,quality
ACCACAATCGCGTCGA.1_4,epithelial
ACCACAATCTGCCTGT.1_4,quality
ACCATTTCACGTAGAG.1_4,epithelial
ACCATTTCAGCAGACA.1_4,quality
ACCATTTGTCTCAAGT.1_4,mucous
ACCATTTGTTGAATCC.1_4,mucous
ACCATTTTCTTACACT.1_4,epithelial
ACCCAAAAGACCAACG.1_4,quality
ACCCAAATCGCGCTGA.1_4,epithelial
ACCCTTGAGCGTTCCG.1_4,epithelial
ACCCTTGGTCTCCCTA.1_4,epithelial
ACCCTTGGTGCTGCAC.1_4,like
ACCTACCTCAACTACG.1_4,epithelial
ACCTACCTCCACTTTA.1_4,mucous
ACCTGAACAAGCACAG.1_4,quality
ACCTGTCAGATGCAGC.1_4,epithelial
ACCTGTCGTGATAGTA.1_4,epithelial
ACGATCAAGGTCTACT.1_4,epithelial
ACGATGTCAGCATGCC.1_4,epithelial
ACGCACGCAAAGTATG.1_4,mucous
ACGGAAGTCAAGGTGG.1_4,epithelial
ACGGAAGTCTATACGG.1_4,mucous
ACGGGTCCATGACCCG.1_4,epithelial
ACGGGTCTCTTAGCCC.1_4,quality
ACGGTCGAGTCTTCCC.1_4,epithelial
ACGGTCGAGTGGATAT.1_4,epithelial
ACGGTCGGTGCACAAG.1_4,epithelial
ACGGTTATCAGCTCTC.1_4,quality
ACGGTTATCCCTCTCC.1_4,Proliferating
ACGTACAAGTCGCCAC.1_4,mucous
ACGTACAGTTCTAACG.1_4,mucous
ACGTAGTAGTCCTGTA.1_4,epithelial
ACGTAGTGTTGCTAGT.1_4,mucous
ACGTAGTTCCAAATGC.1_4,epithelial
ACGTCCTAGTTCATGC.1_4,epithelial
ACGTTCCTCTTGGATG.1_4,mucous
ACTACGAAGTTACGGG.1_4,mucous
ACTATCTAGTGACACG.1_4,quality
ACTATGGAGCAACAGC.1_4,quality
ACTATGGCAGATACTC.1_4,mucous
ACTCCCACAGCTGTGC.1_4,epithelial
ACTCCCACATGGAACG.1_4,epithelial
ACTCCCAGTCAGACTT.1_4,mucous
ACTCTCGCACCTGCGA.1_4,epithelial
ACTCTCGGTCGCAACC.1_4,quality
ACTGCAAAGGTTACCT.1_4,like
ACTGTCCGTCGAACAG.1_4,like
ACTGTCCTCTTCGCTG.1_4,quality
ACTGTGACACCGTGCA.1_4,quality
ACTTAGGGTTTACCAG.1_4,quality
ACTTAGGTCCATTTGT.1_4,epithelial
ACTTATCTCGCTCTAC.1_4,mucous
ACTTATCTCGTAGGGA.1_4,quality
ACTTCGCCACCATAAC.1_4,quality
ACTTCGCGTGCCGTAC.1_4,epithelial
ACTTTCAGTGTGATGG.1_4,mucous
AGAAATGAGTAGTGCG.1_4,mucous
AGAAATGGTATCGCTA.1_4,quality
AGAACAAAGGGTCTTT.1_4,epithelial
AGAACAAGTAGACGTG.1_4,quality
AGAACCTCACCGGCTA.1_4,mucous
AGAACCTTCATACGAC.1_4,epithelial
AGAACCTTCTAGCCAA.1_4,quality
AGAAGCGGTTGGGTTT.1_4,epithelial
AGAAGTATCGTAGGGA.1_4,epithelial
AGACAAAAGCACTGGA.1_4,mucous
AGACAAACACACGCCA.1_4,quality
AGACAAAGTACTGAGG.1_4,mucous
AGACACTGTGGCTACC.1_4,quality
AGACAGGAGATAGGGA.1_4,quality
AGACAGGGTCGATTTG.1_4,mucous
AGACCATCACATCATG.1_4,like
AGACCATTCTCAATCT.1_4,mucous
AGACCATTCTTCTGGC.1_4,quality
AGACCCGAGAGCATAT.1_4,mucous
AGACTCAAGAACAGGA.1_4,mucous
AGACTCAAGGACTGGT.1_4,epithelial
AGACTCACAATGAGCG.1_4,quality
AGACTCACACTTGTGA.1_4,quality
AGAGAATAGAGCCCAA.1_4,epithelial
AGAGAGCTCAGCTGAT.1_4,quality
AGAGAGCTCATGTCTT.1_4,quality
AGAGAGCTCCAACCGG.1_4,epithelial
AGAGCAGGTTCTCCTG.1_4,epithelial
AGAGCCCGTACTGCGC.1_4,epithelial
AGAGCCCTCTGCCCTA.1_4,epithelial
AGATAGAAGTGTTGAA.1_4,mucous
AGATAGAGTAGACGGT.1_4,epithelial
AGATAGATCCAAATGC.1_4,epithelial
AGATCCAAGGCCGCTT.1_4,Endocrine
AGATCCACAAGACAAT.1_4,epithelial
AGATCCAGTCCTGTTC.1_4,mucous
AGATCGTTCCGTGTCT.1_4,quality
AGATGAAAGTTGGAGC.1_4,quality
AGATGAAGTCGTGCCA.1_4,epithelial
AGATGAATCGACGACC.1_4,epithelial
AGATGCTCATTGAAGA.1_4,mucous
AGCATCAAGACTTCGT.1_4,epithelial
AGCCAATAGAGGGTGG.1_4,quality
AGCCAATAGCGATCGA.1_4,quality
AGCCAATAGTTCATGC.1_4,like
AGCCAATCAGTGACCC.1_4,epithelial
AGCCAATTCGCCCAGA.1_4,mucous
AGCCAATTCGGAACTT.1_4,quality
AGCCAATTCTGTCTCG.1_4,quality
AGCCACGCACGACTAT.1_4,quality
AGCCAGCGTCCCAAAT.1_4,like
AGCCAGCGTTCCGCAG.1_4,epithelial
AGCGATTCAGAGTAAT.1_4,mucous
AGCGATTTCGCGTTTC.1_4,epithelial
AGCGATTTCTGTTGGA.1_4,quality
AGCGCCAAGTAGGCCA.1_4,mucous
AGCGCTGAGTTATGGA.1_4,Endocrine
AGCGCTGGTAGTCACT.1_4,quality
AGCGTATAGACCAAGC.1_4,mucous
AGCGTATCATGCGTGC.1_4,epithelial
AGCGTATGTTCGGTTA.1_4,quality
AGCGTATTCGACATCA.1_4,mucous
AGCGTATTCTCAAAGC.1_4,Immune
AGCGTCGTCTCGCCTA.1_4,quality
AGCTACAGTGTCTTGA.1_4,quality
AGCTCAATCTTTGCGC.1_4,mucous
AGCTTCCCATTCGATG.1_4,epithelial
AGCTTCCTCTCAGAAC.1_4,epithelial
AGGAAATCAATACCTG.1_4,quality
AGGAAATCATTATGCG.1_4,epithelial
AGGAAATGTCGAGCAA.1_4,mucous
AGGAAATGTGAACTAA.1_4,quality
AGGAAATTCCGATGTA.1_4,quality
AGGAATAGTTCTCGCT.1_4,epithelial
AGGAATATCTAGCCAA.1_4,quality
AGGACTTTCGATTGAC.1_4,mucous
AGGATAACAAGAATGT.1_4,mucous
AGGATAAGTGGCTTGC.1_4,quality
AGGATCTAGTGCGACA.1_4,quality
AGGATCTCACGATAGG.1_4,mucous
AGGATCTTCTCAACGA.1_4,epithelial
AGGCATTAGCACTCGC.1_4,quality
AGGCATTCAGCGAGTA.1_4,mucous
AGGCATTTCCGCACGA.1_4,epithelial
AGGCCACTCGGCATCG.1_4,epithelial
AGGCCACTCGGCTTCT.1_4,epithelial
AGGCTGCAGGCTCTCG.1_4,mucous
AGGGCCTAGTAAGCAT.1_4,mucous
AGGGCCTGTTACCTTT.1_4,like
AGGGCTCCAGAGCCCT.1_4,epithelial
AGGGCTCTCGTCGCTT.1_4,mucous
AGGGTCCTCGGCAGTC.1_4,epithelial
AGGGTGAAGCTAGCCC.1_4,epithelial
AGGGTTTTCTGCAGCG.1_4,like
AGGTAGGAGGATAATC.1_4,epithelial
AGGTAGGCAAGACGAC.1_4,epithelial
AGGTAGGGTGGCAACA.1_4,epithelial
AGGTCATAGTCTTGGT.1_4,quality
AGGTCTACAATTTCGG.1_4,mucous
AGGTCTACATCAGCAT.1_4,mucous
AGGTCTAGTCTACGAT.1_4,mucous
AGGTGTTCAAATAGCA.1_4,epithelial
AGGTGTTGTGGCACTC.1_4,epithelial
AGGTTACCAAACAGGC.1_4,mucous
AGGTTACTCCTACAAG.1_4,quality
AGGTTACTCGTAACCA.1_4,Proliferating
AGTAACCAGCAGGCAT.1_4,quality
AGTAACCTCACTACTT.1_4,quality
AGTAACCTCTTCGTAT.1_4,epithelial
AGTACCAAGCATTGTC.1_4,mucous
AGTACTGAGTCATGGG.1_4,quality
AGTAGCTAGCCGATTT.1_4,epithelial
AGTAGCTAGTATGACA.1_4,epithelial
AGTAGCTGTACTGCCG.1_4,quality
AGTAGCTGTCGCGTTG.1_4,quality
AGTAGCTGTGCCTACG.1_4,epithelial
AGTAGCTTCTGGAGAG.1_4,epithelial
AGTAGTCCAGCCCACA.1_4,mucous
AGTCAACCAATCCTAG.1_4,quality
AGTCACAAGCGCACAA.1_4,mucous
AGTCACACACATCCCT.1_4,mucous
AGTCATGAGAAGGGAT.1_4,epithelial
AGTCATGGTGGCGTAA.1_4,epithelial
AGTCATGTCCCGGTAG.1_4,epithelial
AGTCTCCCACACGTGC.1_4,quality
AGTGACTGTCTCGACG.1_4,epithelial
AGTGACTTCCCTGGTT.1_4,like
AGTGACTTCGCCGAGT.1_4,quality
AGTGATCTCAAGCTGT.1_4,mucous
AGTGCCGGTGGTCTGC.1_4,epithelial
AGTGCCGTCTTTCCGG.1_4,quality
AGTGTTGCAGCATCTA.1_4,mucous
AGTTAGCAGAAATTGC.1_4,mucous
AGTTAGCGTTGTGTAC.1_4,quality
AGTTAGCTCCAAATGC.1_4,mucous
AGTTCCCGTGCATGAG.1_4,mucous
AGTTCCCGTTGTCAGT.1_4,quality
AGTTCGACATGGCGCT.1_4,quality
AGTTCGAGTCCTGAAT.1_4,like
AGTTCGATCAGAGCGA.1_4,mucous
ATACCGAGTCATGACT.1_4,mucous
ATACCTTAGCGAGTAC.1_4,quality
ATACCTTGTCGAATTC.1_4,epithelial
ATACTTCGTCGATTAC.1_4,mucous
ATAGACCCACTCCCTA.1_4,mucous
ATAGACCCATCGAACT.1_4,mucous
ATAGACCTCCATACTT.1_4,like
ATAGAGAAGATCGGTG.1_4,epithelial
ATAGAGAGTCCGGTCA.1_4,mucous
ATAGAGAGTCTGTGTA.1_4,quality
ATAGAGAGTGCCAAGA.1_4,quality
ATAGAGAGTGTTGACT.1_4,mucous
ATAGGCTAGAACTGAT.1_4,epithelial
ATAGGCTAGCTGAAGC.1_4,mucous
ATAGGCTAGTAACCGG.1_4,epithelial
ATATCCTAGATCGCCC.1_4,quality
ATCACAGGTCTACGTA.1_4,epithelial
ATCACAGGTGCCTGAC.1_4,quality
ATCACAGGTTGGGTTT.1_4,like
ATCACGAAGCACTTTG.1_4,quality
ATCACGAGTGATGAAT.1_4,mucous
ATCAGGTAGTTGTCGT.1_4,mucous
ATCATTCGTCTGTAGT.1_4,mucous
ATCATTCTCCCTCTCC.1_4,epithelial
ATCCACCAGCATGAAT.1_4,epithelial
ATCCATTCACGACGCT.1_4,mucous
ATCCATTCAGAGGCTA.1_4,mucous
ATCCATTCAGTGTACT.1_4,mucous
ATCCCTGCACCCTGTT.1_4,epithelial
ATCCCTGGTGAGAACC.1_4,mucous
ATCCGTCCATGTTCAG.1_4,quality
ATCCGTCGTTACACTG.1_4,mucous
ATCCTATGTATTAAGG.1_4,quality
ATCGATGCAACCGCTG.1_4,like
ATCGATGTCTAGAGCT.1_4,epithelial
ATCGCCTAGCATTTGC.1_4,mucous
ATCGCCTTCCGCACTT.1_4,quality
ATCGGCGAGTGGATAT.1_4,Proliferating
ATCGGCGCATGTAACC.1_4,mucous
ATCGGCGTCAGCAGAG.1_4,epithelial
ATCGGCGTCGACGACC.1_4,epithelial
ATCGTAGAGATGCTTC.1_4,mucous
ATCGTAGCAGTACTAC.1_4,quality
ATCGTAGCATACATCG.1_4,epithelial
ATCGTAGCATTCAGCA.1_4,epithelial
ATCGTAGTCGTCCTCA.1_4,quality
ATCGTCCAGAGCATTA.1_4,epithelial
ATCGTCCCATCCTAAG.1_4,mucous
ATCGTCCGTACAGTAA.1_4,quality
ATCGTCCTCGGTCGAC.1_4,like
ATCGTGATCATCAGTG.1_4,quality
ATCGTGATCATTCGTT.1_4,epithelial
ATCTCTAGTCTGTAAC.1_4,epithelial
ATGAAAGTCTGAGCAT.1_4,epithelial
ATGACCACAACCAACT.1_4,quality
ATGACCAGTGTCTCCT.1_4,quality
ATGAGGGCAAGTCATC.1_4,mucous
ATGAGTCAGCTGTCCG.1_4,quality
ATGAGTCAGGGTGAAA.1_4,mucous
ATGAGTCGTGGATCAG.1_4,mucous
ATGAGTCTCGTTACCC.1_4,epithelial
ATGATCGAGGACGCTA.1_4,mucous
ATGATCGAGGTCTACT.1_4,quality
ATGATCGGTCCTTTGC.1_4,epithelial
ATGATCGGTGAGCAGT.1_4,quality
ATGATCGTCCCTAGGG.1_4,quality
ATGCATGAGTATTGCC.1_4,mucous
ATGCATGTCGTCCTTG.1_4,quality
ATGCGATCACGCTGAC.1_4,like
ATGGAGGCAGGTCAGA.1_4,quality
ATGGAGGGTGACTCTA.1_4,quality
ATGGATCGTCTCTCAC.1_4,epithelial
ATGGATCGTTACGTAC.1_4,mucous
ATGGGTTCACAAAGCG.1_4,epithelial
ATGGGTTTCCATTGTT.1_4,epithelial
ATGGTTGAGGTTTACC.1_4,quality
ATGGTTGGTCCACAGC.1_4,mucous
ATGTCCCCATCTCAAG.1_4,like
ATTACCTAGCTCGACC.1_4,mucous
ATTACCTCAACGTTAC.1_4,like
ATTACCTCAATTAGGA.1_4,mucous
ATTACCTCAGCCGGTT.1_4,epithelial
ATTACCTCATCGTGCG.1_4,epithelial
ATTACCTGTCTACGAT.1_4,epithelial
ATTACCTTCAGGTGTT.1_4,epithelial
ATTACCTTCATCCTGC.1_4,quality
ATTACCTTCCGTCCTA.1_4,epithelial
ATTACCTTCGGCTTCT.1_4,quality
ATTACTCCAACGGGTA.1_4,mucous
ATTACTCGTCGTTGCG.1_4,quality
ATTACTCTCGAGAAAT.1_4,mucous
ATTATCCCACGTGAGA.1_4,epithelial
ATTCACTAGCGTGCCT.1_4,quality
ATTCACTCATTCACAG.1_4,epithelial
ATTCACTGTCTCAGGC.1_4,mucous
ATTCAGGTCCTGCCAT.1_4,epithelial
ATTCATCAGAGGTTAT.1_4,quality
ATTCCATGTCGTTCAA.1_4,mucous
ATTCCCGCAAGACGGT.1_4,quality
ATTCCCGCATGTGCTA.1_4,Immune
ATTCCCGTCCGTATGA.1_4,quality
ATTCCTACAAGGTCGA.1_4,mucous
ATTCCTACATCTATCT.1_4,mucous
ATTCCTAGTGTTTACG.1_4,mucous
ATTCGTTAGCATTGTC.1_4,epithelial
ATTCGTTTCAGAGCAG.1_4,mucous
ATTCTACTCCGTAGTA.1_4,epithelial
ATTCTTGAGGCTGTAG.1_4,mucous
ATTCTTGCACCAGTTA.1_4,epithelial
ATTCTTGTCTACACAG.1_4,epithelial
ATTGGGTGTAGCTTGT.1_4,quality
ATTGGGTGTCAGCGTC.1_4,mucous
ATTGGGTGTGCAGTGA.1_4,epithelial
ATTGTTCAGGACTAAT.1_4,epithelial
ATTGTTCTCCCTTGGT.1_4,mucous
ATTGTTCTCTCCGCAT.1_4,mucous
ATTTACCCAGCAGTCC.1_4,epithelial
ATTTACCGTCGTCTCT.1_4,epithelial
ATTTCACTCTGCCTGT.1_4,epithelial
ATTTCTGGTTCTTGTT.1_4,epithelial
ATTTCTGTCCGATGTA.1_4,mucous
CAAAGAATCTTCCCAG.1_4,like
CAACAACAGGGCAGAG.1_4,quality
CAACAACTCTACAGGT.1_4,quality
CAACAGTCAGCGTTGC.1_4,mucous
CAACCTCAGAGGCGTT.1_4,quality
CAACCTCCATGGCACC.1_4,quality
CAACCTCGTGGGCTCT.1_4,quality
CAACCTCTCGGCAGTC.1_4,mucous
CAACGATCATAATCGC.1_4,mucous
CAACGGCGTTGCGTAT.1_4,epithelial
CAAGACTTCCCAATAG.1_4,mucous
CAAGACTTCGGCATTA.1_4,epithelial
CAAGAGGGTATCACGT.1_4,mucous
CAAGAGGTCCGTGTCT.1_4,epithelial
CAAGAGGTCGCACGGT.1_4,mucous
CAAGAGGTCTCGTTTA.1_4,mucous
CAAGCTACAACCGATT.1_4,epithelial
CAAGGGAAGCTGTGCC.1_4,quality
CAAGGGACACTGGCCA.1_4,epithelial
CAATACGAGGTGCCAA.1_4,quality
CAATACGGTGCCTGCA.1_4,epithelial
CAATACGGTTGGACTT.1_4,mucous
CAATCGAAGGCTAACG.1_4,epithelial
CAATCGAGTCTACATG.1_4,quality
CAATCGATCCATACAG.1_4,epithelial
CAATCGATCCGCGGAT.1_4,quality
CAATGACAGGATTTAG.1_4,epithelial
CAATGACCATAGGAGC.1_4,mucous
CAATGACGTAACGATA.1_4,quality
CACACAAGTGCGTGCT.1_4,quality
CACATGACACGGTCTG.1_4,mucous
CACATGAGTGCACAAG.1_4,like
CACATGATCCCGATCT.1_4,epithelial
CACATGATCGAGAATA.1_4,quality
CACCAAAAGACTCTAC.1_4,quality
CACCGTTGTGTCCGTG.1_4,quality
CACGAATAGGTCGTCC.1_4,mucous
CACGAATTCCACCTCA.1_4,mucous
CACGGGTCAGCCCACA.1_4,quality
CACGGGTCATTGACTG.1_4,like
CACTAAGCAAATGGTA.1_4,mucous
CACTAAGTCCGGCTTT.1_4,mucous
CACTAAGTCCTGGTCT.1_4,mucous
CACTGAAAGGTGCATG.1_4,mucous
CACTGAAGTATCGCTA.1_4,epithelial
CACTGGGAGCATGATA.1_4,Endocrine
CACTGGGGTAGACGTG.1_4,mucous
CACTGGGTCTTGGTGA.1_4,mucous
CACTGTCAGTCGCGAA.1_4,quality
CACTGTCCATGGAGAC.1_4,quality
CACTTCGCAAAGGGCT.1_4,epithelial
CACTTCGCAGCCGTCA.1_4,epithelial
CACTTCGGTATGGAGC.1_4,epithelial
CAGAGCCAGAAGTCCG.1_4,epithelial
CAGATACCATGACTAC.1_4,epithelial
CAGATACGTGCAATGG.1_4,epithelial
CAGATTGAGCGCCTAC.1_4,epithelial
CAGATTGAGTTAACAG.1_4,epithelial
CAGATTGCAGTAGAGC.1_4,mucous
CAGCAATCAGAAGCTG.1_4,mucous
CAGCACGCAATTTCGG.1_4,mucous
CAGCAGCAGGCATTTC.1_4,mucous
CAGCAGCGTGGCGTAA.1_4,quality
CAGCAGCTCATGTCAG.1_4,quality
CAGCCAGCATAGAAAC.1_4,quality
CAGCCAGTCCATCACC.1_4,mucous
CAGCGTGCAAGCTGTT.1_4,quality
CAGCGTGGTACGACTT.1_4,epithelial
CAGCGTGGTGTACATC.1_4,epithelial
CAGGCCAAGGGTATAT.1_4,Proliferating
CAGGCCAGTTATCCAG.1_4,like
CAGGGCTAGTTGAATG.1_4,quality
CAGGGCTCACAGCCAC.1_4,like
CAGGGCTTCGCCTATC.1_4,quality
CAGTGCGCAGAGATTA.1_4,epithelial
CAGTGCGGTACAACGG.1_4,like
CAGTGCGGTTATGACC.1_4,epithelial
CAGTGCGTCCTGGTCT.1_4,Proliferating
CAGTTAGAGGAGTCTG.1_4,quality
CAGTTAGCAAGACTGG.1_4,mucous
CAGTTAGCATGAATCC.1_4,mucous
CAGTTAGTCACAGAGG.1_4,quality
CAGTTCCGTGCACATT.1_4,mucous
CATAAGCAGGTTGAGC.1_4,quality
CATAAGCGTCACCGCA.1_4,mucous
CATACAGGTGAATAAC.1_4,mucous
CATACAGGTTGTGCCG.1_4,mucous
CATACAGTCGAACTCA.1_4,Endocrine
CATACCCAGTCATAGA.1_4,epithelial
CATACCCTCTACCTTA.1_4,epithelial
CATACTTTCGAGAAAT.1_4,quality
CATAGACAGTCGCGAA.1_4,quality
CATCAAGAGTCTGGTT.1_4,Proliferating
CATCAAGGTAAGATCA.1_4,quality
CATCCACAGCCTGTGC.1_4,epithelial
CATCCACCACCAGTTA.1_4,quality
CATCCACGTGAGTAGC.1_4,mucous
CATCCACTCGAGCTGC.1_4,like
CATCCGTGTCGAGATG.1_4,mucous
CATCGCTAGATAGTGT.1_4,quality
CATCGCTGTGGCACTC.1_4,quality
CATCGCTTCCGATAAC.1_4,epithelial
CATCGGGAGCAGCCCT.1_4,epithelial
CATCGTCGTATCGATC.1_4,like
CATGAGTAGAGCAAGA.1_4,mucous
CATGCAACACTGAGTT.1_4,epithelial
CATGCCTAGACGGTTG.1_4,quality
CATGCGGAGGCTATCT.1_4,Immune
CATGCGGCAAATACGA.1_4,mucous
CATGCTCGTTGCGGCT.1_4,quality
CATGCTCTCCAACCGG.1_4,epithelial
CATGCTCTCGAAGGAC.1_4,epithelial
CATGCTCTCGTGCAGC.1_4,mucous
CATGGTAAGATGAACT.1_4,quality
CATGGTAGTGATATAG.1_4,mucous
CATTCATGTTCGGACC.1_4,quality
CATTCCGAGAAGCGCT.1_4,epithelial
CATTCCGAGCACTCCG.1_4,quality
CATTCTAGTCCAGCCA.1_4,epithelial
CATTGAGCACTACAGT.1_4,epithelial
CATTGCCCAACAGCTT.1_4,quality
CATTGTTGTTGGCCTG.1_4,epithelial
CATTGTTTCATGGTAC.1_4,epithelial
CATTGTTTCTGGTTGA.1_4,epithelial
CATTTCACATGCCGGT.1_4,epithelial
CCAAGCGAGTAGCAAT.1_4,quality
CCAAGCGCACAAAGCG.1_4,mucous
CCAAGCGTCCATTCGC.1_4,epithelial
CCAATGAAGAAGGTAG.1_4,epithelial
CCAATGAAGTCTGGTT.1_4,quality
CCAATGATCAACCTTT.1_4,epithelial
CCAATTTAGCGAGGAG.1_4,quality
CCAATTTCATCTGCGG.1_4,mucous
CCACAAACATGAGTAA.1_4,epithelial
CCACAAACATGCACTA.1_4,epithelial
CCACAAACATGGCACC.1_4,epithelial
CCACAAAGTCGTCAGC.1_4,epithelial
CCACACTAGTAAGGGA.1_4,mucous
CCACACTGTGGACCTC.1_4,epithelial
CCACACTTCTACTGCC.1_4,quality
CCACCATCAAGGCGTA.1_4,epithelial
CCACCATCAGGTCTCG.1_4,mucous
CCACCATCATTAGGAA.1_4,epithelial
CCACGAGAGAGCCGAT.1_4,epithelial
CCACGTTAGGTATAGT.1_4,mucous
CCACGTTCAATCTCGA.1_4,epithelial
CCACGTTTCTTACGTT.1_4,Proliferating
CCACTTGAGGTCTTTG.1_4,quality
CCACTTGGTCTCAAGT.1_4,quality
CCATAAGCAAGTCGTT.1_4,epithelial
CCATAAGTCGTTCAGA.1_4,quality
CCATCACAGAACGTGC.1_4,mucous
CCATCACCAAGTACCT.1_4,epithelial
CCATCACCAAGTCCCG.1_4,like
CCATCACGTTCGTAAC.1_4,like
CCATCACGTTGGAGAC.1_4,quality
CCCAACTGTAGCACAG.1_4,mucous
CCCATTGGTCCCTGAG.1_4,mucous
CCCTAACAGTCACAGG.1_4,epithelial
CCCTCAAGTACTGGGA.1_4,mucous
CCCTCTCTCAGCTGTA.1_4,mucous
CCCTGATAGACGCCAA.1_4,mucous
CCCTGATGTACGTTCA.1_4,quality
CCGAACGGTATCGCAT.1_4,epithelial
CCGATGGAGGATGGCT.1_4,epithelial
CCGATGGCAAATCCCA.1_4,quality
CCGCAAGCAGTTGTTG.1_4,epithelial
CCGGACAAGAACGCGT.1_4,quality
CCGGACATCACTGTCC.1_4,mucous
CCGGGTAAGCCTATCA.1_4,mucous
CCGGTAGGTTCCAGGC.1_4,epithelial
CCGGTGACAAACGTGG.1_4,quality
CCGTGAGTCAAGCCAT.1_4,epithelial
CCGTTCACACCCTTAC.1_4,mucous
CCTAAGAGTGCATGAG.1_4,quality
CCTAAGATCCTACAAG.1_4,epithelial
CCTACGTAGCGTGCCT.1_4,quality
CCTACGTTCGGTCTAA.1_4,epithelial
CCTACGTTCTCCAAGA.1_4,quality
CCTATCGTCGTGGGTC.1_4,Proliferating
CCTCAACCACCAGTTA.1_4,Proliferating
CCTCAACTCGATGCAT.1_4,epithelial
CCTCAGTCATCATCTT.1_4,epithelial
CCTCAGTTCAATCAGC.1_4,mucous
CCTCCAATCCCGAGGT.1_4,mucous
CCTCCTCTCTCTGCCA.1_4,epithelial
CCTCCTCTCTGGTTGA.1_4,epithelial
CCTCTAGAGGGACACT.1_4,like
CCTCTAGGTAACCCGC.1_4,mucous
CCTGCATAGGTCGTAG.1_4,like
CCTGCATCAGGAAGTC.1_4,quality
CCTGTTGAGCGATTCT.1_4,epithelial
CCTTCAGTCCATAGAC.1_4,mucous
CCTTCAGTCCTATTGT.1_4,like
CCTTCAGTCGCCGAGT.1_4,epithelial
CCTTGTGGTCTACTGA.1_4,quality
CCTTGTGTCAGTGGGA.1_4,epithelial
CCTTTGGCAACGCCCA.1_4,like
CCTTTGGGTTAATGAG.1_4,quality
CGAAGGACATACAGGG.1_4,epithelial
CGAAGGAGTTGTATGC.1_4,mucous
CGAAGTTCAGCTAACT.1_4,mucous
CGAAGTTGTATGAAGT.1_4,quality
CGAATTGAGTGACACG.1_4,quality
CGACAGCCAGGAACCA.1_4,quality
CGAGAAGTCGGCTCTT.1_4,epithelial
CGAGGAAGTTGACTAC.1_4,mucous
CGAGGAAGTTGTATGC.1_4,quality
CGAGGCTCAGTAGATA.1_4,quality
CGAGTGCCAGCTTTGA.1_4,mucous
CGAGTGCGTGTTCCTC.1_4,quality
CGAGTTACATACCACA.1_4,epithelial
CGAGTTACATGGGATG.1_4,mucous
CGAGTTATCAATCAGC.1_4,quality
CGATGCGAGATCCCGC.1_4,mucous
CGATGCGCAGGCCCTA.1_4,epithelial
CGATGCGGTTGAGTCT.1_4,epithelial
CGATGCGTCCATGAGT.1_4,like
CGATGCGTCGTGCGAC.1_4,Proliferating
CGATGGCAGAACGTGC.1_4,mucous
CGCAGGTAGTCGAGGT.1_4,epithelial
CGCAGGTGTGGCTTGC.1_4,epithelial
CGCATGGAGACATACA.1_4,mucous
CGCATGGAGACGACTG.1_4,quality
CGCCAGACAGGACATG.1_4,mucous
CGCCAGATCATATGGC.1_4,mucous
CGCCAGATCCAAGAGG.1_4,mucous
CGCCATTAGGCTAAAT.1_4,epithelial
CGCGTGAAGAGTCAAT.1_4,mucous
CGCGTGAGTGGACTAG.1_4,quality
CGGAACCAGTAGTCCT.1_4,quality
CGGAACCAGTCATCCA.1_4,epithelial
CGGAACCCACACGTGC.1_4,mucous
CGGAACCGTATTAAGG.1_4,quality
CGGAACCTCCGATGCG.1_4,epithelial
CGGAATTAGTTGAAAC.1_4,mucous
CGGACACCAGAACATA.1_4,mucous
CGGACACGTAAGCAAT.1_4,epithelial
CGGAGAACACAAATAG.1_4,epithelial
CGGAGAATCGTGGGTC.1_4,epithelial
CGGCAGTAGCTAGATA.1_4,mucous
CGGCAGTAGGGCAATC.1_4,quality
CGGGACTAGCCGAATG.1_4,quality
CGGGACTAGTGGAAAG.1_4,mucous
CGGGACTGTTAATGAG.1_4,epithelial
CGGGACTTCTCCTGCA.1_4,Proliferating
CGGGCATCACTTCTCG.1_4,mucous
CGGGCATTCACACGAT.1_4,epithelial
CGGGTCACACGTATAC.1_4,mucous
CGGGTCATCACTCACC.1_4,mucous
CGGGTGTAGCTCGTGC.1_4,quality
CGGGTGTAGGAGAGGC.1_4,mucous
CGGGTGTGTGAGGCAT.1_4,quality
CGGGTGTGTTTGAAAG.1_4,mucous
CGGTCAGAGGTGCTGA.1_4,epithelial
CGGTCAGCACTCCTTG.1_4,quality
CGGTCAGCAGGATGAC.1_4,mucous
CGGTCAGGTACCGCGT.1_4,mucous
CGGTCAGGTAGTACGG.1_4,quality
CGGTCAGGTATCGATC.1_4,mucous
CGTAAGTCAAATGCGG.1_4,epithelial
CGTAAGTCAGTCAACT.1_4,quality
CGTAATGGTTCCGTTC.1_4,epithelial
CGTAGTATCGCACGAC.1_4,epithelial
CGTCAAAGTGCATGTT.1_4,quality
CGTCAAATCCGGTAGC.1_4,quality
CGTGAATAGCGTCAGA.1_4,epithelial
CGTGAATGTAACAGGC.1_4,epithelial
CGTGATAGTCGTCAGC.1_4,epithelial
CGTGATATCGTCTCAC.1_4,epithelial
CGTGCTTAGAATCCCT.1_4,quality
CGTGCTTGTTGCATAC.1_4,mucous
CGTGCTTTCAGTGCGC.1_4,mucous
CGTGCTTTCCGCAAAT.1_4,epithelial
CGTTAGAAGTAATACG.1_4,quality
CGTTAGAGTGTTACAC.1_4,epithelial
CGTTCTGAGCTCGAAG.1_4,epithelial
CGTTCTGGTTGCTAGT.1_4,epithelial
CGTTGGGGTAGGTACG.1_4,epithelial
CTAACCCAGCGCAATG.1_4,mucous
CTAACTTCAATCTCTT.1_4,quality
CTAACTTGTCCAGGTC.1_4,mucous
CTAAGTGAGAGCCGTA.1_4,epithelial
CTACAGAAGGCGAAGG.1_4,quality
CTACAGATCTTTACAC.1_4,Proliferating
CTACATTAGCACCAGA.1_4,quality
CTACCCAAGTTGCGAG.1_4,epithelial
CTACCTGAGACGAGCT.1_4,Endocrine
CTACGGGAGGAGCAAA.1_4,mucous
CTAGGTAGTTAGAGTA.1_4,mucous
CTATAGGTCAGCATTG.1_4,mucous
CTATCCGCAAGTGGCA.1_4,quality
CTATCTAAGGTTCATC.1_4,epithelial
CTATCTAGTAGGCAGT.1_4,quality
CTATCTAGTGGCCACT.1_4,epithelial
CTCAACCGTCTCTCTG.1_4,mucous
CTCAAGACAAGGCCTC.1_4,mucous
CTCAATTAGGGCGAAG.1_4,mucous
CTCAATTCAAACAGGC.1_4,mucous
CTCAGAAAGGTAGCAC.1_4,quality
CTCAGAAGTGTCGATT.1_4,epithelial
CTCAGAAGTGTCGCTG.1_4,mucous
CTCAGAAGTTCTTGTT.1_4,epithelial
CTCAGAATCAATGCAC.1_4,mucous
CTCAGAATCAGTGATC.1_4,mucous
CTCAGGGGTGCATGTT.1_4,like
CTCAGTCAGGTCCCGT.1_4,epithelial
CTCAGTCGTGGTACAG.1_4,epithelial
CTCATCGAGACTGTTC.1_4,epithelial
CTCATCGCAAATGCTC.1_4,quality
CTCATCGCATAATGCC.1_4,mucous
CTCATCGCATGTGCCG.1_4,epithelial
CTCATGCAGTATTAGG.1_4,epithelial
CTCATTAAGAGAGCGG.1_4,quality
CTCCAACAGAAGCTCG.1_4,mucous
CTCCAACCAAAGGCAC.1_4,mucous
CTCCAACCAAGGCTTT.1_4,mucous
CTCCAACTCCTGGCTT.1_4,epithelial
CTCCACAAGATCACTC.1_4,epithelial
CTCCACACATCAACCA.1_4,like
CTCCACAGTTCAGCGC.1_4,mucous
CTCCACATCTGCATAG.1_4,epithelial
CTCCATGAGACCGTTT.1_4,quality
CTCCATGAGCTTTCTT.1_4,mucous
CTCCATGAGGTCGTGA.1_4,quality
CTCCCAAGTCCTCATC.1_4,epithelial
CTCCCTCCATATGAAG.1_4,epithelial
CTCCCTCTCATTCGGA.1_4,mucous
CTCCGATTCTAGGAAA.1_4,mucous
CTCCTCCCACAGCTGC.1_4,quality
CTCCTTTCAGCTTTGA.1_4,epithelial
CTCGAGGGTGGCATCC.1_4,quality
CTCTCAGGTTCTAACG.1_4,mucous
CTCTCAGTCTCTAAGG.1_4,quality
CTCTCGACAATCGAAA.1_4,Endocrine
CTCTCGACACATGACT.1_4,mucous
CTCTCGATCCGGCAAC.1_4,mucous
CTCTGGTGTCCCTGTT.1_4,quality
CTGAATGAGACCAACG.1_4,quality
CTGAATGAGCTAGTTC.1_4,quality
CTGAATGAGTCCGCCA.1_4,quality
CTGAATGCATGTGGCC.1_4,mucous
CTGAGCGTCCCTCAAC.1_4,quality
CTGAGGCTCCGAGGCT.1_4,mucous
CTGCAGGCAGCGTACC.1_4,epithelial
CTGCATCTCTGTGTGA.1_4,epithelial
CTGCCATAGCTGACAG.1_4,mucous
CTGCCATGTCAGTCTA.1_4,mucous
CTGCCATGTTTACTTC.1_4,epithelial
CTGCCATTCCATTCAT.1_4,epithelial
CTGCCTAGTCGACTGC.1_4,epithelial
CTGCTCATCAAGCCCG.1_4,mucous
CTGGACGAGGTGCCAA.1_4,epithelial
CTGGCAGGTTACGATC.1_4,mucous
CTGGTCTAGGACGGAG.1_4,like
CTGTAGAAGATGCGAC.1_4,epithelial
CTGTAGACAGCCTTCT.1_4,epithelial
CTGTAGACAGTCTGGC.1_4,mucous
CTGTATTGTTGTTGCA.1_4,epithelial
CTGTGAAAGACGAAGA.1_4,mucous
CTGTGAAAGGACATCG.1_4,quality
CTGTGAAGTGAGTGAC.1_4,quality
CTGTGAAGTTGACGGA.1_4,epithelial
CTGTGGGGTGATAGAT.1_4,quality
CTGTGGGGTTGTTGCA.1_4,mucous
CTGTGGGTCGATACTG.1_4,like
CTTACCGGTCTCGACG.1_4,mucous
CTTACCGTCAAACGTC.1_4,mucous
CTTCAATCACGTATAC.1_4,mucous
CTTCAATGTAGTCCTA.1_4,like
CTTCCGAAGTAGTCCT.1_4,mucous
CTTCCTTAGGACAGCT.1_4,quality
CTTCCTTCACTCTCGT.1_4,quality
CTTCCTTTCGGTCATA.1_4,quality
CTTCGGTGTGATATAG.1_4,mucous
CTTCTCTCAAATGGAT.1_4,quality
CTTCTCTCAATCCAGT.1_4,quality
CTTCTCTCAGGCATTT.1_4,quality
CTTCTCTGTTGAGAGC.1_4,mucous
CTTGAGAAGCGGATCA.1_4,mucous
CTTGAGAGTATACGGG.1_4,epithelial
CTTGATTCACCCTAAA.1_4,epithelial
CTTTCAAGTTATTCTC.1_4,quality
CTTTCGGAGTATGACA.1_4,epithelial
GAAACCTTCGTGTCAA.1_4,epithelial
GAAATGAAGCTCATAC.1_4,epithelial
GAACACTAGCGAATGC.1_4,quality
GAACACTCAAACGAGC.1_4,Endocrine
GAACGTTAGGCGAACT.1_4,mucous
GAACGTTCAGTCACGC.1_4,mucous
GAACGTTTCAGACCTA.1_4,mucous
GAACTGTGTAGAGGAA.1_4,epithelial
GAAGAATCAGCAGACA.1_4,quality
GAAGAATCATGCCATA.1_4,quality
GAAGCCCTCACCATAG.1_4,epithelial
GAAGCGACAGTCAGTT.1_4,quality
GAAGCGAGTAGACTGG.1_4,mucous
GAAGGACCAATTGCCA.1_4,mucous
GAAGGACGTGTGCCTG.1_4,quality
GAAGGGTCACGTATAC.1_4,mucous
GAAGTAAAGTCTACCA.1_4,epithelial
GAAGTAAGTGTGCTTA.1_4,quality
GAATCACGTAGTAAGT.1_4,quality
GAATCGTTCTATACGG.1_4,quality
GACACGCAGTGTACAA.1_4,epithelial
GACAGCCAGCGACTTT.1_4,epithelial
GACAGCCTCGGTCTAA.1_4,mucous
GACATCACAAAGGCAC.1_4,epithelial
GACATCAGTTTACTGG.1_4,mucous
GACCAATTCCCGAGTG.1_4,mucous
GACCAATTCTCGTTTA.1_4,epithelial
GACCCAGCATATAGCC.1_4,quality
GACCCAGGTAGACAAT.1_4,epithelial
GACCCTTAGGTTCACT.1_4,epithelial
GACCCTTGTTCCATTT.1_4,quality
GACCCTTTCAGCCCAG.1_4,epithelial
GACCCTTTCGGTCAGC.1_4,epithelial
GACCGTGTCTGGAAGG.1_4,epithelial
GACCTTCAGACCACGA.1_4,epithelial
GACCTTCCACATCATG.1_4,epithelial
GACGCTGGTACCACGC.1_4,quality
GACGCTGTCGTGCATA.1_4,epithelial
GACGTTACAGTGTATC.1_4,quality
GACGTTAGTACGAAAT.1_4,Proliferating
GACGTTAGTTCAAACC.1_4,epithelial
GACGTTAGTTCTCCTG.1_4,quality
GACTATGTCAAGCCCG.1_4,epithelial
GACTATGTCGGTTCAA.1_4,quality
GACTCAAAGCTGAAGC.1_4,quality
GACTCTCAGGCGCTTC.1_4,quality
GACTGATCATGGGCAA.1_4,mucous
GACTGATGTCGTCATA.1_4,epithelial
GAGACCCAGCGATTCT.1_4,like
GAGACCCAGGTGCGAT.1_4,mucous
GAGACCCCAATGGGTG.1_4,mucous
GAGACCCCACACAGAG.1_4,mucous
GAGACCCGTGGAGAAA.1_4,epithelial
GAGACTTCATACCACA.1_4,epithelial
GAGAGGTGTTGACTGT.1_4,quality
GAGATGGAGAGGGCGA.1_4,epithelial
GAGATGGCATGACCCG.1_4,epithelial
GAGATGGGTACGCGTC.1_4,epithelial
GAGCTGCTCATCCCGT.1_4,mucous
GAGCTGCTCTGAGTCA.1_4,epithelial
GAGGCAATCGAAGTGG.1_4,mucous
GAGGCCTAGTGGAAGA.1_4,quality
GAGGCCTCAGCGTACC.1_4,epithelial
GAGGGATAGAGCAACC.1_4,quality
GAGGGATCACAGAAGC.1_4,quality
GAGTCATCAACTCCCT.1_4,epithelial
GAGTGAGAGAGTTGTA.1_4,quality
GAGTGAGGTTCCTACC.1_4,epithelial
GAGTGAGTCGATAACC.1_4,epithelial
GAGTGTTGTAGAATAC.1_4,epithelial
GAGTGTTGTAGCTGAG.1_4,Endocrine
GAGTTACGTATCCCAA.1_4,epithelial
GAGTTGTCACTTGTGA.1_4,epithelial
GAGTTGTGTACGTAGG.1_4,epithelial
GAGTTGTTCATGCGGC.1_4,epithelial
GAGTTTGAGATGCTTC.1_4,epithelial
GAGTTTGCAGACCGCT.1_4,epithelial
GATAGAAAGAAGCGAA.1_4,epithelial
GATAGAAGTTGCATCA.1_4,quality
GATAGCTGTCATCGCG.1_4,like
GATAGCTTCATAGACC.1_4,mucous
GATCATGAGACTCCGC.1_4,quality
GATCATGAGAGTGGCT.1_4,quality
GATCATGAGCGACTAG.1_4,epithelial
GATCATGCAAGCGAGT.1_4,quality
GATCATGGTCGGCCTA.1_4,epithelial
GATCCCTGTCATCAGT.1_4,mucous
GATCGTACACGCGTCA.1_4,quality
GATCGTACATCGTGCG.1_4,epithelial
GATGACTGTAACGCGA.1_4,like
GATGAGGCACCGTGGT.1_4,quality
GATGAGGGTCGAAACG.1_4,Endocrine
GATGAGGTCTTTCCGG.1_4,Proliferating
GATGATCCACCGGAAA.1_4,quality
GATGATCTCCGAAGGA.1_4,mucous
GATGCTATCACCACAA.1_4,mucous
GATGGAGGTTCGGCTG.1_4,mucous
GATGTTGAGTCAGAGC.1_4,Proliferating
GATGTTGCAAATGATG.1_4,quality
GATTCGAAGGAGGTTC.1_4,epithelial
GATTCGATCAGGAGAC.1_4,quality
GATTCTTCAACTGAAA.1_4,mucous
GATTCTTTCTTGGTGA.1_4,like
GATTTCTAGTACAGCG.1_4,like
GATTTCTTCCATTTGT.1_4,epithelial
GCAACATCAGAATGTA.1_4,quality
GCAACCGCACTCTGCT.1_4,epithelial
GCAACCGGTGGCTCTG.1_4,epithelial
GCACATAAGGACGCAT.1_4,quality
GCACATATCAAGCCAT.1_4,quality
GCACGGTAGCTTTGTG.1_4,quality
GCACGGTCAACGATCT.1_4,epithelial
GCACTAACACATACTG.1_4,mucous
GCAGCCACAGTGGCTC.1_4,epithelial
GCAGCTGAGAGGCTGT.1_4,mucous
GCAGCTGCAAGAGAGA.1_4,epithelial
GCAGCTGGTTCGGCCA.1_4,mucous
GCAGCTGTCCGAAGGA.1_4,epithelial
GCAGGCTAGAGTATAC.1_4,epithelial
GCAGGCTGTTTCGATG.1_4,quality
GCAGGCTTCACCTACC.1_4,mucous
GCAGTTAGTATACAGA.1_4,epithelial
GCAGTTAGTGGTAATA.1_4,quality
GCAGTTAGTTTACCTT.1_4,quality
GCAGTTATCAACTTTC.1_4,Proliferating
GCATCGGCATGAAGCG.1_4,mucous
GCATCGGTCATGAGGG.1_4,epithelial
GCATGATGTACGATTC.1_4,mucous
GCATGATTCTGCCCTA.1_4,mucous
GCCAACGAGCAGATAT.1_4,quality
GCCAACGCATGGATCT.1_4,like
GCCAACGTCGGAATGG.1_4,epithelial
GCCAGGTAGTAAATGC.1_4,mucous
GCCAGGTCAGTTGCGC.1_4,mucous
GCCAGGTTCGGCGATC.1_4,mucous
GCCAGTGTCAAGATAG.1_4,quality
GCCAGTGTCGAACTCA.1_4,quality
GCCAGTGTCGTGCTCT.1_4,quality
GCCATTCTCACTCCGT.1_4,Proliferating
GCCATTCTCATGAGGG.1_4,quality
GCCCAGATCTTCCCGA.1_4,mucous
GCCCGAAAGCCTTGAT.1_4,epithelial
GCCCGAACAAGAGTAT.1_4,quality
GCCCGAATCGGCTTCT.1_4,mucous
GCCGTGAGTATGGAAT.1_4,epithelial
GCCGTGATCTGCGGAC.1_4,mucous
GCGAGAAAGGACAGTC.1_4,mucous
GCGATCGGTTAGGGTG.1_4,mucous
GCGGATCAGAAAGTCT.1_4,mucous
GCGTTTCAGATTTGCC.1_4,epithelial
GCGTTTCGTCGCGTCA.1_4,epithelial
GCGTTTCTCCTAAGTG.1_4,Proliferating
GCTACAATCACCCATC.1_4,like
GCTACAATCGATACTG.1_4,mucous
GCTACAATCTGCGGCA.1_4,mucous
GCTACCTCAGACAAAT.1_4,epithelial
GCTCAAACAGATCATC.1_4,epithelial
GCTCAAATCCTAAACG.1_4,epithelial
GCTGAATCACGGTAGA.1_4,quality
GCTGAATTCCCAGTGG.1_4,quality
GCTGGGTAGAAACACT.1_4,mucous
GCTGGGTAGTTCTCTT.1_4,mucous
GCTGGGTGTCGTGGAA.1_4,quality
GCTGGGTTCCATCGTC.1_4,quality
GCTTCACAGTGTCATC.1_4,epithelial
GCTTCACTCAGATTGC.1_4,quality
GCTTCACTCCGAACGC.1_4,mucous
GCTTGGGAGGATGCGT.1_4,epithelial
GCTTTCGAGGAGGCAG.1_4,mucous
GCTTTCGAGTATAACG.1_4,epithelial
GCTTTCGCAAATTAGG.1_4,epithelial
GCTTTCGGTCCTACGG.1_4,epithelial
GGAACCCAGGTGCCTC.1_4,quality
GGAACCCTCTTGCGCT.1_4,like
GGAAGTGAGCCTCGTG.1_4,quality
GGAAGTGGTTGTCCCT.1_4,mucous
GGAATCTGTAGTGCGA.1_4,mucous
GGAATCTTCACCCTGT.1_4,mucous
GGAATCTTCTGCGAGC.1_4,epithelial
GGAATGGCAGTGTGGA.1_4,quality
GGAATGGGTAAGGCCA.1_4,quality
GGAATGGTCCGTACGG.1_4,Proliferating
GGACGTCAGATAGCTA.1_4,quality
GGACGTCTCCACGGGT.1_4,epithelial
GGAGAACGTGGTGATG.1_4,epithelial
GGAGAACTCTAGCCTC.1_4,like
GGAGATGAGCTGGCCT.1_4,quality
GGAGCAATCACACGAT.1_4,quality
GGAGCAATCGACCAAT.1_4,mucous
GGAGGATAGCCTCTCT.1_4,epithelial
GGAGGATGTCTCAAGT.1_4,mucous
GGAGGTACACAGCATT.1_4,epithelial
GGATCTACAAGCACCC.1_4,epithelial
GGATCTAGTCAAATCC.1_4,quality
GGATGTTAGCACGTCC.1_4,Endocrine
GGCACGTGTCCTACAA.1_4,epithelial
GGCGTCATCTGTGTGA.1_4,quality
GGCTGTGAGACCCTTA.1_4,epithelial
GGCTGTGAGGAATCGC.1_4,quality
GGCTGTGCAAGCGAAC.1_4,quality
GGCTTTCGTATCACCA.1_4,quality
GGGAAGTGTAACATCC.1_4,epithelial
GGGAAGTTCGCTTGCT.1_4,mucous
GGGAAGTTCTACCCAC.1_4,epithelial
GGGACCTAGGGTACAC.1_4,epithelial
GGGACCTAGTCGAGGT.1_4,mucous
GGGACCTCAACCAGAG.1_4,epithelial
GGGACCTGTGACAACG.1_4,epithelial
GGGACCTTCGGCATTA.1_4,epithelial
GGGACTCAGGAGGCAG.1_4,epithelial
GGGAGATCACGCAGTC.1_4,quality
GGGAGATGTAACCCTA.1_4,mucous
GGGAGATGTGACAGCA.1_4,quality
GGGAGTAAGGAATGTT.1_4,epithelial
GGGAGTACATCCGATA.1_4,mucous
GGGATGATCACCGGTG.1_4,epithelial
GGGCGTTCATGACGAG.1_4,mucous
GGGCGTTGTGCCTAAT.1_4,epithelial
GGGCGTTGTGGGCTTC.1_4,epithelial
GGGCGTTTCTAACGCA.1_4,quality
GGGCTACAGACCTCCG.1_4,epithelial
GGGCTACAGCAAATGT.1_4,epithelial
GGGCTACGTACCGTGC.1_4,epithelial
GGGCTACGTCGAACGA.1_4,quality
GGGCTACGTCGCATTA.1_4,mucous
GGGCTCAGTGGCAACA.1_4,Endocrine
GGGTAGAAGCTATCTG.1_4,mucous
GGGTAGACAGAGGCTA.1_4,epithelial
GGGTAGAGTCGCGTTG.1_4,quality
GGGTAGATCACCGCTT.1_4,mucous
GGGTAGATCCGATAGT.1_4,epithelial
GGGTATTAGCGTATGG.1_4,quality
GGGTCACCAACATCGT.1_4,mucous
GGGTGAAAGCCTGAGA.1_4,epithelial
GGGTGAACAATGCTCA.1_4,quality
GGGTGAACAGATGCGA.1_4,quality
GGGTTATTCATTTCCA.1_4,mucous
GGGTTTAAGCCATGCC.1_4,Proliferating
GGTAACTCACCTCGTT.1_4,Endocrine
GGTAACTGTCACCGCA.1_4,epithelial
GGTAATCAGGCGAAGG.1_4,quality
GGTAATCGTCATTGCA.1_4,epithelial
GGTAGAGAGACGGTCA.1_4,epithelial
GGTCTGGAGCCTGAAG.1_4,epithelial
GGTCTGGTCCTCTAGC.1_4,epithelial
GGTGAAGCAACGCCCA.1_4,quality
GGTGAAGCAAGTATAG.1_4,quality
GGTGATTAGATTCGCT.1_4,epithelial
GGTGATTGTCGTTTCC.1_4,epithelial
GGTGATTTCATCGTAG.1_4,mucous
GGTGGCTGTTGCAAGG.1_4,epithelial
GGTGTCGCAATGAAAC.1_4,like
GGTTAACGTCACTTAG.1_4,epithelial
GGTTAACGTGTTTGCA.1_4,epithelial
GGTTCTCCACGACCTG.1_4,epithelial
GGTTGTAGTAGGAGGG.1_4,mucous
GTAACACCACGCCACA.1_4,epithelial
GTAACCACAAATACGA.1_4,epithelial
GTAACCACATGAGATA.1_4,mucous
GTAAGTCCAGTGTGGA.1_4,epithelial
GTAAGTCTCCTGTACC.1_4,mucous
GTAAGTCTCTATCGTT.1_4,quality
GTAATCGCAGCGTAGA.1_4,mucous
GTAATCGCATCAGCTA.1_4,mucous
GTAATCGTCCGAAGGA.1_4,epithelial
GTACAACCACGCTGTG.1_4,quality
GTACAGTAGTATGAAC.1_4,quality
GTAGAGGAGCACTAAA.1_4,epithelial
GTAGAGGGTTCCAGGC.1_4,like
GTAGAGGTCAACCGAT.1_4,like
GTAGATCGTCTTGTCC.1_4,epithelial
GTAGCTAGTCTGTAGT.1_4,mucous
GTAGCTATCATTATCC.1_4,mucous
GTAGGAGAGTGATGGC.1_4,quality
GTAGGAGCACGTCTCT.1_4,like
GTAGGAGTCACGGGCT.1_4,epithelial
GTAGGAGTCTTTGATC.1_4,quality
GTAGGTTAGACCTCCG.1_4,mucous
GTAGTACAGGCACAAC.1_4,epithelial
GTAGTACCACGCCAGT.1_4,like
GTATTTCCATACGCAT.1_4,epithelial
GTATTTCTCCACACAA.1_4,epithelial
GTATTTCTCCACCCTA.1_4,mucous
GTCAAACAGCATACTC.1_4,quality
GTCAAACTCTAGATCG.1_4,epithelial
GTCAAGTCAATGTTGC.1_4,quality
GTCAAGTCATACAGGG.1_4,quality
GTCAAGTTCACGGAGA.1_4,quality
GTCAAGTTCCGTGTAA.1_4,quality
GTCACGGAGGAACATT.1_4,quality
GTCACGGCAAATACAG.1_4,quality
GTCACGGGTCTGGTTA.1_4,epithelial
GTCAGCGTCTTAATCC.1_4,mucous
GTCATGACATTACTCT.1_4,epithelial
GTCATGACATTGACTG.1_4,quality
GTCATGAGTTAGAAAC.1_4,epithelial
GTCATTTGTAGCCAGA.1_4,epithelial
GTCCACTAGGTTCATC.1_4,quality
GTCCACTCAACCGGAA.1_4,mucous
GTCCACTTCCGTGTAA.1_4,epithelial
GTCCCATGTAGAGATT.1_4,epithelial
GTCCTCAGTGGGAGAG.1_4,quality
GTCGCGAAGTGGTTCT.1_4,epithelial
GTCGTAAAGACGGAAA.1_4,epithelial
GTCGTAAAGAGTCAGC.1_4,epithelial
GTCGTTCGTATGATCC.1_4,epithelial
GTCGTTCTCCACATAG.1_4,epithelial
GTCTACCTCCATCACC.1_4,mucous
GTCTAGAGTCCGCAGT.1_4,epithelial
GTCTCACAGAAGCCTG.1_4,mucous
GTCTCACTCTAGGCAT.1_4,mucous
GTCTGTCTCTGTCGCT.1_4,epithelial
GTCTTTAAGGCGCTCT.1_4,epithelial
GTGACGCAGACATCAA.1_4,quality
GTGACGCCAACATACC.1_4,epithelial
GTGAGCCAGAGCAAGA.1_4,quality
GTGAGCCAGCCTATTG.1_4,mucous
GTGAGCCTCCCTCAAC.1_4,mucous
GTGAGCCTCGTCCTTG.1_4,quality
GTGAGGATCCATTTAC.1_4,mucous
GTGAGTTAGCAATAGT.1_4,Proliferating
GTGAGTTGTATCGCAT.1_4,epithelial
GTGATGTAGATTGATG.1_4,epithelial
GTGATGTAGCCTAGGA.1_4,mucous
GTGCACGCAGGATCTT.1_4,epithelial
GTGCAGCAGAGCTTTC.1_4,quality
GTGCAGCCACCCTGTT.1_4,epithelial
GTGCAGCTCTACTGCC.1_4,epithelial
GTGCTGGGTAGGCAGT.1_4,mucous
GTGCTTCCAGATACCT.1_4,mucous
GTGGAGACACTGTGAT.1_4,quality
GTGGAGAGTCACTGAT.1_4,epithelial
GTGGAGAGTTCAAACC.1_4,quality
GTGGCGTAGCCTAACT.1_4,mucous
GTGGCGTAGGACTATA.1_4,epithelial
GTGGCGTCATGGGTTT.1_4,epithelial
GTGGCGTGTGTTGCCG.1_4,like
GTGGCGTTCGCTTACC.1_4,mucous
GTGGGAAGTAAGAACT.1_4,Proliferating
GTGGTTAAGCTTAAGA.1_4,epithelial
GTGGTTACAATCTCGA.1_4,epithelial
GTGGTTAGTGTTGATC.1_4,epithelial
GTGGTTATCTGCACCT.1_4,mucous
GTGTAACCAGGAATCG.1_4,mucous
GTGTAACCATGGATCT.1_4,mucous
GTGTAACGTTGAGGAC.1_4,quality
GTGTCCTAGGTAATCA.1_4,epithelial
GTGTCCTGTATACGGG.1_4,Proliferating
GTGTGATTCGCTTACC.1_4,mucous
GTGTTAGGTATTGCCA.1_4,mucous
GTGTTAGGTCATGCAT.1_4,epithelial
GTGTTAGTCCTACGGG.1_4,Proliferating
GTGTTAGTCGAGCCTG.1_4,epithelial
GTGTTCCGTTATAGAG.1_4,quality
GTGTTCCTCAATGTCG.1_4,quality
GTTACAGCATCATTGG.1_4,quality
GTTACAGCATTGAGCT.1_4,epithelial
GTTACAGTCCGTGACG.1_4,epithelial
GTTACAGTCTCGCTCA.1_4,Immune
GTTACCCAGTGACACG.1_4,mucous
GTTACGAGTACTTCCC.1_4,epithelial
GTTAGACAGTAGCTCT.1_4,mucous
GTTAGTGCATTGCTTT.1_4,mucous
GTTAGTGTCCATAGAC.1_4,quality
GTTAGTGTCTCAATCT.1_4,epithelial
GTTAGTGTCTGGTGCG.1_4,epithelial
GTTATGGAGATGGGCT.1_4,quality
GTTATGGTCGGCTCTT.1_4,mucous
GTTCATTTCACTTCTA.1_4,epithelial
GTTCCGTGTCTTTCAT.1_4,quality
GTTCGCTAGATTCGCT.1_4,quality
GTTCGCTAGGCCACCT.1_4,mucous
GTTCTATAGAGAGTTT.1_4,epithelial
GTTCTATAGGCACGAT.1_4,epithelial
GTTCTATTCCCATAAG.1_4,quality
GTTGCGGAGGCGAACT.1_4,epithelial
GTTGCGGCAATCGCCG.1_4,mucous
GTTGCTCGTGAAAGTT.1_4,epithelial
GTTGCTCTCCCATAAG.1_4,epithelial
GTTGTAGCAAGTTGGG.1_4,mucous
GTTGTAGGTACGTAGG.1_4,mucous
GTTGTCCAGGATTACA.1_4,like
GTTGTCCGTCTCTCAC.1_4,epithelial
GTTGTCCGTGTCTTAG.1_4,epithelial
GTTGTCCTCCTTCAGC.1_4,mucous
GTTGTCCTCTAACGCA.1_4,Immune
GTTGTGAAGGAAACGA.1_4,Immune
GTTGTGATCGACGATT.1_4,epithelial
GTTGTGATCTAAGAAG.1_4,epithelial
GTTTACTCACCATAAC.1_4,mucous
GTTTACTCACTTACAG.1_4,mucous
GTTTGGAAGACGTCCC.1_4,Proliferating
GTTTGGAAGCTGTGCC.1_4,epithelial
GTTTGGAAGGGCCAAT.1_4,mucous
TAACACGCAGGGCTTC.1_4,like
TAACACGTCCACAGCG.1_4,epithelial
TAACCAGAGGCCCACT.1_4,epithelial
TAACCAGTCGAGCACC.1_4,epithelial
TAACGACGTTACGATC.1_4,mucous
TAACGACTCCCAGCGA.1_4,mucous
TAACGACTCCTTCTTC.1_4,quality
TAACTTCAGTATAACG.1_4,mucous
TAAGCACAGCGAATGC.1_4,mucous
TAAGCACAGGTCCCGT.1_4,quality
TAAGCCAAGAGGTGCT.1_4,epithelial
TAAGCCAAGCCGATAG.1_4,mucous
TAAGCCAAGTACAGCG.1_4,mucous
TAAGCCAAGTGAGGCT.1_4,mucous
TAAGCCAGTAGACTGG.1_4,quality
TAAGTCGAGAATCGTA.1_4,quality
TAATCTCGTATCGCTA.1_4,mucous
TAATCTCTCTCACCCA.1_4,epithelial
TAATTCCAGCACACAG.1_4,mucous
TAATTCCCACCTATCC.1_4,epithelial
TAATTCCCAGCGAGTA.1_4,like
TAATTCCTCACGGGAA.1_4,epithelial
TACAACGGTAAGCTCT.1_4,quality
TACACCCGTCGCACGT.1_4,quality
TACAGGTTCTCCCTAG.1_4,quality
TACATTCTCAGACAAA.1_4,quality
TACCCACCACGACCTG.1_4,mucous
TACCCACGTACGACTT.1_4,epithelial
TACCCACGTCACCCTT.1_4,epithelial
TACCGAAGTAATCAAG.1_4,mucous
TACCGGGAGACAGCGT.1_4,epithelial
TACCTCGAGACTACCT.1_4,epithelial
TACCTCGAGCCATCCG.1_4,mucous
TACCTCGAGGTTTGAA.1_4,epithelial
TACGCTCTCGACCCAG.1_4,mucous
TACGGGCGTTCCTAAG.1_4,epithelial
TACGGTATCCACAGCG.1_4,mucous
TACGTCCAGAGTGTTA.1_4,quality
TACGTCCCAATAACGA.1_4,epithelial
TACTGCCGTTGCCATA.1_4,mucous
TACTTACAGGCCGCTT.1_4,mucous
TACTTACAGTAACGTA.1_4,epithelial
TACTTCAAGTTTGCTG.1_4,mucous
TACTTGTAGGCATCTT.1_4,epithelial
TACTTGTTCCATGAGT.1_4,epithelial
TAGACCACATTGAGGG.1_4,epithelial
TAGACCATCCGCATAA.1_4,epithelial
TAGACTGAGCATACTC.1_4,epithelial
TAGACTGAGGTAGCAC.1_4,quality
TAGACTGCAACAAGTA.1_4,epithelial
TAGACTGTCATCACAG.1_4,mucous
TAGAGTCAGAGCTGAC.1_4,epithelial
TAGAGTCTCCATCCGT.1_4,epithelial
TAGAGTCTCCGTCCTA.1_4,epithelial
TAGATCGTCGTCACCT.1_4,epithelial
TAGCACAAGTCAGAGC.1_4,quality
TAGCACACACTTCAAG.1_4,epithelial
TAGCACAGTTGACGGA.1_4,mucous
TAGCACATCGCAGTCG.1_4,quality
TAGGAGGCAGCTGTTA.1_4,mucous
TAGGAGGTCCAGCTCT.1_4,epithelial
TAGGAGGTCTTCCCGA.1_4,epithelial
TAGGGTTCATCGATGT.1_4,epithelial
TAGGGTTTCTGACAGT.1_4,mucous
TAGGTTGTCATTTCCA.1_4,epithelial
TAGGTTGTCTAGTGTG.1_4,quality
TAGTGCAAGGAACGTC.1_4,quality
TAGTGCACAGTGTATC.1_4,mucous
TATACCTAGGCTCAAG.1_4,epithelial
TATACCTGTAGTCGTT.1_4,epithelial
TATATCCCACCTGATA.1_4,epithelial
TATATCCCAGCTACAT.1_4,mucous
TATCAGGTCTTGCGCT.1_4,epithelial
TATCCTAAGCTAAATG.1_4,epithelial
TATCCTACAAGGTCTT.1_4,epithelial
TATCCTAGTCATCTAG.1_4,epithelial
TATCCTATCCGCAACG.1_4,quality
TATCGCCGTTCGATTG.1_4,mucous
TATCTGTCAAACCACT.1_4,epithelial
TATCTTGCAATCTGCA.1_4,mucous
TATCTTGTCAAACGAA.1_4,epithelial
TATGTTCTCCGATCGG.1_4,quality
TATGTTCTCCGATGTA.1_4,epithelial
TATGTTCTCTCTATGT.1_4,quality
TATTCCACACCTCAGG.1_4,mucous
TATTCCATCCTTATCA.1_4,like
TATTGCTCAGTAACCT.1_4,mucous
TATTGGGCAACCACAT.1_4,quality
TATTTCGAGACAGCGT.1_4,like
TATTTCGCAAATTGCC.1_4,quality
TATTTCGCAATATCCG.1_4,quality
TATTTCGCAGTAACAA.1_4,Proliferating
TATTTCGGTCGGTGAA.1_4,mucous
TATTTCGTCCTACTGC.1_4,quality
TCAAGTGGTTCACCGG.1_4,quality
TCAATCTAGACAACAT.1_4,mucous
TCAATTCAGCGACTGA.1_4,quality
TCAATTCTCGTGACTA.1_4,epithelial
TCAATTCTCTCGACGG.1_4,mucous
TCACAAGAGGATACAT.1_4,quality
TCACAAGGTTGTACGT.1_4,mucous
TCACACCAGTTAGTGA.1_4,mucous
TCACACCTCTAAGCCA.1_4,epithelial
TCACACCTCTACGCGG.1_4,mucous
TCACATTAGTCTGCAT.1_4,mucous
TCACATTCAGTGTGGA.1_4,mucous
TCACATTTCGAAACAA.1_4,mucous
TCACGCTAGACCCTTA.1_4,quality
TCACGCTCACCAGTTA.1_4,quality
TCACGCTCACTTACAG.1_4,epithelial
TCACGCTTCACGACTA.1_4,like
TCACGGGCACACCGAC.1_4,quality
TCACGGGTCCGTAATG.1_4,quality
TCACGGGTCTGGGCCA.1_4,epithelial
TCACTATGTCTGTGTA.1_4,mucous
TCACTCGCACCGCTGA.1_4,mucous
TCACTCGCAGAGATTA.1_4,mucous
TCACTCGGTAGCTGTT.1_4,epithelial
TCAGCAATCCCATAGA.1_4,mucous
TCAGCCTAGACGCATG.1_4,mucous
TCAGGTAGTACTTGTG.1_4,like
TCAGTCCGTACGAAAT.1_4,epithelial
TCAGTCCGTCGAGTGA.1_4,epithelial
TCAGTGACACTTGTGA.1_4,mucous
TCAGTGAGTTCTAACG.1_4,epithelial
TCATACTCAGCATACT.1_4,Endocrine
TCATACTCAGCTTTGA.1_4,mucous
TCATATCAGAATCGCG.1_4,mucous
TCATATCTCAGTCTTT.1_4,epithelial
TCATATCTCGCCAGTG.1_4,Proliferating
TCATCATCATGTGTCA.1_4,epithelial
TCATCCGAGACTTCGT.1_4,mucous
TCATGAGCAATAGTAG.1_4,epithelial
TCATGAGCACAAATAG.1_4,epithelial
TCATGCCCACAGCTTA.1_4,mucous
TCATGCCCACGCGGTT.1_4,epithelial
TCATGGAGTGTACAGG.1_4,epithelial
TCATGGATCTTCGACC.1_4,mucous
TCATGTTAGAGAGTGA.1_4,mucous
TCATGTTCACCATAAC.1_4,epithelial
TCATTCAAGGATTTAG.1_4,Endocrine
TCATTCATCATTTGGG.1_4,mucous
TCATTGTAGGGCAGGA.1_4,epithelial
TCATTGTTCATGCCCT.1_4,mucous
TCATTTGTCAATCCGA.1_4,mucous
TCCACCAAGTGCACTT.1_4,epithelial
TCCACCACAATGTCTG.1_4,epithelial
TCCAGAACATACAGCT.1_4,epithelial
TCCATCGAGCTAAACA.1_4,mucous
TCCATCGCATTCACAG.1_4,epithelial
TCCATCGGTTAGCTAC.1_4,epithelial
TCCATGCAGACCAAAT.1_4,mucous
TCCCAGTAGCCAAGCA.1_4,mucous
TCCCAGTCACTAACGT.1_4,epithelial
TCCCATGAGAGAGGTA.1_4,epithelial
TCCCATGCATGGGAAC.1_4,quality
TCCCATGGTTGTTTGG.1_4,quality
TCCCATGTCCTTCGAC.1_4,epithelial
TCCGAAAAGAGCAGAA.1_4,epithelial
TCCGAAACATTAGGCT.1_4,epithelial
TCCGAAAGTTGCATTG.1_4,quality
TCCGGGACAAGATGGC.1_4,epithelial
TCCGGGAGTGGCGCTT.1_4,mucous
TCCGTGTTCACTTGGA.1_4,quality
TCCGTGTTCGGAAACG.1_4,epithelial
TCCGTGTTCTGTTCAT.1_4,epithelial
TCCTAATCAGAATGTA.1_4,mucous
TCCTAATCATAGGTTC.1_4,mucous
TCCTAATGTCGTCAGC.1_4,epithelial
TCCTAATTCATTGCCC.1_4,like
TCCTCCCTCAGCTGTA.1_4,epithelial
TCCTCGAAGGCGAACT.1_4,Proliferating
TCCTCTTGTATCGCTA.1_4,mucous
TCCTCTTTCGTTCGCT.1_4,epithelial
TCCTGCATCAAATAGG.1_4,mucous
TCCTTCTAGGATCATA.1_4,epithelial
TCCTTCTGTTATAGCC.1_4,quality
TCCTTTCGTAGCGATG.1_4,epithelial
TCCTTTCGTGCGGATA.1_4,epithelial
TCGAACAAGCGATTCT.1_4,quality
TCGAACAAGGCATCTT.1_4,epithelial
TCGAACAAGGCCCACT.1_4,epithelial
TCGAAGTAGGCCCAAA.1_4,mucous
TCGAAGTCAGGCACAA.1_4,quality
TCGAAGTCAGTATACC.1_4,mucous
TCGACCTTCACTGATG.1_4,mucous
TCGACGGAGTTGGGAC.1_4,quality
TCGACGGGTAACTTCG.1_4,quality
TCGACGGTCATAAGGA.1_4,mucous
TCGCACTAGGGACCAT.1_4,mucous
TCGCAGGGTATATGGA.1_4,quality
TCGCTCATCATTTGCT.1_4,mucous
TCGGATAGTGGCTCTG.1_4,epithelial
TCGGGACGTCAAGGCA.1_4,mucous
TCGGGCAAGGATAATC.1_4,mucous
TCGGGCAGTAGGAGGG.1_4,quality
TCGGGTGAGGACAGTC.1_4,quality
TCGGGTGCACGTATAC.1_4,epithelial
TCGGGTGCACTATCCC.1_4,quality
TCGGTCTAGCGCCGTT.1_4,quality
TCGGTCTGTGTTGCCG.1_4,mucous
TCGTAGAAGACGTCGA.1_4,quality
TCGTAGAAGATAACAC.1_4,quality
TCGTAGACAGCATGCC.1_4,epithelial
TCGTGCTGTTGTTGCA.1_4,mucous
TCGTGGGAGAGCAACC.1_4,quality
TCGTGGGGTCACCACG.1_4,quality
TCGTGGGTCAGACAAA.1_4,quality
TCTAACTAGCTCCCTT.1_4,mucous
TCTAACTCAAATACGA.1_4,epithelial
TCTAACTTCAGACAAA.1_4,mucous
TCTAACTTCTCTTGCG.1_4,quality
TCTACATTCTCATGGA.1_4,epithelial
TCTACATTCTCGCTCA.1_4,quality
TCTACCGCACGCCAGT.1_4,quality
TCTACCGGTCCCGGTA.1_4,epithelial
TCTATACGTATCACGT.1_4,epithelial
TCTATACGTGGCTGAA.1_4,quality
TCTATACTCCGCTAGG.1_4,mucous
TCTATCACACATTCTT.1_4,epithelial
TCTATCATCACGAGGA.1_4,quality
TCTCACGGTCATCGGC.1_4,like
TCTCAGCCACATAGCT.1_4,mucous
TCTCAGCGTACCGGAA.1_4,epithelial
TCTCCGAGTCTGTGAT.1_4,epithelial
TCTCTGGGTACAGGTG.1_4,epithelial
TCTGGCTGTCGAGCTC.1_4,epithelial
TCTGGCTGTGGTTTGT.1_4,Endocrine
TCTGTCGAGTTGAAAC.1_4,epithelial
TCTGTCGTCCAGTGTA.1_4,mucous
TCTGTCGTCCTTGAAG.1_4,mucous
TCTGTCGTCGCCGAGT.1_4,epithelial
TCTTAGTAGTATAACG.1_4,epithelial
TCTTAGTCACTTCAAG.1_4,epithelial
TCTTAGTCAGCAAGAC.1_4,mucous
TCTTAGTGTGACAGCA.1_4,quality
TCTTAGTGTGTTGATC.1_4,mucous
TCTTAGTTCCCTATTA.1_4,epithelial
TCTTCCTAGTCTCGTA.1_4,like
TCTTCCTGTTTCGATG.1_4,mucous
TCTTCCTTCCACTAGA.1_4,mucous
TCTTGCGCAGGTCAGA.1_4,epithelial
TCTTTGACACTGCGAC.1_4,mucous
TGAATCGCACATTACG.1_4,quality
TGAATCGGTCTTGCGG.1_4,like
TGAATGCAGTGGCCTC.1_4,mucous
TGAATGCGTAAGATCA.1_4,epithelial
TGAATGCGTGAGCTCC.1_4,epithelial
TGACAGTAGCATGTTC.1_4,epithelial
TGACAGTCAGGTCTCG.1_4,epithelial
TGACAGTTCGAGAGAC.1_4,quality
TGACCCTTCCTAGCTC.1_4,mucous
TGACTCCAGTCTCCTC.1_4,epithelial
TGAGCGCAGCGTCGAA.1_4,epithelial
TGAGCGCTCGAATGCT.1_4,epithelial
TGAGGAGAGTCCGCGT.1_4,mucous
TGAGGAGTCTCGCAGG.1_4,epithelial
TGAGGGAAGAATAACC.1_4,mucous
TGAGGTTTCGATCCAA.1_4,quality
TGATCTTAGTCCCGGT.1_4,mucous
TGATCTTCAGTCACGC.1_4,Proliferating
TGATCTTCAGTTTGGT.1_4,epithelial
TGATCTTGTAGCGTCC.1_4,epithelial
TGATCTTGTTTCGTGA.1_4,epithelial
TGATGCACACAAACGG.1_4,like
TGATGGTGTCTGTAAC.1_4,mucous
TGATGGTGTTATCTTC.1_4,epithelial
TGATTCTGTATCCCTC.1_4,epithelial
TGATTTCTCCTTCGAC.1_4,quality
TGCACGGAGCACTCCG.1_4,mucous
TGCACGGAGTCAGGGT.1_4,mucous
TGCACGGAGTTTCGAC.1_4,epithelial
TGCACGGCAATGAACA.1_4,mucous
TGCACGGCAGCGCGTT.1_4,epithelial
TGCACGGGTACGTTCA.1_4,mucous
TGCAGATTCTTTCCAA.1_4,like
TGCAGGCCACACCAGC.1_4,mucous
TGCAGTACAAAGAACT.1_4,mucous
TGCAGTAGTCATTCCC.1_4,mucous
TGCAGTATCCAGTGCG.1_4,mucous
TGCATCCCACGTGAGA.1_4,epithelial
TGCCGAGTCCATTGCC.1_4,epithelial
TGCCGAGTCTGGTCAA.1_4,mucous
TGCGACGCAGCCTTCT.1_4,epithelial
TGCGATAGTGGGAGAG.1_4,epithelial
TGCGATATCAGGTAAA.1_4,epithelial
TGCGATATCGAACGCC.1_4,epithelial
TGCGGCAAGCGAGTCA.1_4,epithelial
TGCGGCAAGGAAGTGA.1_4,epithelial
TGCTCCAAGTAGACAT.1_4,epithelial
TGCTCGTAGTCAACAA.1_4,quality
TGCTCGTGTCATAACC.1_4,epithelial
TGCTTCGCAGGCATTT.1_4,mucous
TGCTTGCGTCGTTGGC.1_4,Proliferating
TGGAACTGTCCCTGTT.1_4,epithelial
TGGAACTTCTCTGGTC.1_4,epithelial
TGGAGGACAAGAGCTG.1_4,quality
TGGAGGAGTATCGCTA.1_4,quality
TGGAGGAGTCAAATCC.1_4,quality
TGGATGTAGATTTGCC.1_4,epithelial
TGGATGTAGCCGATAG.1_4,quality
TGGATGTAGGCTGAAC.1_4,quality
TGGATGTCAAGTGCAG.1_4,epithelial
TGGATGTCAATGGCAG.1_4,epithelial
TGGATGTGTAGGTAGC.1_4,quality
TGGCGTGAGAACTGAT.1_4,epithelial
TGGCGTGTCAGTGTGT.1_4,epithelial
TGGGAAGAGACTCTAC.1_4,quality
TGGGAAGGTCGTATGT.1_4,Proliferating
TGGGAAGTCCTATTGT.1_4,epithelial
TGGGAGAAGAGTCACG.1_4,like
TGGGATTGTTTCAGAC.1_4,mucous
TGGGATTTCGTGGGTC.1_4,epithelial
TGGGCGTCAGGATGAC.1_4,Proliferating
TGGGCGTTCGCAGAGA.1_4,epithelial
TGGGCTGCATCGCTGG.1_4,Proliferating
TGGGTTACAATCTAGC.1_4,mucous
TGGGTTACACAGCGCT.1_4,quality
TGGGTTACACGTAGTT.1_4,quality
TGGGTTAGTTTGCCGG.1_4,mucous
TGGTACAAGTGGACGT.1_4,quality
TGGTACACATGAATCC.1_4,quality
TGGTAGTCAGCTGAAG.1_4,quality
TGGTAGTTCGTTGTGA.1_4,quality
TGGTGATCACTATCGA.1_4,epithelial
TGGTGATGTACGACTT.1_4,epithelial
TGGTGATGTTGGGATG.1_4,quality
TGGTTAGAGTCCGTCG.1_4,quality
TGGTTAGAGTCTCTGA.1_4,mucous
TGGTTAGGTGTTCCAA.1_4,epithelial
TGTAACGAGGCGATAC.1_4,mucous
TGTAACGAGTTTCGAC.1_4,mucous
TGTAACGGTGGTGATG.1_4,quality
TGTAAGCGTACCTTCC.1_4,epithelial
TGTACAGAGCGTACAG.1_4,mucous
TGTACAGGTCCTGGGT.1_4,quality
TGTACAGGTTCTTGCC.1_4,mucous
TGTACAGGTTTCGCTC.1_4,epithelial
TGTAGACGTTGAAGTA.1_4,mucous
TGTCAGAAGGTACTGG.1_4,quality
TGTCAGACACTGCTTC.1_4,epithelial
TGTCAGAGTTAGTTCG.1_4,mucous
TGTCAGATCATTGAGC.1_4,mucous
TGTCAGATCTGTCCCA.1_4,mucous
TGTCCACCACATCCCT.1_4,epithelial
TGTCCACCACCAGACC.1_4,quality
TGTCCCAAGAGGTCGT.1_4,quality
TGTCCCAAGGTTCAGG.1_4,mucous
TGTCCCACACAAAGCG.1_4,mucous
TGTCCCAGTTTCCAAG.1_4,quality
TGTGAGTCACTGCGAC.1_4,quality
TGTGAGTTCAAGCGTT.1_4,quality
TGTGATGAGGACATCG.1_4,mucous
TGTGATGTCTACTGAG.1_4,quality
TGTGCGGCAATCCTAG.1_4,mucous
TGTGCGGTCTCGAGTA.1_4,epithelial
TGTGCGGTCTGATTCT.1_4,epithelial
TGTGGCGCAGCTGAGA.1_4,mucous
TGTGGCGGTCGTACAT.1_4,quality
TGTGGCGGTTCCATTT.1_4,quality
TGTGTGAAGCAACAAT.1_4,epithelial
TGTGTGACAACTGAAA.1_4,quality
TGTGTGAGTCATAGTC.1_4,epithelial
TGTGTGAGTGTCCAAT.1_4,epithelial
TGTTACTAGGATTCAA.1_4,quality
TGTTCATAGAAATTGC.1_4,mucous
TGTTCATAGACTGAGC.1_4,mucous
TGTTCATAGGGACAGG.1_4,quality
TGTTCATCAGGACTTT.1_4,mucous
TGTTCCGAGTCGGGAT.1_4,epithelial
TGTTGAGGTCGAGCTC.1_4,quality
TGTTGAGGTGACTATC.1_4,mucous
TGTTGAGTCACGAACT.1_4,epithelial
TGTTGAGTCGCTCCTA.1_4,mucous
TGTTGAGTCTCTAAGG.1_4,mucous
TGTTGGACAGAACTTC.1_4,quality
TGTTTGTCAGAGATGC.1_4,quality
TGTTTGTTCGATTGAC.1_4,epithelial
TTAATCCTCAAGGACG.1_4,epithelial
TTACAGGCATGACTAC.1_4,quality
TTACAGGGTCGGCCTA.1_4,Proliferating
TTACAGGTCACAGAGG.1_4,epithelial
TTACAGGTCAGTCAGT.1_4,quality
TTACCATAGGGTAATT.1_4,Proliferating
TTACCGCAGTGATTCC.1_4,Proliferating
TTACCGCTCCCAATAG.1_4,mucous
TTACGCCCAATCAGCT.1_4,epithelial
TTACGCCGTATACAGA.1_4,mucous
TTACGTTGTCGTCATA.1_4,quality
TTACGTTTCGTCAGAT.1_4,quality
TTACGTTTCTACCAGA.1_4,epithelial
TTACTGTAGGGCAATC.1_4,quality
TTACTGTCACGGAAGT.1_4,quality
TTACTGTTCACCATGA.1_4,quality
TTAGGCAAGCACCAGA.1_4,epithelial
TTAGGCAAGTGTAGAT.1_4,epithelial
TTAGGCACAACAAGAT.1_4,mucous
TTAGGCATCTCACGAA.1_4,epithelial
TTAGGGTGTTGTTGTG.1_4,Endocrine
TTAGTCTAGCGTCTGC.1_4,epithelial
TTATTGCGTCAATCTG.1_4,like
TTCAATCAGTAAACTG.1_4,quality
TTCAATCGTCTGCGCA.1_4,mucous
TTCACCGCATGCCATA.1_4,epithelial
TTCAGGAAGCGCTGAA.1_4,mucous
TTCAGGAAGTACTGGG.1_4,epithelial
TTCAGGACAAGACTGG.1_4,epithelial
TTCAGGACAAGCACAG.1_4,mucous
TTCATGTGTCACAATC.1_4,epithelial
TTCATTGCAAATACGA.1_4,epithelial
TTCCAATAGGTGCTAG.1_4,quality
TTCCAATGTCGCATGC.1_4,like
TTCCACGAGAACTCCT.1_4,mucous
TTCCGGTAGCACCGAA.1_4,mucous
TTCCGGTCATCCCGTT.1_4,mucous
TTCCGGTGTGAACCGA.1_4,epithelial
TTCCGTGAGCGTCTCG.1_4,Endocrine
TTCCTAAAGGTTGCCC.1_4,mucous
TTCCTAACATGAGATA.1_4,epithelial
TTCCTAATCTCCATAT.1_4,mucous
TTCCTTCAGAACGCGT.1_4,epithelial
TTCCTTCGTTATGTCG.1_4,mucous
TTCGATTGTGATGGCA.1_4,mucous
TTCGCTGAGATGACAT.1_4,quality
TTCGCTGAGTTCATCG.1_4,mucous
TTCGCTGCAGCATACT.1_4,mucous
TTCGGTCCATGGAAGC.1_4,quality
TTCGGTCGTGGCACTC.1_4,quality
TTCTAACAGCGTTAGG.1_4,epithelial
TTCTAACTCATTTCCA.1_4,epithelial
TTCTAGTAGGTCGCCT.1_4,epithelial
TTCTAGTCAACGTAAA.1_4,quality
TTCTAGTGTTGGGTAG.1_4,epithelial
TTCTCTCAGGCACTCC.1_4,quality
TTCTCTCAGTTCGGTT.1_4,mucous
TTCTCTCTCCCTTGGT.1_4,epithelial
TTCTGTAAGGCGACAT.1_4,epithelial
TTCTGTACATCGAACT.1_4,quality
TTCTGTATCATCACAG.1_4,mucous
TTCTGTATCGGTCTAA.1_4,epithelial
TTCTTCCGTCCAAGAG.1_4,mucous
TTCTTGAAGGATGCGT.1_4,mucous
TTCTTGAAGGCTGGAT.1_4,mucous
TTCTTGAGTCGTGATT.1_4,quality
TTCTTGAGTCGTTGCG.1_4,quality
TTCTTGAGTGCTCGTG.1_4,epithelial
TTCTTGATCATGAGAA.1_4,mucous
TTGAACGTCTGCCCTA.1_4,epithelial
TTGACCCAGCGACATG.1_4,epithelial
TTGACCCAGGAGAGGC.1_4,epithelial
TTGACCCGTTGACTAC.1_4,mucous
TTGAGTGAGACTGGGT.1_4,epithelial
TTGAGTGAGTCTGGAG.1_4,epithelial
TTGAGTGAGTGTAGAT.1_4,epithelial
TTGAGTGTCACAAGGG.1_4,mucous
TTGATGGCAATAGGGC.1_4,quality
TTGATGGCACTAGAGG.1_4,mucous
TTGATGGTCGACGTCG.1_4,quality
TTGCATTGTCAGGAGT.1_4,mucous
TTGCATTGTGTCTCCT.1_4,quality
TTGCATTTCAGTGTGT.1_4,epithelial
TTGCATTTCCTACGGG.1_4,mucous
TTGCATTTCTCGCCTA.1_4,Endocrine
TTGCCTGTCGGCAGTC.1_4,quality
TTGCGTCTCCTAGAGT.1_4,quality
TTGGATGGTTTACGTG.1_4,epithelial
TTGGGATGTCTCACAA.1_4,quality
TTGGGCGCAGTACTAC.1_4,mucous
TTGGGCGGTCATCAGT.1_4,epithelial
TTGGGCGTCTCTCGCA.1_4,quality
TTGGGTAGTATGAGAT.1_4,epithelial
TTGGTTTCAATAGAGT.1_4,mucous
TTGGTTTCACCAGGTC.1_4,mucous
TTGTGGAGTACCAATC.1_4,quality
TTGTGGAGTCGAAACG.1_4,quality
TTGTGGAGTGAGCTCC.1_4,epithelial
TTGTGGATCTAGCATG.1_4,mucous
TTGTGTTTCGTGTCAA.1_4,epithelial
TTGTTGTAGTAAGCAT.1_4,epithelial
TTGTTGTTCGTTCCTG.1_4,mucous
TTGTTTGTCGTCGATA.1_4,epithelial
TTTACTGGTACGTTCA.1_4,epithelial
TTTATGCCAGTGGCTC.1_4,epithelial
TTTCAGTAGGATACCG.1_4,mucous
TTTCAGTGTCACCGCA.1_4,quality
TTTCAGTTCAAGTGGG.1_4,quality
TTTCATGGTCCCGCAA.1_4,like
TTTCATGGTGAGTGAC.1_4,epithelial
TTTCCTCCAGCCGGTT.1_4,mucous
TTTCCTCGTAGGTTTC.1_4,mucous
TTTCGATCAAATCAGA.1_4,epithelial
TTTCGATCAACTAGAA.1_4,quality
TTTCGATGTCAACACT.1_4,quality
TTTCGATTCGCACTCT.1_4,Endocrine
TTTCGATTCTCGCAGG.1_4,quality
TTTGACTCACTATGTG.1_4,quality
TTTGACTTCTAATTCC.1_4,epithelial
TTTGATCAGTGAATAC.1_4,epithelial
TTTGATCTCCTTCACG.1_4,mucous
TTTGGAGGTGCGTTTA.1_4,epithelial
TTTGTTGCACACGGAA.1_4,quality
TTTGTTGCATACTGTG.1_4,epithelial
TTTGTTGGTAGCGCCT.1_4,quality
TTTGTTGTCGAATCCA.1_4,quality
AAACCCACATCTAACG,mucous
AAACGAAGTTGTGTTG,mucous
AAACGCTTCGCCATAA,mucous
AAACGCTTCTCTGACC,Proliferating
AAAGAACCAAACAGGC,quality
AAAGAACTCATCGCCT,mucous
AAAGAACTCGTTAGTG,stress
AAAGGATAGGTGCCTC,mucous
AAAGGATAGTTACGTC,like
AAAGGATCAACGGTAG,mucous
AAAGGATCACTGTCCT,Proliferating
AAAGGATGTAGTGCGA,mucous
AAAGGATGTCTGTGAT,mucous
AAAGGATTCAACGTGT,like
AAAGGGCAGAGCAGTC,like
AAAGGGCGTCAGCTTA,Proliferating
AAAGGTAAGTTCCGTA,like
AAAGGTACACACCGAC,stress
AAAGGTAGTGCGTTTA,stress
AAAGGTAGTTTACCTT,mucous
AAAGTCCCAAAGGGCT,mucous
AAAGTCCCAATCTGCA,quality
AAAGTCCGTCAGGTAG,mucous
AAAGTGACACATATCG,quality
AAAGTGACAGGGACTA,quality
AAAGTGAGTTCCTACC,quality
AAAGTGATCGGAATGG,Proliferating
AAATGGAAGAGTAACT,Proliferating
AAATGGAAGCGTGAAC,mucous
AAATGGAAGTCACAGG,mucous
AAATGGACAGTAACCT,Proliferating
AACAAAGAGCGATTCT,Proliferating
AACAAAGAGTTCTACG,mucous
AACAAAGCACAGCCAC,mucous
AACAAAGGTCCATACA,mucous
AACAACCAGTAGATCA,mucous
AACAACCCAGAACATA,Proliferating
AACAACCCAGGATTCT,Proliferating
AACAACCGTGCACGCT,like
AACAACCGTTCCCAAA,mucous
AACAACCTCCTGGGAC,quality
AACAAGACATTGCTTT,stress
AACAAGAGTTAGGGTG,like
AACAAGATCTTCTGTA,mucous
AACACACAGCGTGAGT,mucous
AACACACAGGCTTCCG,like
AACACACCAGCAGTGA,Endocrine
AACACACGTGTTGAGG,like
AACAGGGAGAGGCGGA,quality
AACAGGGAGCTACTAC,mucous
AACAGGGAGGGCTGAT,Proliferating
AACAGGGAGTCTGTAC,Proliferating
AACAGGGTCGGAATGG,Proliferating
AACAGGGTCGGACAAG,mucous
AACCAACAGCCTCTTC,Proliferating
AACCAACCACGGTGCT,mucous
AACCAACTCATCGGGC,mucous
AACCAACTCGTGTCAA,quality
AACCACAAGTAAACTG,mucous
AACCACACACCTGAAT,mucous
AACCACAGTATGAGAT,mucous
AACCATGAGAATCTAG,Proliferating
AACCATGCACCGAATT,Proliferating
AACCATGTCCGATCTC,mucous
AACCATGTCGAACTCA,like
AACCCAAAGGTAAGTT,stress
AACCCAAGTAACAAGT,mucous
AACCCAAGTTGCCAAT,mucous
AACCTGAAGACGGATC,mucous
AACCTGAAGCAACAAT,Proliferating
AACCTTTCACCTGTCT,like
AACCTTTCAGCGAACA,Proliferating
AACCTTTTCTGGGTCG,Proliferating
AACGAAAGTACAATAG,mucous
AACGAAATCTGTCCGT,Proliferating
AACGGGAAGGACTATA,quality
AACGGGACAGTTCCAA,mucous
AACGGGACATAAGATG,stress
AACGTCACAAAGCAAT,Proliferating
AACGTCACAGAATGTA,mucous
AACGTCACAGCTGAAG,mucous
AACGTCAGTGTTGCCG,Proliferating
AACTTCTAGTAGCATA,mucous
AACTTCTCAAGCGATG,Endocrine
AACTTCTGTTAAAGTG,mucous
AACTTCTGTTTGTTGG,mucous
AACTTCTTCTGGGCCA,Proliferating
AAGAACAAGACAACTA,mucous
AAGAACAAGGTGCGAT,Proliferating
AAGAACACATGTTCGA,mucous
AAGAACAGTCTGGTTA,mucous
AAGAACAGTGATACAA,Proliferating
AAGAACATCAAAGAAC,Proliferating
AAGAACATCACAAGAA,Proliferating
AAGAACATCATGGTAC,mucous
AAGACAAAGTAACAGT,mucous
AAGACAACATAATCCG,mucous
AAGACTCAGCGTTAGG,like
AAGACTCAGTGCTACT,mucous
AAGACTCCAAGCAGGT,like
AAGACTCCAGTCTACA,mucous
AAGACTCGTCCAACGC,mucous
AAGACTCGTTGCAAGG,quality
AAGACTCTCCCAGCGA,like
AAGACTCTCCCAGTGG,mucous
AAGATAGAGACAACAT,stress
AAGATAGAGACTAGAT,like
AAGATAGAGTTCCAGT,mucous
AAGATAGCACAAAGCG,Proliferating
AAGATAGCAGAAGCTG,quality
AAGCATCGTATCGAGG,quality
AAGCATCGTATCTCTT,mucous
AAGCATCGTCAGTCCG,mucous
AAGCATCTCATGGATC,mucous
AAGCATCTCTAACGCA,stress
AAGCCATAGCACTTTG,mucous
AAGCCATGTAGAATGT,mucous
AAGCCATGTCTCCTGT,like
AAGCCATTCCGTGTCT,mucous
AAGCCATTCGGAAACG,mucous
AAGCGAGAGCTACTAC,mucous
AAGCGAGGTCTTCTAT,mucous
AAGCGAGTCAAACGTC,like
AAGCGAGTCCGAAATC,stress
AAGCGAGTCCGATCTC,mucous
AAGCGAGTCGGAAACG,quality
AAGCGAGTCTGCTAGA,mucous
AAGCGTTCACTTCAAG,mucous
AAGCGTTCATCGGAAG,like
AAGCGTTGTGTAACGG,Proliferating
AAGCGTTGTTAATCGC,mucous
AAGGAATAGCGGTATG,like
AAGGAATTCCTTATCA,like
AAGGTAAAGTAATACG,quality
AAGGTAAAGTTTCGGT,mucous
AAGGTAACATGAAGCG,like
AAGGTAATCATCCTAT,mucous
AAGTACCCACTGAGGA,stress
AAGTACCCAGATTTCG,mucous
AAGTACCGTGTGGACA,mucous
AAGTCGTGTTTGTTGG,mucous
AAGTGAAAGAAATTCG,quality
AAGTGAAAGTGAGTTA,Proliferating
AAGTGAAGTTAGTCGT,mucous
AAGTTCGAGATTAGCA,mucous
AAGTTCGAGCACTCGC,quality
AAGTTCGGTCGTTTCC,Proliferating
AATAGAGAGTCGCCCA,mucous
AATCACGAGCACGTCC,Proliferating
AATCACGCAGACAAAT,quality
AATCACGGTATGTCAC,Endocrine
AATCACGTCAGTGTTG,mucous
AATCGACCAAATGGTA,mucous
AATCGACCATCATCCC,mucous
AATCGACGTCGTATGT,mucous
AATCGACTCAAAGGAT,mucous
AATCGTGAGATGGCGT,mucous
AATCGTGCATAACAGA,like
AATCGTGTCGACGAGA,like
AATGAAGAGAGAAGGT,stress
AATGAAGGTTGTAGCT,Proliferating
AATGACCAGTCCGCCA,mucous
AATGACCCATCCGCGA,mucous
AATGACCGTGCAGATG,like
AATGACCGTGGCTTGC,like
AATGACCGTTTCCAAG,stress
AATGACCTCCTCTAGC,mucous
AATGCCAAGTCTGTAC,quality
AATGCCACAAAGCAAT,mucous
AATGCCAGTAGTTAGA,mucous
AATGGAACAGCGATTT,mucous
AATGGAAGTTGTTGAC,stress
AATGGAATCTGGTGCG,Proliferating
AATGGCTAGCCATGCC,mucous
AATGGCTCAAGTGATA,Proliferating
AATGGCTCAGCACCCA,mucous
AATGGCTTCAAGCGTT,Proliferating
AATTCCTCAGTGACCC,like
AATTCCTGTCGCGTCA,Proliferating
AATTCCTTCGCATTGA,like
AATTTCCTCAAACCTG,Proliferating
ACAAAGAAGCCATATC,mucous
ACAAAGAAGGCAGGGA,mucous
ACAAAGACAGTGGCTC,mucous
ACAAAGAGTGGCGTAA,mucous
ACAAAGAGTTGGGTAG,mucous
ACAACCAAGATTGGGC,mucous
ACAACCACAACTCATG,mucous
ACAACCATCAAACCCA,quality
ACAACCATCCGCTTAC,stress
ACAACCATCCTCGCAT,stress
ACAAGCTAGGGATCAC,Proliferating
ACAAGCTAGGTCCGAA,mucous
ACAAGCTGTCCGACGT,Proliferating
ACACAGTAGGCATCTT,Proliferating
ACACAGTCACTGTCGG,like
ACACAGTTCACCATGA,stress
ACACAGTTCATTGCGA,mucous
ACACAGTTCCAAATGC,mucous
ACACAGTTCGTTGCCT,Proliferating
ACACAGTTCTTCGACC,Proliferating
ACACCAAAGCCACAAG,Proliferating
ACACCAATCTCCTGAC,Endocrine
ACACGCGAGAAGCGAA,mucous
ACACGCGAGACATGCG,mucous
ACACGCGCACGTACTA,mucous
ACACGCGCATAGGTAA,mucous
ACACGCGCATGGCTGC,like
ACACGCGTCACCTCTG,stress
ACACGCGTCATGGCCG,Proliferating
ACACTGACAGGACAGT,quality
ACACTGATCAACTCTT,mucous
ACACTGATCGGCACTG,like
ACACTGATCGTCTACC,mucous
ACACTGATCGTGCACG,stress
ACAGAAAAGCATGAAT,quality
ACAGAAATCTGCGGCA,mucous
ACAGCCGAGAACGTGC,Proliferating
ACAGCCGAGTACCCTA,mucous
ACAGCCGCAGAAGTTA,mucous
ACAGCCGCATTGAAAG,like
ACAGCCGTCACCCTGT,mucous
ACAGGGAAGAAACCAT,like
ACAGGGAAGTACGAGC,Proliferating
ACAGGGAAGTGCAGCA,mucous
ACAGGGACAGAGGGTT,mucous
ACAGGGACATATACCG,mucous
ACAGGGAGTGCGTTTA,mucous
ACAGGGAGTGCTCCGA,like
ACATCCCAGGATGCGT,mucous
ACATCCCCACCGTCGA,like
ACATCCCTCCCTTGGT,stress
ACATCCCTCTCTAAGG,Proliferating
ACATCGAAGACGGATC,quality
ACATCGACAGGGCTTC,quality
ACATGCAAGAGAACCC,Proliferating
ACATGCAAGAGCGACT,quality
ACATGCAAGGGATCAC,mucous
ACATGCAAGTAGTCCT,quality
ACATGCACACTACCCT,mucous
ACATGCATCAGCTGTA,stress
ACCAAACAGGGCGAAG,quality
ACCAAACAGTTCATCG,mucous
ACCAAACCACGCACCA,mucous
ACCAAACTCCTACCAC,mucous
ACCAAACTCGTAGTGT,quality
ACCAACAAGATCGGTG,mucous
ACCAACAGTCAAATCC,stress
ACCAACATCGCCGAAC,quality
ACCAACATCGCGCCAA,mucous
ACCACAAAGACCACGA,Proliferating
ACCACAAAGATGAACT,mucous
ACCACAAAGTCCTGCG,like
ACCACAACAACCCTAA,mucous
ACCACAACAATTTCCT,mucous
ACCACAACAGCCCAGT,Proliferating
ACCACAACAGCTATTG,quality
ACCACAAGTGCACAAG,Proliferating
ACCACAATCCATCTGC,Proliferating
ACCACAATCCGCAAAT,like
ACCACAATCGTGTTCC,mucous
ACCATTTCAAGACCGA,Proliferating
ACCATTTGTAACAGTA,quality
ACCATTTGTCGAGATG,quality
ACCATTTGTGTTTGCA,like
ACCATTTGTTAATGAG,mucous
ACCCAAACAAACTAAG,like
ACCCAAACAGTCTCTC,mucous
ACCCAAAGTCTCCCTA,mucous
ACCCAAATCTTGCGCT,mucous
ACCCTCAGTCGTGCCA,mucous
ACCCTCAGTTCCGTTC,Proliferating
ACCCTCATCAAGTGGG,Proliferating
ACCCTCATCGCTGTCT,quality
ACCCTTGAGAGCAGCT,stress
ACCCTTGAGCCTGTCG,mucous
ACCCTTGCACTGATTG,Proliferating
ACCCTTGGTATCGTGT,quality
ACCCTTGGTTGTGTTG,Proliferating
ACCCTTGTCAACACCA,mucous
ACCCTTGTCGTCTACC,mucous
ACCGTTCAGTTATGGA,quality
ACCGTTCCAAACGGCA,Proliferating
ACCGTTCCAATGCTCA,mucous
ACCGTTCGTGTATCCA,like
ACCGTTCGTTCCCAAA,mucous
ACCGTTCTCCGAGCTG,Proliferating
ACCTACCCAGCCTATA,mucous
ACCTACCGTGGACCAA,stress
ACCTGAAAGAAAGTCT,Proliferating
ACCTGAACACGAGAAC,stress
ACCTGAAGTACCCGAC,mucous
ACCTGTCAGCCTCCAG,like
ACCTGTCTCGGTAAGG,mucous
ACCTGTCTCTAAGGAA,Proliferating
ACGATCACACGGTGTC,Proliferating
ACGATGTAGGCTCTAT,like
ACGATGTCAGAGCCCT,mucous
ACGATGTGTGAAAGTT,like
ACGATGTGTGAATGAT,stress
ACGATGTTCAAGGAGC,mucous
ACGATGTTCATCTCTA,like
ACGCACGAGCACAAAT,Proliferating
ACGCACGAGGGTTAAT,Proliferating
ACGCACGCACCGCTGA,like
ACGCACGGTAACACGG,mucous
ACGCACGGTTCGTAAC,mucous
ACGCACGTCCAACCAA,Proliferating
ACGCACGTCCACCCTA,mucous
ACGCACGTCCCGTTGT,Proliferating
ACGCACGTCGTCGACG,quality
ACGCACGTCTAGCAAC,Proliferating
ACGGAAGAGCCTCATA,Proliferating
ACGGAAGAGGATACGC,like
ACGGAAGCATGACGTT,Proliferating
ACGGAAGGTATCGGTT,mucous
ACGGAAGGTGAGCAGT,Proliferating
ACGGAAGTCCATCTCG,Proliferating
ACGGGTCCACTTCAGA,mucous
ACGGGTCGTGGTCTGC,Proliferating
ACGGGTCTCTAGCAAC,mucous
ACGGTCGAGTGTGTTC,stress
ACGGTCGCATCACGGC,stress
ACGGTCGCATCCCGTT,mucous
ACGGTCGGTAACAGTA,quality
ACGGTCGTCCGCTGTT,mucous
ACGGTCGTCGTTGTGA,stress
ACGGTTAAGAGCAACC,mucous
ACGGTTAAGGAACGAA,like
ACGGTTAGTAGCACGA,quality
ACGGTTAGTCGTCAGC,Proliferating
ACGGTTAGTGCTAGCC,Proliferating
ACGGTTAGTTGAGGAC,Proliferating
ACGTAACAGCCATTTG,Proliferating
ACGTAACCACTCTGCT,stress
ACGTAACGTCACGACC,Proliferating
ACGTAACGTGCTGTCG,mucous
ACGTAACGTGGTCTGC,mucous
ACGTAACTCCAGTTCC,mucous
ACGTACACAATCAAGA,Proliferating
ACGTACACACGACTAT,mucous
ACGTACACACTCCTGT,Proliferating
ACGTACACATCAGTGT,mucous
ACGTACAGTGGGATTG,stress
ACGTACAGTTGCCAAT,like
ACGTAGTAGCATATGA,mucous
ACGTAGTCACTGTCGG,mucous
ACGTAGTCATAACGGG,mucous
ACGTAGTGTAGCGTTT,Proliferating
ACGTAGTGTTCGGTTA,Proliferating
ACGTAGTTCGAAGAAT,mucous
ACGTAGTTCGCTTGCT,like
ACGTAGTTCGCTTTAT,mucous
ACGTAGTTCTGCGGAC,mucous
ACGTCCTCAATCACGT,mucous
ACGTCCTCAGCGACAA,Proliferating
ACGTCCTGTCGCACAC,mucous
ACGTCCTTCATCACAG,Proliferating
ACGTTCCTCCAAACCA,Proliferating
ACTACGAGTCTCGACG,Proliferating
ACTATCTCATTCGATG,mucous
ACTATCTGTAGAAACT,mucous
ACTATCTGTCTTCGAA,Proliferating
ACTATGGAGCTGACCC,like
ACTATGGAGGTCATCT,Proliferating
ACTATTCCAACTGCCG,mucous
ACTATTCTCGAACTCA,mucous
ACTCCCATCGAATCCA,Proliferating
ACTCTCGAGACGTCGA,quality
ACTCTCGGTCGAACAG,like
ACTGATGAGGCTTCCG,Proliferating
ACTGATGAGGTGCCTC,mucous
ACTGATGCAACATCGT,mucous
ACTGATGCAAGGCAAC,like
ACTGATGGTGTCCGTG,Proliferating
ACTGATGTCAATGCAC,like
ACTGATGTCGCATAGT,mucous
ACTGCAAAGGGCGAGA,Proliferating
ACTGCAACAAACTAAG,mucous
ACTGCAACAACACACT,like
ACTGCAACACGGCACT,mucous
ACTGCAACATCTAACG,mucous
ACTGTCCCAAGTATCC,like
ACTGTCCCACTCGATA,mucous
ACTGTGACAGACCAGA,Proliferating
ACTGTGAGTCAAGTTC,stress
ACTGTGAGTTCGAGCC,Proliferating
ACTGTGATCCACTGAA,Proliferating
ACTTAGGGTATCAAGA,like
ACTTAGGGTGCTGATT,quality
ACTTATCAGAGGTATT,mucous
ACTTATCAGCACGATG,Proliferating
ACTTATCAGGTAAACT,mucous
ACTTATCAGTAGCCAG,mucous
ACTTATCTCGCATTGA,stress
ACTTATCTCTAGAGCT,mucous
ACTTATCTCTTAGCTT,stress
ACTTCCGCAACAAGAT,mucous
ACTTCCGTCATCTATC,mucous
ACTTCGCCAGATCACT,mucous
ACTTCGCGTATTTCGG,mucous
ACTTCGCGTCCAAAGG,mucous
ACTTCGCGTGTGGTCC,mucous
ACTTTCAAGGTAGCAC,mucous
ACTTTCACATGTTCGA,like
ACTTTCAGTAACTAAG,mucous
ACTTTCAGTCCCAAAT,quality
ACTTTCAGTGTATTCG,mucous
ACTTTCATCGAAGCCC,mucous
ACTTTCATCGCTTTAT,mucous
ACTTTGTCACCAGCGT,like
AGAAATGCATTCTTCA,Proliferating
AGAAATGTCGTCTCAC,mucous
AGAACAACACTATGTG,Endocrine
AGAACAAGTTCCGGTG,mucous
AGAACCTAGACGCATG,mucous
AGAACCTAGTGTGTTC,like
AGAACCTGTAAGATCA,like
AGAACCTGTACGATTC,Proliferating
AGAAGCGAGAAGTATC,mucous
AGAAGCGAGGGCAGGA,Proliferating
AGAAGCGAGGTAGCAC,like
AGAAGCGCAAAGGCTG,mucous
AGAAGCGCAACCACAT,Proliferating
AGAAGCGCATCCGTGG,mucous
AGAAGCGCATGATAGA,mucous
AGAAGCGGTTGGGATG,mucous
AGAAGTAAGGTAACTA,mucous
AGAAGTAAGGTCCTGC,quality
AGAAGTATCGGCCAAC,stress
AGACAAAAGTACGTCT,quality
AGACAAATCACTTCTA,mucous
AGACAAATCATCCTAT,like
AGACAAATCTAACGGT,Endocrine
AGACACTGTCAGTTTG,mucous
AGACAGGAGCTAGTTC,Proliferating
AGACAGGAGGTCTTTG,mucous
AGACAGGTCCCATGGG,mucous
AGACCATAGCTCTTCC,mucous
AGACCATAGTAGCTCT,mucous
AGACCATCAGCGTTGC,quality
AGACCATGTACCTGTA,mucous
AGACCATGTATCATGC,Proliferating
AGACCATGTATTTCCT,like
AGACCATGTCTTTCAT,mucous
AGACCATGTTTGGGTT,Proliferating
AGACCATTCGTCGACG,Proliferating
AGACCCGGTTGATCGT,mucous
AGACCCGTCATGAGGG,Proliferating
AGACCCGTCCAACACA,like
AGACTCACAGGCCCTA,Proliferating
AGACTCAGTATCAAGA,Proliferating
AGACTCAGTGACAACG,mucous
AGACTCATCGTCACCT,mucous
AGACTCATCTAAGGAA,Proliferating
AGACTCATCTACTGCC,mucous
AGAGAATAGACCAACG,like
AGAGAATAGTCTCCTC,mucous
AGAGAATCACTGTCGG,mucous
AGAGAATCATCATTTC,like
AGAGAATCATCTATCT,like
AGAGAATCATGCCGGT,Proliferating
AGAGAATGTAGCGTCC,Proliferating
AGAGAATTCCCGTGAG,mucous
AGAGAATTCGGCGATC,like
AGAGAGCAGTTTCAGC,mucous
AGAGAGCCATCCGGTG,mucous
AGAGAGCTCCGTGTGG,mucous
AGAGAGCTCCGTTTCG,mucous
AGAGCCCAGTGTTCAC,mucous
AGAGCCCGTTAGCTAC,Proliferating
AGAGCCCGTTGGACCC,mucous
AGAGCCCGTTTACACG,mucous
AGATAGAAGTAATTGG,like
AGATAGAGTACGAGCA,stress
AGATAGAGTTGGCCGT,mucous
AGATAGATCCTTCTAA,Proliferating
AGATAGATCTCGAGTA,mucous
AGATCCAAGCGTGAAC,mucous
AGATCCAAGGCACAAC,quality
AGATCCACAAGTACCT,mucous
AGATCCACACTATCGA,mucous
AGATCCATCCGTTGAA,Proliferating
AGATCGTCACACGCCA,mucous
AGATCGTCACGCGTCA,Proliferating
AGATCGTGTACTGCCG,mucous
AGATCGTGTGTTACTG,Proliferating
AGATCGTTCTTGGATG,mucous
AGATGAAGTGACAACG,Proliferating
AGATGCTCAAGTGTCT,mucous
AGATGCTCAGAACCGA,mucous
AGATGCTCATGACACT,mucous
AGATGCTCATGCAGCC,mucous
AGATGCTGTGATACCT,Proliferating
AGATGCTTCGGTCACG,Proliferating
AGATGCTTCGTGTCAA,Proliferating
AGCATCAGTACAGTTC,mucous
AGCATCATCCCTTCCC,mucous
AGCATCATCGTAGAGG,Proliferating
AGCCAATAGGTGTGAC,Proliferating
AGCCAATAGTTAGTGA,Proliferating
AGCCAATCACCTCGTT,mucous
AGCCAATCAGTTGTCA,quality
AGCCAATGTACAAAGT,mucous
AGCCAATGTCTGTAGT,like
AGCCAATGTGGGAGAG,Proliferating
AGCCAATGTTCGGTCG,like
AGCCAATTCGCCGAAC,like
AGCCAATTCTCGACCT,mucous
AGCCACGAGCTAGTTC,mucous
AGCCACGAGGGCAAGG,mucous
AGCCACGAGTGCAAAT,like
AGCCACGTCCTGGGTG,mucous
AGCCAGCAGTCCGCGT,like
AGCCAGCCATACTGAC,mucous
AGCCAGCGTTGTGGCC,like
AGCCAGCTCCGCATAA,mucous
AGCCAGCTCTAAGCGT,Proliferating
AGCGATTAGCTAGAGC,mucous
AGCGATTAGTGCCTCG,like
AGCGATTCAAATTGCC,mucous
AGCGATTCATCAGTGT,quality
AGCGATTCATCTCCCA,Proliferating
AGCGATTTCAGACCGC,like
AGCGCCAAGGATATGT,Proliferating
AGCGCCACAAAGCTCT,quality
AGCGCCACAGCCCAGT,Proliferating
AGCGCCAGTCCAAGAG,mucous
AGCGCCAGTTTCCAAG,mucous
AGCGCCATCAAGTGGG,mucous
AGCGCCATCATACGAC,stress
AGCGCCATCGTGCATA,Proliferating
AGCGCTGAGGTGCTGA,stress
AGCGCTGAGTTGGAAT,mucous
AGCGCTGCAGACACAG,mucous
AGCGCTGCAGCGTTTA,Proliferating
AGCGCTGTCTAATTCC,quality
AGCGTATAGTCTTCGA,like
AGCGTATGTGGATGAC,stress
AGCGTATGTTACGGAG,mucous
AGCGTATGTTCTAAGC,mucous
AGCGTATTCACTACGA,Proliferating
AGCGTCGCACACGGTC,Proliferating
AGCGTCGCACATACGT,Proliferating
AGCGTCGTCAAGAAAC,stress
AGCTACAAGATCCTAC,Proliferating
AGCTACAAGTTCCAGT,quality
AGCTACACAATTCTTC,mucous
AGCTACACAGATACCT,stress
AGCTACATCGTAGCTA,stress
AGCTACATCGTAGTCA,mucous
AGCTCAAAGTAAACGT,Proliferating
AGCTCAACAACCGTAT,Proliferating
AGCTCAACAAGACTGG,like
AGCTCAACACGTGTGC,mucous
AGCTCAACATGCGGTC,mucous
AGCTCAAGTCGAATGG,mucous
AGCTCAAGTGTCATCA,Proliferating
AGCTCAATCAGCTGAT,mucous
AGCTCAATCTACGCAA,mucous
AGCTTCCAGGCTGTAG,mucous
AGCTTCCCAATTGCAC,Proliferating
AGCTTCCTCATTACGG,like
AGCTTCCTCCGACGGT,mucous
AGGAAATGTCGAGTTT,Proliferating
AGGAAATGTTGTTTGG,mucous
AGGAATAAGCACTAGG,mucous
AGGAATAAGGCCTGCT,mucous
AGGAATACACATTCGA,Proliferating
AGGAATACACTATCGA,quality
AGGAATAGTAATTAGG,Proliferating
AGGAATAGTACGTTCA,mucous
AGGAATAGTATGGTTC,quality
AGGACGAAGGATGAGA,Proliferating
AGGACGACATCTCATT,like
AGGACGATCAAGAATG,mucous
AGGACGATCGCCGAAC,quality
AGGACTTAGAACGCGT,quality
AGGACTTAGTCCTACA,mucous
AGGACTTCAAGTGCTT,Proliferating
AGGACTTGTTCCACAA,mucous
AGGAGGTAGAGCCCAA,mucous
AGGAGGTCACTATGTG,mucous
AGGAGGTGTGTCCCTT,mucous
AGGAGGTTCTTTGCAT,mucous
AGGATAAAGACTTCCA,mucous
AGGATAAAGATCCCGC,mucous
AGGATAAGTTACACAC,mucous
AGGATCTAGACGCAGT,mucous
AGGATCTGTCACAGAG,Proliferating
AGGATCTGTCAGTTTG,Proliferating
AGGATCTGTGGCGTAA,mucous
AGGATCTTCATGGATC,mucous
AGGATCTTCTTGGTCC,Proliferating
AGGCATTAGCACGTCC,stress
AGGCATTAGGGTCTTT,quality
AGGCATTTCTAACGGT,Proliferating
AGGCCACAGAAACTAC,mucous
AGGCCACTCGTCCTTG,mucous
AGGCTGCAGACATCCT,mucous
AGGCTGCAGTAGTCAA,Proliferating
AGGCTGCGTTAGGCCC,mucous
AGGGAGTAGCCGATAG,quality
AGGGAGTCATATCTGG,Proliferating
AGGGAGTTCGCAGATT,mucous
AGGGCCTCACATAGCT,mucous
AGGGCCTCACGGCGTT,mucous
AGGGCCTCAGATACTC,mucous
AGGGCCTTCCAATGCA,mucous
AGGGCTCAGTTGGAAT,Proliferating
AGGGCTCGTGGATTTC,mucous
AGGGCTCGTTATGTGC,Proliferating
AGGGTCCCAACTTCTT,mucous
AGGGTCCCACTATCCC,mucous
AGGGTCCCATAACCCA,mucous
AGGGTCCTCCCGTTCA,like
AGGGTGACAAACTAGA,Proliferating
AGGGTGACATGAATAG,quality
AGGGTGAGTACAGTTC,mucous
AGGGTGAGTCTCAAGT,mucous
AGGGTGATCGGATACT,like
AGGGTTTAGCGCCATC,Proliferating
AGGGTTTAGGAGTCTG,stress
AGGGTTTGTGAGTTTC,Proliferating
AGGTAGGCAATTGAGA,like
AGGTAGGGTGACGTCC,mucous
AGGTAGGTCTACACAG,Proliferating
AGGTCATAGGACGCAT,mucous
AGGTCATAGGGCCTCT,stress
AGGTCATGTCTTCCGT,mucous
AGGTCATTCACCATAG,mucous
AGGTCTAAGCTGTGCC,like
AGGTCTACAACAAAGT,mucous
AGGTCTACAAGTGGGT,mucous
AGGTGTTCAAAGTGTA,mucous
AGGTGTTGTACGTAGG,mucous
AGGTGTTTCATCTACT,mucous
AGGTGTTTCCGCAGTG,mucous
AGGTTACAGATTACCC,quality
AGGTTACAGTGAGCCA,like
AGGTTACCACAAGTGG,mucous
AGGTTACCACCATATG,Proliferating
AGGTTGTAGCATGAAT,mucous
AGGTTGTAGCCTTCTC,mucous
AGGTTGTGTTCTCTCG,mucous
AGTAACCAGCTGGAGT,Proliferating
AGTAACCGTGACAGGT,mucous
AGTAACCTCCTATGGA,Endocrine
AGTACCAAGAGACAAG,mucous
AGTACCAGTGCCAAGA,stress
AGTACCATCCCTCTTT,Proliferating
AGTACCATCCTTCTTC,Proliferating
AGTACTGGTCATCCCT,mucous
AGTAGCTAGCATCAAA,stress
AGTAGCTAGCTGGAGT,mucous
AGTAGCTCAACCGCTG,quality
AGTAGCTCAGGCTCTG,quality
AGTAGCTGTCCTGTCT,mucous
AGTAGCTGTGCCGTAC,Proliferating
AGTAGTCAGATTGACA,mucous
AGTAGTCAGCAAGTCG,mucous
AGTAGTCAGCGCTGAA,Proliferating
AGTAGTCAGGTCGAGT,Proliferating
AGTAGTCCAGACGATG,Proliferating
AGTAGTCGTTTCAGAC,quality
AGTCAACAGCCAAGTG,quality
AGTCAACGTAACGTTC,Proliferating
AGTCACACAGGTGGAT,mucous
AGTCACACAGTTTCAG,mucous
AGTCACACATCTGCGG,Endocrine
AGTCACAGTATTTCGG,mucous
AGTCACATCACCTGGG,mucous
AGTCACATCACCTTAT,Proliferating
AGTCACATCCAACACA,mucous
AGTCATGAGCCGTAAG,like
AGTCATGCAAATGGCG,stress
AGTCATGCACAACGTT,Proliferating
AGTCATGCACTGTTCC,like
AGTCATGGTGGGTCAA,quality
AGTCTCCGTGCATACT,quality
AGTCTCCTCACTTTGT,Proliferating
AGTCTCCTCTAGTACG,like
AGTGACTCAAGTTCCA,mucous
AGTGATCCAAACCATC,mucous
AGTGATCCACAGTATC,mucous
AGTGATCGTGCAGATG,mucous
AGTGCCGAGTACGAGC,mucous
AGTGCCGAGTTAGAAC,quality
AGTGCCGCAAGTTGGG,quality
AGTGCCGGTATCTTCT,Proliferating
AGTGTTGAGGGTACGT,Proliferating
AGTGTTGCAAGAAACT,mucous
AGTGTTGCAGACGGAT,Proliferating
AGTGTTGGTAGCTTTG,mucous
AGTGTTGGTATTGAGA,like
AGTGTTGGTCACTTAG,Proliferating
AGTGTTGGTTCAGCTA,mucous
AGTTAGCGTGCATTTG,mucous
AGTTAGCGTGCCTACG,mucous
AGTTAGCTCACCGGGT,stress
AGTTAGCTCGAACGCC,mucous
AGTTAGCTCGTAACTG,like
AGTTCCCAGATACAGT,Proliferating
AGTTCCCAGTCCCAAT,Proliferating
AGTTCCCCACGCTGCA,mucous
AGTTCCCCAGACGCTC,mucous
AGTTCCCCATAACTCG,mucous
AGTTCCCGTCCGAAGA,Proliferating
AGTTCCCGTTGTGGCC,quality
AGTTCCCTCCGACGGT,Proliferating
AGTTCGAAGGGATCGT,mucous
AGTTCGACAAAGAGTT,mucous
AGTTCGACAGCAGTAG,mucous
AGTTCGATCCTATTTG,mucous
ATACCGAAGTCTTGGT,like
ATACCGACATCGCTCT,mucous
ATACCGATCGCAATTG,mucous
ATACCGATCGCTATTT,like
ATACCGATCGTGCATA,mucous
ATACCTTTCTGACGCG,quality
ATACTTCAGGACTTCT,mucous
ATAGACCAGACTGAGC,quality
ATAGACCAGGTGTGAC,like
ATAGACCAGGTTCTTG,Proliferating
ATAGACCCACGACGAA,mucous
ATAGAGAGTGATCGTT,mucous
ATAGAGATCAGACAAA,mucous
ATAGAGATCTTTGATC,mucous
ATAGGCTAGGTCGACA,mucous
ATAGGCTCACTGAGTT,mucous
ATAGGCTCAGTCGCAC,Proliferating
ATAGGCTCATACCATG,stress
ATAGGCTGTCCGCAGT,mucous
ATAGGCTTCATAGGCT,mucous
ATAGGCTTCTAAACGC,mucous
ATATCCTAGTACTCGT,stress
ATATCCTAGTCACAGG,mucous
ATATCCTCAGTTCACA,Proliferating
ATATCCTTCTGAGCAT,Proliferating
ATCACAGCATCGTGCG,mucous
ATCACAGGTCCAGCCA,mucous
ATCACAGGTGCCCTTT,Proliferating
ATCACGAAGTGGCCTC,mucous
ATCACGAAGTGTCATC,stress
ATCACGACAGAGAGGG,Proliferating
ATCACGAGTCTTGAGT,quality
ATCACTTAGCCAAGTG,mucous
ATCACTTAGGGATCGT,mucous
ATCACTTCAGAGTTGG,mucous
ATCACTTCAGCGCTTG,mucous
ATCACTTTCCATACTT,quality
ATCATTCAGTCCTACA,stress
ATCATTCCAATGTGGG,mucous
ATCATTCCACCTGCAG,Proliferating
ATCATTCCAGGTGAGT,quality
ATCATTCGTCCCGGTA,stress
ATCATTCTCGATAACC,quality
ATCCACCGTAGCGTAG,like
ATCCATTAGATAGGGA,mucous
ATCCATTAGTACCGGA,like
ATCCATTCACCTCAGG,Proliferating
ATCCATTGTCGGAAAC,mucous
ATCCATTTCGCCGATG,mucous
ATCCATTTCGTTCTGC,mucous
ATCCCTGCAGGACATG,Proliferating
ATCCCTGCATGACGAG,quality
ATCCCTGTCGATACAC,mucous
ATCCGTCAGCAACTCT,mucous
ATCCGTCCAACTTGCA,quality
ATCCGTCCAGTTGAAA,Proliferating
ATCCGTCCATAGTCAC,Proliferating
ATCCGTCCATGATAGA,mucous
ATCCGTCGTTAGTCGT,stress
ATCCGTCTCTCTGAGA,mucous
ATCCGTCTCTTGCAAG,like
ATCCTATCACAAGTGG,mucous
ATCCTATCACAGCATT,mucous
ATCCTATGTAGGTACG,quality
ATCCTATGTCGATTTG,mucous
ATCCTATTCCTCTAGC,Proliferating
ATCGATGAGTTACGGG,Proliferating
ATCGATGCAATTTCGG,stress
ATCGATGGTAACGTTC,Proliferating
ATCGATGGTCGAGTGA,quality
ATCGATGTCCACTTTA,mucous
ATCGATGTCCGTCACT,mucous
ATCGCCTAGTAGGTTA,Proliferating
ATCGCCTCAATCAAGA,mucous
ATCGCCTCAGGTCAGA,quality
ATCGCCTCATAGAAAC,like
ATCGCCTTCATGAGAA,mucous
ATCGGATGTGGATTTC,like
ATCGGATGTTGTAGCT,mucous
ATCGGATTCCATTTAC,Proliferating
ATCGGCGAGAGGGTGG,mucous
ATCGGCGAGTATTAGG,stress
ATCGGCGAGTTGCGAG,mucous
ATCGGCGTCAGCTCTC,like
ATCGGCGTCGGCGATC,mucous
ATCGGCGTCTACAGGT,mucous
ATCGTAGAGATCCTAC,mucous
ATCGTAGAGTCGGCCT,Proliferating
ATCGTAGCAAATCGTC,mucous
ATCGTAGTCAGTGATC,mucous
ATCGTAGTCGGCATAT,mucous
ATCGTCCAGACCAGCA,stress
ATCGTCCGTACAAAGT,mucous
ATCGTCCGTTAACAGA,mucous
ATCGTCCTCGGCAGTC,mucous
ATCGTCCTCTCCCATG,mucous
ATCGTGAAGACCAAAT,Endocrine
ATCGTGACAAGAGTAT,Proliferating
ATCGTGACAATTCGTG,Proliferating
ATCGTGACACCACATA,Proliferating
ATCGTGAGTTATAGAG,stress
ATCGTGATCATTCATC,mucous
ATCTCTAAGGCTGGAT,Proliferating
ATCTCTACACTGCACG,mucous
ATCTCTACATATGGCT,like
ATCTCTAGTATCGTAC,Proliferating
ATCTCTATCTGGGTCG,stress
ATCTTCAAGCCTAACT,Proliferating
ATCTTCAAGGGAGATA,mucous
ATCTTCAAGGTTCCGC,Proliferating
ATCTTCAAGTTACTCG,Proliferating
ATCTTCACACCCTTGT,quality
ATGAAAGCACCTGAAT,mucous
ATGAAAGCAGTGACCC,mucous
ATGAAAGCATCGAGCC,mucous
ATGAAAGGTGCGTTTA,Proliferating
ATGAAAGGTGTTTGCA,Proliferating
ATGAAAGTCATCACTT,mucous
ATGACCAAGAAACACT,Proliferating
ATGACCAAGATCACCT,stress
ATGACCAAGCAGCCTC,mucous
ATGACCACACAGTGAG,mucous
ATGACCACATGAGATA,Proliferating
ATGACCAGTCGTATGT,Proliferating
ATGACCAGTTTCGTTT,Proliferating
ATGACCATCACTCGAA,quality
ATGAGGGAGGTGCGAT,Proliferating
ATGAGGGCAGGAATCG,Proliferating
ATGAGGGGTCGACTGC,Proliferating
ATGAGGGTCGCCTTTG,mucous
ATGAGGGTCGTAGTGT,Proliferating
ATGAGTCAGGAAAGTG,stress
ATGAGTCAGGATTTAG,mucous
ATGAGTCAGGGACTGT,mucous
ATGAGTCGTCGAACGA,mucous
ATGAGTCGTGGCTAGA,quality
ATGAGTCTCACCACAA,mucous
ATGAGTCTCTCCCATG,like
ATGATCGCACAAACGG,like
ATGCATGCATGACTTG,quality
ATGCATGGTCGACGCT,mucous
ATGCCTCAGAGGCGTT,mucous
ATGCGATAGCATCCTA,like
ATGCGATAGGTTCATC,mucous
ATGCGATCATGTGGCC,mucous
ATGCGATTCCTTATCA,Proliferating
ATGGAGGCAAAGCAAT,Proliferating
ATGGAGGTCCGTATAG,like
ATGGAGGTCTTGGGCG,mucous
ATGGATCCAAAGGTTA,stress
ATGGATCCAAGCTGTT,Proliferating
ATGGATCCAGGTTTAC,mucous
ATGGATCGTTCAACGT,quality
ATGGATCTCGCGAAGA,mucous
ATGGGAGAGAGAATCT,mucous
ATGGGAGAGATGAACT,mucous
ATGGGAGCACAACGTT,like
ATGGGAGCACAAGCCC,Proliferating
ATGGGAGGTAACCAGG,quality
ATGGGAGGTATGGAGC,mucous
ATGGGAGGTCATCCCT,like
ATGGGAGTCAAAGAAC,Proliferating
ATGGGAGTCACAAGAA,Proliferating
ATGGGTTAGCCGGATA,mucous
ATGGGTTAGCGAAACC,mucous
ATGGGTTAGTAGGAAG,mucous
ATGGGTTAGTCTCCTC,Proliferating
ATGGGTTCACATACTG,mucous
ATGGGTTCAGAGGGTT,stress
ATGGGTTCAGTATTCG,quality
ATGGGTTCAGTGCCTG,mucous
ATGGGTTTCATGGCCG,mucous
ATGGTTGGTACACTCA,stress
ATGGTTGTCAAACCCA,mucous
ATGTCCCAGCGATGCA,stress
ATGTCCCCACAGTATC,Proliferating
ATGTCTTAGACTCTAC,Proliferating
ATGTCTTAGGTTTGAA,stress
ATGTCTTAGTGAACAT,like
ATGTCTTGTCTGTCCT,like
ATGTCTTGTCTTGCGG,mucous
ATGTCTTGTTCCATTT,like
ATTACCTAGCAGTACG,mucous
ATTACCTAGGACTGGT,mucous
ATTACCTCAACGTAAA,Proliferating
ATTACCTCAGTTGCGC,Proliferating
ATTACCTGTCTGTAGT,stress
ATTACCTTCACAGAGG,mucous
ATTACCTTCGCGGTAC,Proliferating
ATTACCTTCGGCCCAA,quality
ATTACTCGTACCGCGT,like
ATTATCCCAGAGTCAG,Proliferating
ATTATCCTCATAGGCT,mucous
ATTATCCTCGACTCCT,like
ATTCACTAGTGAGTTA,mucous
ATTCACTCATGGGATG,like
ATTCACTGTGTTCGAT,Proliferating
ATTCAGGCAAGAGATT,like
ATTCAGGGTAATTGGA,like
ATTCATCAGGCTAAAT,quality
ATTCATCCACCTATCC,mucous
ATTCATCCAGGAACCA,quality
ATTCATCCATGGGATG,Proliferating
ATTCATCTCGGTGCAC,quality
ATTCATCTCTTCCAGC,quality
ATTCCATCATCAGCTA,mucous
ATTCCATCATCGTTCC,Proliferating
ATTCCATGTATCAGCT,Proliferating
ATTCCATGTCATCGGC,mucous
ATTCCATTCAACTGGT,mucous
ATTCCATTCACCTACC,mucous
ATTCCATTCCTGTAGA,Proliferating
ATTCCATTCGAGAATA,Proliferating
ATTCCATTCGATTGAC,mucous
ATTCCCGAGACTCAAA,quality
ATTCCCGAGGGATGTC,quality
ATTCCCGAGTTGCGAG,mucous
ATTCCCGCACTGTGAT,stress
ATTCCCGCAGGACTTT,Proliferating
ATTCCCGTCACTCCGT,mucous
ATTCCTAAGAATTCAG,stress
ATTCCTAAGCATTGAA,Proliferating
ATTCCTACACAAGCCC,Proliferating
ATTCCTACATCGATCA,stress
ATTCCTAGTAGGTCAG,Proliferating
ATTCCTAGTGCAGGAT,mucous
ATTCCTAGTGTGTGTT,Proliferating
ATTCCTAGTTACCCTC,Proliferating
ATTCCTATCGTGTGGC,mucous
ATTCGTTAGAATAGTC,mucous
ATTCGTTAGAGAGGTA,mucous
ATTCGTTAGATTTGCC,like
ATTCGTTAGTCGAATA,mucous
ATTCGTTCAAACTAAG,mucous
ATTCGTTCAAAGGCGT,quality
ATTCGTTCAGTTTCAG,mucous
ATTCGTTGTACACGTT,mucous
ATTCGTTGTTAGAAAC,mucous
ATTCGTTTCACTACGA,quality
ATTCGTTTCCTACGAA,Proliferating
ATTCGTTTCGCTGTCT,Proliferating
ATTCGTTTCGCTTTAT,like
ATTCTACAGAGTAACT,mucous
ATTCTACAGCCTAACT,Proliferating
ATTCTACGTATCCTTT,quality
ATTCTACTCAAGCCTA,mucous
ATTCTTGCAGTGCCTG,like
ATTCTTGGTTCAGCTA,mucous
ATTGGGTAGTCACAGG,Proliferating
ATTGTTCCACTCATAG,mucous
ATTGTTCCAGTTCCAA,mucous
ATTGTTCGTATGCAAA,mucous
ATTGTTCGTCCTGTCT,mucous
ATTGTTCGTGAGCGAT,stress
ATTGTTCGTTCTTGCC,stress
ATTGTTCTCGCTTACC,mucous
ATTGTTCTCTAGCAAC,mucous
ATTTACCAGACAAGCC,like
ATTTACCAGTAACGGT,Proliferating
ATTTACCCAACAGAGC,mucous
ATTTACCCAGACAAGC,like
ATTTACCGTTTGCAGT,Proliferating
ATTTACCTCGGAAACG,stress
ATTTCACCAGTTTCGA,Proliferating
ATTTCACCATAGGCGA,mucous
ATTTCACTCCACGGGT,Proliferating
ATTTCACTCCCAACTC,stress
ATTTCTGAGAGCTGCA,like
ATTTCTGAGGTGATAT,Proliferating
ATTTCTGCATCCGGTG,mucous
CAAAGAAAGCACTGGA,Proliferating
CAAAGAAAGCATACTC,mucous
CAAAGAAAGCGCCTAC,mucous
CAAAGAAAGGACAACC,mucous
CAAAGAACAAGTATCC,Proliferating
CAAAGAACACGACGCT,Proliferating
CAAAGAACATTCTCTA,Proliferating
CAAAGAAGTCATCCCT,mucous
CAAAGAATCCGCAAAT,Proliferating
CAAAGAATCGCTATTT,stress
CAAAGAATCTCTAGGA,Proliferating
CAACAACGTGTCCGGT,Endocrine
CAACAACTCACCGACG,Proliferating
CAACAACTCTTGGCTC,Proliferating
CAACAGTAGTTCCATG,mucous
CAACAGTCACCCTCTA,like
CAACAGTTCCACACCT,quality
CAACCAACAGCCTATA,stress
CAACCAACATCCTATT,Proliferating
CAACCTCAGCTAAATG,mucous
CAACCTCAGTCTTCCC,Proliferating
CAACCTCCAGTCAGTT,mucous
CAACCTCCATGGCTAT,like
CAACGATAGCACCCAC,Proliferating
CAACGATAGCACGATG,Proliferating
CAACGATCAGAACATA,stress
CAACGATGTTTCGATG,like
CAACGATTCGACCATA,like
CAACGATTCGGCTGTG,mucous
CAACGGCAGTGTGTTC,Proliferating
CAACGGCGTATGCGGA,Proliferating
CAACGGCGTGCGTGCT,mucous
CAACGGCTCAAGTCGT,mucous
CAAGACTAGCGAACTG,Proliferating
CAAGACTCACACGGAA,mucous
CAAGAGGTCACCGGTG,mucous
CAAGAGGTCCGTGGGT,mucous
CAAGAGGTCGCCATAA,mucous
CAAGAGGTCTGCCTCA,Proliferating
CAAGCTAGTGGCTGCT,Proliferating
CAAGCTAGTGTTAAAG,Proliferating
CAAGGGAGTAGATTAG,mucous
CAAGGGAGTCAAGCCC,Endocrine
CAAGGGAGTCACCTTC,Proliferating
CAATACGAGAAAGTCT,mucous
CAATACGAGAGGGTAA,mucous
CAATACGAGTGGAAGA,quality
CAATACGCATCGGAAG,Proliferating
CAATACGTCACTTGGA,like
CAATACGTCGTTGTTT,Proliferating
CAATCGAAGCTACAAA,quality
CAATCGAAGGACCCAA,mucous
CAATCGACACAATGAA,mucous
CAATCGAGTCCTGAAT,stress
CAATCGAGTTACCCAA,quality
CAATCGATCAGTCATG,quality
CAATGACAGCAGGCAT,Proliferating
CAATGACAGTAGGAAG,like
CAATGACCAAGATTGA,mucous
CAATGACCATCGGAAG,Proliferating
CAATGACGTAGACACG,mucous
CAATGACTCACTGAAC,Proliferating
CAATGACTCAGGGATG,Proliferating
CAATTTCAGTGATTCC,mucous
CAATTTCGTGACTGAG,stress
CAATTTCGTGATTCAC,like
CAATTTCGTGGAACCA,like
CAATTTCGTTTCGATG,like
CAATTTCTCTGCTTAT,Proliferating
CACAACAAGGATGGCT,like
CACAACAGTTGTAGCT,Proliferating
CACAACATCACTGGGC,Proliferating
CACAACATCTTGCGCT,stress
CACACAATCAATCGGT,Proliferating
CACACAATCCTACGAA,mucous
CACAGATAGCGGATCA,mucous
CACAGATTCAAGTTGC,Proliferating
CACAGATTCCGCATAA,Proliferating
CACAGATTCGCAGTCG,quality
CACAGGCAGAAGCGGG,mucous
CACAGGCCAACTCGTA,quality
CACAGGCCAAGAATGT,quality
CACAGGCCAGCCCACA,like
CACAGGCGTAACGCGA,like
CACATGAAGAAATGGG,mucous
CACATGAAGGATATGT,mucous
CACATGAAGGGACCAT,mucous
CACATGAAGTGGAAGA,stress
CACATGACAGGACGAT,mucous
CACATGAGTGCTATTG,mucous
CACATGAGTGGCTACC,like
CACATGAGTGTATTGC,Proliferating
CACCAAACAGCTCTGG,mucous
CACCAAAGTAATGATG,mucous
CACCAAATCGACGACC,mucous
CACCAAATCTGTGCAA,Proliferating
CACCGTTCAGAACTCT,stress
CACCGTTGTGATACAA,quality
CACCGTTTCTTGAGCA,Proliferating
CACGAATCAGCTATAC,like
CACGAATTCTGCGTCT,mucous
CACGGGTAGCCTCATA,like
CACGGGTAGGCACAAC,like
CACGGGTGTAGGTACG,Proliferating
CACGGGTGTGGGTCAA,mucous
CACGTGGAGAAGCCAC,mucous
CACGTGGAGGTCCCGT,like
CACGTGGAGTTCCGGC,mucous
CACGTGGGTGCTGTCG,mucous
CACGTGGTCAACCTCC,Proliferating
CACGTGGTCCTTGAAG,Proliferating
CACGTTCAGCTCCACG,like
CACGTTCAGGTAAGTT,mucous
CACGTTCCAGAATTCC,quality
CACGTTCTCGTAACCA,Proliferating
CACGTTCTCTGAATCG,like
CACTAAGAGCATCCCG,mucous
CACTAAGAGCTTCTAG,Endocrine
CACTAAGCACCCTTGT,mucous
CACTAAGCAGAATGTA,like
CACTAAGCAGCAAGAC,mucous
CACTAAGTCTACTGAG,stress
CACTGAAAGAGCATCG,mucous
CACTGAACACATAACC,stress
CACTGAATCAAGTGTC,mucous
CACTGAATCGCTACGG,quality
CACTGGGAGATCCGAG,quality
CACTGGGAGATTGTGA,Proliferating
CACTGGGAGTGCCTCG,stress
CACTGGGCAATAAGGT,mucous
CACTGGGCATGAATAG,mucous
CACTGGGGTCAACACT,stress
CACTGGGTCCAGGACC,mucous
CACTGTCCACGGGCTT,Proliferating
CACTGTCCAGGTCAAG,stress
CACTGTCCAGTAACCT,mucous
CACTGTCCATCTCGTC,Proliferating
CACTGTCCATGGAAGC,Proliferating
CACTGTCGTCCCGGTA,mucous
CACTGTCGTTTGGAGG,mucous
CACTTCGGTTCAGCTA,mucous
CAGAGCCCACTGGATT,Proliferating
CAGAGCCGTACGGCAA,stress
CAGATACAGACTCCGC,mucous
CAGATACAGAGGCGTT,like
CAGATACTCTAGTGTG,stress
CAGATCATCCGCTTAC,like
CAGATCATCGTAACCA,mucous
CAGATTGAGCGAGTAC,mucous
CAGATTGGTTAGTCGT,quality
CAGCACGAGACCACGA,like
CAGCACGAGTCATACC,Proliferating
CAGCACGGTAGCGTTT,mucous
CAGCACGGTCGAGTTT,Proliferating
CAGCACGTCAAATGAG,stress
CAGCAGCAGTCATTGC,like
CAGCAGCGTATGGAGC,mucous
CAGCAGCGTCAATCTG,Proliferating
CAGCCAGAGCCTCTGG,Proliferating
CAGCCAGAGGAGATAG,Proliferating
CAGCCAGCAGCTCGGT,mucous
CAGCCAGGTTAACCTG,quality
CAGCGTGAGAATACAC,Proliferating
CAGCGTGAGACATCCT,mucous
CAGCGTGCAAGTTCCA,mucous
CAGGCCAAGGCCGCTT,mucous
CAGGCCAAGTATTAGG,stress
CAGGCCAAGTGCCAGA,mucous
CAGGCCACAGTAGAAT,Proliferating
CAGGCCATCCCGTTCA,Proliferating
CAGGGCTAGCGGGTAT,Endocrine
CAGGGCTTCGTCGCTT,Proliferating
CAGGGCTTCTATCACT,Proliferating
CAGGTATGTAGATCGG,stress
CAGGTATGTCAAAGCG,stress
CAGTTAGAGTCTTCCC,mucous
CAGTTAGCAAGTACCT,mucous
CAGTTAGCAGCGTACC,mucous
CAGTTAGCATATCGGT,mucous
CAGTTAGGTATACAGA,Proliferating
CAGTTAGGTGGACTGA,Proliferating
CAGTTAGTCGGCTGGT,stress
CAGTTCCAGGCAGGTT,quality
CAGTTCCAGGCTAACG,mucous
CAGTTCCAGTCCCGAC,like
CAGTTCCAGTTTGTCG,mucous
CAGTTCCCATAGCTGT,mucous
CAGTTCCGTAACCCTA,quality
CAGTTCCTCGTCGGGT,like
CAGTTCCTCTTTCCAA,quality
CATAAGCAGTAAGAGG,like
CATAAGCAGTTCCTGA,like
CATAAGCCAGAGTTCT,mucous
CATAAGCGTGGATCGA,mucous
CATAAGCTCACCACAA,Proliferating
CATACAGCAGAAATCA,mucous
CATACAGCAGAGAAAG,mucous
CATACAGCATGCCATA,mucous
CATACAGTCGCTGCGA,mucous
CATACCCAGCATCTTG,quality
CATACCCCAATAGGGC,stress
CATACCCGTATCGTTG,mucous
CATACCCTCTCATGGA,mucous
CATACTTAGGGCAGAG,mucous
CATACTTAGTTGAAAC,quality
CATACTTCACATGGTT,like
CATACTTGTTATGTGC,mucous
CATAGACAGAGTCACG,quality
CATAGACAGTCCGCCA,stress
CATAGACCAAGAGTTA,Proliferating
CATAGACCATCAGCAT,mucous
CATCAAGAGAACGTGC,mucous
CATCAAGCAGGTAGTG,Proliferating
CATCAAGGTATCAGCT,like
CATCAAGTCAAGGACG,mucous
CATCAAGTCGGATAAA,stress
CATCCACAGTATGCAA,Proliferating
CATCCACCAGGGAGAG,mucous
CATCCACGTATGAGCG,Proliferating
CATCCACGTATGCGGA,like
CATCCACGTCTAGGTT,like
CATCCACGTGACTGTT,like
CATCCACGTGGAGAAA,mucous
CATCCACTCCCACAGG,mucous
CATCCACTCTGGTCAA,mucous
CATCCCACAGTTCTAG,mucous
CATCCCAGTACGAGTG,mucous
CATCCGTCAATGTCTG,mucous
CATCCGTCAATTGCAC,mucous
CATCCGTCAGCCCACA,mucous
CATCCGTGTACGCTAT,stress
CATCCGTGTTTAAGGA,mucous
CATCCGTTCATTCATC,stress
CATCCGTTCTTACGGA,Proliferating
CATCGCTAGAAGTCAT,mucous
CATCGCTAGTACCATC,Proliferating
CATCGCTGTAGGATAT,mucous
CATCGCTGTGAGATAT,stress
CATCGCTTCCAGTGCG,Proliferating
CATCGCTTCTGGACTA,mucous
CATCGGGAGCATATGA,Endocrine
CATCGGGCACACGGAA,Proliferating
CATCGGGGTCGCGTTG,Proliferating
CATCGGGGTCGGAACA,Proliferating
CATCGGGGTTGCATGT,Proliferating
CATCGGGTCAGGAAGC,stress
CATCGGGTCTTCGTGC,like
CATCGTCAGGGAGATA,mucous
CATCGTCTCAAGTCGT,stress
CATCGTCTCTGAATGC,like
CATGAGTAGACATAGT,mucous
CATGAGTAGCTGCCTG,mucous
CATGAGTAGGTGATCG,Proliferating
CATGAGTCAAACTAAG,Endocrine
CATGCAACAAGAGTAT,mucous
CATGCAAGTAACTAAG,mucous
CATGCAAGTCACCACG,like
CATGCAATCCAAAGGG,Proliferating
CATGCCTAGCGACTAG,mucous
CATGCCTCAAGCACCC,quality
CATGCCTCACGGTGAA,quality
CATGCCTCAGACTCTA,Proliferating
CATGCCTGTAATGATG,mucous
CATGCCTGTCGCCACA,stress
CATGCCTTCCAGCCTT,Proliferating
CATGCCTTCTCGCGTT,Proliferating
CATGCGGAGCCATTCA,mucous
CATGCGGCACCCGTAG,mucous
CATGCGGCATAGATCC,quality
CATGCGGTCACGATAC,like
CATGCGGTCCGTAGGC,Proliferating
CATGCGGTCGGAATTC,Proliferating
CATGCTCAGGTGGGTT,Proliferating
CATGCTCAGTCGCCAC,stress
CATGCTCCACAAAGCG,like
CATGCTCCACGCTGCA,Proliferating
CATGCTCGTTCGGTAT,mucous
CATGCTCTCTGCGTCT,Proliferating
CATGGATCAGAGAGGG,Proliferating
CATGGATGTCTTCGAA,quality
CATGGTAAGAAAGCGA,mucous
CATGGTAAGATACAGT,like
CATGGTACATCTTCGC,mucous
CATGGTAGTCACCCTT,Proliferating
CATGGTAGTCGGAACA,mucous
CATTCATAGCATAGGC,mucous
CATTCATAGTATAGAC,quality
CATTCATCAACCGCCA,Endocrine
CATTCATCACTGTCGG,like
CATTCATGTACGGCAA,mucous
CATTCATTCCCGTGAG,stress
CATTCCGAGAGCAAGA,Proliferating
CATTCCGCAAGCAGGT,Proliferating
CATTCCGCACAAGTTC,Proliferating
CATTCCGCAGAGTTCT,Proliferating
CATTCCGGTGAGCGAT,Proliferating
CATTCCGTCTGCATAG,Proliferating
CATTCTATCGACGTCG,mucous
CATTGAGAGGGACTGT,mucous
CATTGAGCAATGTCTG,stress
CATTGAGCAGGTATGG,Proliferating
CATTGAGGTACGTAGG,mucous
CATTGCCAGCTAGAAT,Proliferating
CATTGCCCAGAAATCA,quality
CATTGCCGTGAGATCG,mucous
CATTGTTAGAGGTGCT,mucous
CATTGTTAGGCCTGCT,mucous
CATTGTTCAGACATCT,like
CATTTCACATGGGTCC,quality
CATTTCAGTTGTCATG,quality
CATTTCATCGGACAAG,mucous
CCAAGCGAGGTAAGAG,Proliferating
CCAAGCGAGTACCATC,mucous
CCAAGCGTCAGTAGGG,mucous
CCAATGAAGCTTCATG,Proliferating
CCAATGAGTATCCCTC,quality
CCAATGATCTCTTGCG,Proliferating
CCAATGATCTGAGGTT,like
CCAATTTAGGTAACTA,mucous
CCAATTTCACCACATA,mucous
CCAATTTCATAACGGG,mucous
CCAATTTGTCACTCTC,Proliferating
CCAATTTGTCTTGTCC,mucous
CCACAAAAGGGTTTCT,quality
CCACAAACAATAGAGT,mucous
CCACAAAGTGTATTCG,mucous
CCACAAAGTTGGTACT,mucous
CCACACTAGAAATTCG,mucous
CCACACTAGACGCAGT,mucous
CCACACTAGCAAGCCA,stress
CCACACTAGGAGAATG,like
CCACACTTCCTCTTTC,quality
CCACACTTCGCCTTTG,quality
CCACCATCATTGCCGG,mucous
CCACCATGTAAGAACT,mucous
CCACCATGTTGGGAAC,stress
CCACCATTCCCTCTAG,quality
CCACGAGTCAAGAATG,stress
CCACGAGTCCATCTGC,stress
CCACGTTAGGTCGCCT,stress
CCACGTTCAGAGTAAT,Proliferating
CCACGTTGTGGCTAGA,mucous
CCACGTTTCTTGTTAC,Proliferating
CCACTTGAGAATCCCT,mucous
CCACTTGAGTATAACG,mucous
CCACTTGCAATTGCCA,mucous
CCACTTGCACTAGTAC,quality
CCACTTGCATCAGCTA,quality
CCACTTGGTAGTAAGT,mucous
CCACTTGGTATCATGC,like
CCACTTGGTTAATGAG,quality
CCACTTGTCCATCGTC,mucous
CCACTTGTCCCATTCG,quality
CCACTTGTCGCGCTGA,like
CCATAAGAGAATTGTG,quality
CCATAAGGTGCGGATA,Proliferating
CCATAAGGTGGTTTAC,like
CCATAAGTCCAAAGGG,like
CCATAAGTCGCAAGAG,stress
CCATCACAGCTGTCCG,stress
CCCAACTAGATGTTGA,mucous
CCCAACTAGCACTAAA,mucous
CCCAACTCAATCTGCA,Proliferating
CCCAACTGTTATCTTC,mucous
CCCATTGAGACTGTTC,mucous
CCCATTGAGCACTCCG,mucous
CCCATTGAGTGAACAT,mucous
CCCATTGGTTCGATTG,mucous
CCCATTGTCGCGCTGA,mucous
CCCATTGTCGGTTCAA,like
CCCGAAGAGTCGCCAC,quality
CCCGAAGCAACTTGGT,mucous
CCCGAAGCAAGTGCTT,mucous
CCCGGAAAGCTAAACA,mucous
CCCGGAAAGTAAGAGG,like
CCCGGAACAGGGCTTC,stress
CCCGGAACATCCTATT,mucous
CCCGGAACATGGGTCC,Proliferating
CCCGGAATCAAATGCC,Proliferating
CCCGGAATCAGGAGAC,mucous
CCCTAACAGGGATCAC,Proliferating
CCCTAACCATTGCAAC,like
CCCTAACTCCCAAGTA,stress
CCCTCAAAGCGCTTCG,mucous
CCCTCAAAGTGCCTCG,Proliferating
CCCTCAACACTCACTC,mucous
CCCTCAACAGGAATAT,like
CCCTCAATCGCCGAAC,mucous
CCCTCTCCAGGAAGTC,mucous
CCCTCTCCAGGGCTTC,mucous
CCCTGATCAATACGCT,mucous
CCCTGATCACGCGGTT,like
CCCTGATGTCGCGTCA,mucous
CCCTGATGTCTGCGCA,like
CCCTGATGTTATTCCT,Proliferating
CCCTGATTCACCTTGC,mucous
CCCTTAGTCAAAGGAT,stress
CCGAACGAGCCGATCC,mucous
CCGAACGCATCGGAGA,mucous
CCGAACGGTACAAACA,mucous
CCGAACGGTACGCGTC,mucous
CCGAACGGTTTAGACC,mucous
CCGAACGTCATTCATC,mucous
CCGATCTAGACGCAGT,mucous
CCGATCTAGCTCGACC,mucous
CCGATCTCAGCACAGA,Proliferating
CCGATCTCATCGGCCA,mucous
CCGATCTTCTCTTGCG,quality
CCGATGGAGCACCGAA,like
CCGATGGCAAGACTGG,Proliferating
CCGATGGCACACCAGC,quality
CCGATGGCAGCGTTGC,Proliferating
CCGCAAGCAAAGCAAT,like
CCGCAAGCAAGCTCTA,mucous
CCGGACACAACACGTT,mucous
CCGGACACAACCACAT,mucous
CCGGACACACACTGGC,Proliferating
CCGGACACAGGCTACC,Proliferating
CCGGACACAGGGAGAG,stress
CCGGACACATGGAGAC,mucous
CCGGGTACAAGAGGTC,mucous
CCGGGTAGTCATGGCC,Proliferating
CCGGGTATCCCGAGAC,like
CCGGGTATCTCTTCAA,Proliferating
CCGGTAGAGCCATTCA,like
CCGGTAGCACGAGAAC,mucous
CCGGTAGTCTGGCCAG,stress
CCGGTGAAGTTAACAG,Proliferating
CCGGTGACATAGTCGT,mucous
CCGGTGAGTACAAGCG,mucous
CCGTAGGAGATAGTGT,Proliferating
CCGTAGGAGGACAGCT,mucous
CCGTAGGAGGTGAGCT,stress
CCGTAGGCAAGTGGGT,mucous
CCGTAGGCACCCGTAG,mucous
CCGTAGGCAGAAGCTG,Proliferating
CCGTAGGCAGCATCTA,mucous
CCGTAGGCAGGTCCGT,stress
CCGTAGGCATGTGGCC,stress
CCGTAGGGTAGCGTAG,Proliferating
CCGTAGGGTGATAGAT,Proliferating
CCGTAGGTCCCTTGTG,Proliferating
CCGTAGGTCCGGTAAT,Proliferating
CCGTGAGAGAGTTCGG,mucous
CCGTGAGAGCAGTCTT,quality
CCGTGAGCAGTCACGC,mucous
CCGTGAGCATAACGGG,Proliferating
CCGTGAGGTAGACGGT,like
CCGTGAGGTGCATTAC,mucous
CCGTGAGTCTGCGATA,mucous
CCGTTCAAGACTTCCA,like
CCGTTCAAGCGAGAAA,quality
CCGTTCACATGGAACG,quality
CCGTTCAGTATTCCGA,Proliferating
CCTAACCTCCGAGTGC,stress
CCTAACCTCGCTGATA,mucous
CCTAAGAAGTTGGGAC,Proliferating
CCTAAGAGTATACGGG,mucous
CCTAAGATCAGACAAA,stress
CCTACGTAGCATTGTC,quality
CCTACGTAGCGCACAA,like
CCTACGTAGGATATAC,Proliferating
CCTACGTCAAATACAG,Endocrine
CCTACGTCAAATGGAT,Proliferating
CCTACGTCACAGTCCG,mucous
CCTACGTCACGCGTGT,like
CCTACGTGTAGACGGT,quality
CCTACGTGTGTTCGTA,Proliferating
CCTACGTTCGGAGTAG,stress
CCTACGTTCTGCTGAA,mucous
CCTATCGAGGAAAGGT,Proliferating
CCTATCGGTTCAGCTA,Proliferating
CCTATCGTCAAGAGTA,mucous
CCTATCGTCCCGAGAC,mucous
CCTATCGTCCTTCTTC,quality
CCTCAACAGCGACATG,mucous
CCTCAACGTCCTGTCT,Proliferating
CCTCAACGTTGGAGAC,Endocrine
CCTCACAAGGTCACTT,mucous
CCTCACAAGTCTAACC,mucous
CCTCACACAAGCCCAC,mucous
CCTCACACATGTTTGG,mucous
CCTCACAGTACTAAGA,like
CCTCACAGTTGTGTTG,Proliferating
CCTCAGTAGTTTGTCG,mucous
CCTCAGTGTGTAGGAC,mucous
CCTCATGGTCGCACAC,mucous
CCTCATGGTGGGACAT,Proliferating
CCTCATGTCTTGGGCG,Proliferating
CCTCCAATCCAACCGG,Proliferating
CCTCCTCCAAACGGCA,Endocrine
CCTCCTCCAAGCAATA,mucous
CCTCCTCGTCCACTCT,mucous
CCTCCTCGTTTACGTG,mucous
CCTCCTCTCGTCCTTG,Proliferating
CCTCTAGAGTCCCGAC,mucous
CCTCTAGCAGGTGTTT,Proliferating
CCTCTAGGTAACCCGC,mucous
CCTCTAGGTCACGTGC,mucous
CCTCTAGGTCGCTGCA,mucous
CCTCTCCAGCATCAAA,Proliferating
CCTGCATTCGCAGATT,Proliferating
CCTGTTGAGACGGAAA,mucous
CCTGTTGCAGTCTCTC,mucous
CCTGTTGCATGGCCCA,quality
CCTGTTGGTCTTACAG,stress
CCTGTTGGTGACAACG,Proliferating
CCTGTTGTCTAGTGTG,mucous
CCTTCAGAGCCTCAGC,mucous
CCTTCAGAGGTCCTGC,Proliferating
CCTTCAGCAGCGTGCT,mucous
CCTTCAGCATCCGAGC,mucous
CCTTCAGTCACCTCTG,mucous
CCTTGTGTCAACCTTT,mucous
CCTTGTGTCTCCCTAG,Proliferating
CCTTTGGAGTGTTGTC,mucous
CCTTTGGCACCTGTCT,Proliferating
CCTTTGGTCACATCAG,Proliferating
CCTTTGGTCCCTGGTT,Proliferating
CGAAGGAAGCCTCAGC,quality
CGAAGGAAGCGTGCCT,mucous
CGAAGGAAGTAAGACT,mucous
CGAAGGACATATTCGG,like
CGAAGGAGTTGGGAAC,like
CGAAGGATCAAACGAA,mucous
CGAAGGATCGCTCTCA,stress
CGAAGTTCACATCCCT,mucous
CGAAGTTGTCTGTAAC,Proliferating
CGAAGTTGTGTGTCGC,stress
CGAAGTTTCTATACTC,mucous
CGAAGTTTCTTCCACG,mucous
CGAATTGAGTCTTCGA,mucous
CGAATTGGTGTCACAT,mucous
CGAATTGGTTCTATCT,mucous
CGAATTGTCAGGAAGC,Endocrine
CGAATTGTCTCCGAGG,mucous
CGAATTGTCTGCGATA,mucous
CGACAGCAGCTTACGT,quality
CGACAGCAGGCCCACT,mucous
CGACAGCCAACCTAAC,Proliferating
CGACAGCCACACCGAC,like
CGACAGCCACAGTATC,mucous
CGACAGCCACTTCAAG,mucous
CGACAGCCAGGTGAGT,mucous
CGACAGCGTCTATGAC,mucous
CGACAGCTCACAAGAA,mucous
CGACAGCTCCATGAGT,Proliferating
CGAGAAGAGACAGTCG,mucous
CGAGAAGAGGACAGCT,mucous
CGAGAAGAGGCATGCA,mucous
CGAGAAGTCGGTTAGT,Proliferating
CGAGAAGTCTGCAGCG,like
CGAGAAGTCTGTACAG,mucous
CGAGGAAAGTAGCAAT,mucous
CGAGGAACACAACGCC,mucous
CGAGGAACACTCATAG,stress
CGAGGAAGTAAGTTAG,quality
CGAGGAAGTATGGTTC,mucous
CGAGGAAGTCTCAAGT,mucous
CGAGGAATCAGAACCT,Proliferating
CGAGGCTAGACCTTTG,mucous
CGAGGCTCATGGGATG,mucous
CGAGGCTCATTCAGGT,mucous
CGAGGCTGTCATTGCA,mucous
CGAGTGCAGCTAAGTA,mucous
CGAGTTAGTCGCGGTT,Endocrine
CGAGTTATCCTATTGT,mucous
CGAGTTATCGAGTTGT,like
CGAGTTATCGGTAGGA,like
CGATCGGAGAGAGCCT,quality
CGATCGGAGTAGCCAG,mucous
CGATCGGGTACCTTCC,like
CGATGCGCAACTTGCA,mucous
CGATGCGCAGAATGTA,mucous
CGATGCGTCTGAGAAA,Proliferating
CGATGCGTCTTTACAC,Proliferating
CGATGGCCATTGGATC,mucous
CGATGGCTCATAAGGA,mucous
CGATGGCTCCATGCAA,Proliferating
CGCAGGTAGATGTTGA,mucous
CGCAGGTAGTCTTGGT,Proliferating
CGCAGGTCAATACGAA,Proliferating
CGCAGGTGTGATTCAC,mucous
CGCAGGTGTGCAGATG,like
CGCAGGTGTGTAAACA,stress
CGCAGGTGTTGCCGAC,Proliferating
CGCATAAAGCTACGTT,mucous
CGCATAACATGAGGGT,mucous
CGCATAAGTTTCGTAG,mucous
CGCATGGAGTACTCGT,mucous
CGCATGGTCTACGCGG,Proliferating
CGCCAGAAGTAGTCAA,mucous
CGCCAGAGTCGTGTTA,mucous
CGCCAGAGTTCGAGCC,mucous
CGCCAGATCAAAGACA,mucous
CGCCAGATCTGCGATA,mucous
CGCCATTAGCACCTGC,mucous
CGCCATTAGCTAGTTC,stress
CGCCATTAGTTACTCG,Endocrine
CGCCATTCAGACAAAT,mucous
CGCCATTTCTAACACG,Proliferating
CGCGTGAAGCTAAGTA,like
CGCGTGACATGGACAG,like
CGCGTGATCTATCACT,Endocrine
CGGAACCCAGTTTCAG,Proliferating
CGGAACCGTCATATGC,mucous
CGGAACCTCCTCACTG,mucous
CGGAATTAGCCTCTTC,stress
CGGAATTCAGGGTTGA,Proliferating
CGGAATTTCACGGGCT,like
CGGAATTTCGCAGTGC,like
CGGACACAGAAATCCA,Proliferating
CGGACACAGTCTAACC,mucous
CGGACACCAACAAGAT,mucous
CGGACACCAATCGCAT,mucous
CGGAGAAAGTCCTGCG,stress
CGGAGAACACCACTGG,mucous
CGGAGAAGTACAACGG,Proliferating
CGGAGAAGTCGAATTC,mucous
CGGCAGTCACAATCTG,mucous
CGGCAGTCACCAGTTA,stress
CGGCAGTCATCGTGGC,mucous
CGGGACTAGGCATCAG,like
CGGGACTCAATGAACA,mucous
CGGGACTCACACCTGG,Proliferating
CGGGACTCAGCGTACC,mucous
CGGGACTTCCACTAGA,Proliferating
CGGGACTTCTCCCAAC,Proliferating
CGGGACTTCTCCCAAT,Proliferating
CGGGCATAGGAACATT,mucous
CGGGCATCACAGTACT,Proliferating
CGGGCATGTCAGGCAA,quality
CGGGCATGTTGTGTAC,mucous
CGGGCATTCATGGATC,Proliferating
CGGGCATTCCTGTAAG,mucous
CGGGTCAAGACTTCGT,quality
CGGGTCAGTACAAAGT,mucous
CGGGTCAGTTGCAAGG,mucous
CGGGTCAGTTGCCGCA,Proliferating
CGGGTCATCTTGGATG,mucous
CGGGTGTCACAAGTGG,Proliferating
CGGGTGTGTTGCTTGA,quality
CGGTCAGAGCGGGTAT,mucous
CGGTCAGCAATCCTTT,mucous
CGGTCAGGTACACGCC,quality
CGGTCAGTCCAGCACG,Proliferating
CGTAAGTCACTATCGA,Proliferating
CGTAAGTGTACCCGCA,mucous
CGTAAGTTCGAGTGGA,stress
CGTAAGTTCGTTCCCA,mucous
CGTAATGCAACCGCTG,mucous
CGTAATGCAGGTCCGT,mucous
CGTAATGGTACTGTTG,mucous
CGTAATGTCAACTGGT,quality
CGTAATGTCACTCACC,mucous
CGTAGTAAGGCGAACT,Proliferating
CGTAGTACAACCGATT,Proliferating
CGTAGTACAATTTCTC,like
CGTAGTACATCCTGTC,like
CGTAGTAGTTTACCTT,Proliferating
CGTAGTATCCTATGGA,like
CGTCAAAAGCAGGCAT,Proliferating
CGTCAAAAGCTGACCC,stress
CGTCAAAAGTGGTTAA,Proliferating
CGTCAAACAATCGAAA,mucous
CGTCAAAGTGCCTGAC,Endocrine
CGTCAAATCATGCGGC,Proliferating
CGTCCATCACTAGGCC,like
CGTGAATAGCACACAG,like
CGTGAATAGCTCGACC,quality
CGTGAATAGTTGTACC,mucous
CGTGAATCAGTCAACT,mucous
CGTGAATGTGTTCCTC,mucous
CGTGAATGTTTATGCG,like
CGTGAATTCAAGCTGT,quality
CGTGATATCTATTTCG,Proliferating
CGTGCTTCATTCGGGC,Proliferating
CGTGTCTCAATAGAGT,mucous
CGTGTCTCACATCATG,Proliferating
CGTGTCTCATTGGCAT,Proliferating
CGTGTCTGTCAACGCC,mucous
CGTGTCTGTCTTCAAG,mucous
CGTGTCTGTTCTCAGA,Proliferating
CGTGTCTTCTTTCTAG,Proliferating
CGTTAGACACCAAATC,mucous
CGTTCTGAGCCTCATA,Proliferating
CGTTCTGAGGACGCTA,mucous
CGTTCTGAGTCAATCC,stress
CGTTCTGCAGGACGAT,mucous
CGTTCTGTCTCATGGA,quality
CGTTCTGTCTGGACCG,like
CGTTGGGAGCACTCAT,mucous
CGTTGGGAGGCACGAT,stress
CGTTGGGCATGATAGA,mucous
CGTTGGGGTGAGAGGG,mucous
CGTTGGGTCATTTGCT,mucous
CGTTGGGTCCCAGCGA,Proliferating
CTAACCCGTAATTAGG,mucous
CTAACTTAGATACAGT,mucous
CTAAGTGCAGTATTCG,mucous
CTAAGTGGTCAAATCC,mucous
CTAAGTGTCAAGAGTA,stress
CTACAGACAGTCAACT,stress
CTACAGATCACAGTGT,Endocrine
CTACATTAGAGTTGCG,stress
CTACATTAGATTCGCT,mucous
CTACATTCAAGTGACG,mucous
CTACATTGTTCTTAGG,Proliferating
CTACATTTCACGGTCG,mucous
CTACCCAGTCCGGACT,mucous
CTACCCAGTTGCATTG,mucous
CTACCTGCATCTGCGG,mucous
CTACGGGCAAAGCTAA,mucous
CTACGGGCAGATCCAT,like
CTACGGGCAGATGCGA,mucous
CTACGGGCATGTGTCA,stress
CTACTATAGAGTCCGA,Proliferating
CTACTATCAAATTGCC,mucous
CTACTATCACCGCTGA,like
CTACTATCACTTGTCC,like
CTACTATCAGTAACCT,like
CTACTATGTAAGATCA,Proliferating
CTACTATGTCAACACT,mucous
CTACTATTCATTTCCA,like
CTACTATTCGTGGACC,mucous
CTACTATTCTAAGCCA,Proliferating
CTAGACACACGGATCC,like
CTAGACACACGGTGAA,mucous
CTAGACAGTAGGGAGG,Proliferating
CTAGACAGTTACCCAA,mucous
CTAGACATCGACCACG,mucous
CTAGACATCGTCCATC,quality
CTAGGTACAGAGGCAT,like
CTAGGTAGTAGAGTTA,mucous
CTAGGTAGTGGTGATG,like
CTAGGTATCCAACCGG,mucous
CTAGGTATCCACATAG,mucous
CTATAGGAGCAACTCT,Proliferating
CTATCCGAGGCCACCT,stress
CTATCCGAGGTGGTTG,mucous
CTATCCGCATAATGAG,Proliferating
CTATCCGTCGAAGTGG,quality
CTATCCGTCTCATTTG,quality
CTATCTAAGAGTGTGC,stress
CTATCTAAGCGGTAGT,Proliferating
CTATCTAAGGTGCCTC,mucous
CTATCTACATGAGTAA,mucous
CTATCTAGTTAATGAG,mucous
CTCAACCCAGGAGGAG,quality
CTCAACCCAGTAGATA,Proliferating
CTCAACCTCCTGGGAC,mucous
CTCAAGACACGGAAGT,mucous
CTCAAGACACGGGTAA,Proliferating
CTCAAGATCAACCCGG,quality
CTCAATTCATCAGCGC,stress
CTCAATTGTGGTTTGT,Endocrine
CTCAATTTCCTAAACG,mucous
CTCACTGAGACTGAGC,mucous
CTCACTGGTAGTCTGT,mucous
CTCACTGGTGCCTAAT,mucous
CTCACTGTCACCATGA,mucous
CTCACTGTCACTGAAC,like
CTCACTGTCCGAAATC,stress
CTCACTGTCTTGCAGA,like
CTCAGAAAGATACAGT,mucous
CTCAGAAAGCTATCTG,Proliferating
CTCAGAACAGAGAGGG,mucous
CTCAGAACAGGGAATC,like
CTCAGAAGTTCACGAT,mucous
CTCAGAATCCAACACA,mucous
CTCAGAATCCTTATAC,quality
CTCAGGGAGAAATTGC,mucous
CTCAGGGAGGCCTTCG,mucous
CTCAGGGAGTAGGTTA,mucous
CTCAGGGCATCAGCGC,Proliferating
CTCAGTCAGCGCAATG,quality
CTCAGTCGTTCAGCTA,mucous
CTCAGTCGTTCTTGTT,like
CTCATCGAGGCGCTTC,like
CTCATCGTCCATCACC,mucous
CTCATGCAGAACTTCC,mucous
CTCATGCCAGGATCTT,stress
CTCATGCGTACCCGAC,Endocrine
CTCATGCGTGGCTGCT,mucous
CTCATGCGTGTAAACA,Proliferating
CTCATTAAGAGCAACC,Proliferating
CTCATTAAGGACAACC,mucous
CTCATTAAGGGAACAA,mucous
CTCATTAGTGGCTACC,like
CTCATTATCCACTTTA,stress
CTCATTATCTATTTCG,like
CTCCAACCAATGACCT,mucous
CTCCAACGTAGTATAG,quality
CTCCACAAGTCCCAGC,mucous
CTCCACACAGTCGGTC,quality
CTCCACAGTCAACATC,mucous
CTCCACAGTGAGATCG,Proliferating
CTCCACATCTCCTGAC,Proliferating
CTCCATGAGTATGATG,mucous
CTCCATGCAAGGCTTT,mucous
CTCCATGCAGAATTCC,mucous
CTCCATGGTAGTAAGT,like
CTCCATGTCAGTGTCA,mucous
CTCCATGTCCACTTTA,mucous
CTCCATGTCGAGTCCG,quality
CTCCCAAAGCCTTCTC,mucous
CTCCCAAAGGTTTACC,mucous
CTCCCAACAAATACAG,mucous
CTCCCAAGTTAACAGA,mucous
CTCCCTCAGATTAGCA,Proliferating
CTCCCTCAGTTCTACG,mucous
CTCCCTCGTAGTGCGA,mucous
CTCCCTCGTCAGTCCG,Proliferating
CTCCCTCGTTCAAGGG,mucous
CTCCCTCGTTTACCTT,quality
CTCCGATGTGTCTTCC,stress
CTCCGATGTTTACCAG,mucous
CTCCGATTCCACTTCG,mucous
CTCCTCCCACAGCTTA,stress
CTCCTCCCAGCGTTTA,like
CTCCTCCGTACTAAGA,mucous
CTCCTCCGTAGTTACC,Proliferating
CTCCTTTGTAGGTAGC,mucous
CTCCTTTGTTACACTG,mucous
CTCCTTTGTTTACTGG,mucous
CTCCTTTTCATAGCAC,mucous
CTCCTTTTCTGAGAGG,Proliferating
CTCGAGGCAGCGGTTC,mucous
CTCGAGGGTCGACGCT,mucous
CTCTCAGCAAAGGGCT,Proliferating
CTCTCAGCAAGTACCT,mucous
CTCTCAGGTATGGTTC,mucous
CTCTCAGGTCCAAAGG,Proliferating
CTCTCAGTCGTACCTC,like
CTCTCAGTCGTGGAAG,mucous
CTCTCGAAGGTTGGAC,mucous
CTCTCGACACATAGCT,mucous
CTCTCGACATTGACAC,Proliferating
CTCTCGAGTCACGCTG,mucous
CTCTGGTAGTGACCTT,mucous
CTGAATGAGAGAGTGA,mucous
CTGAATGGTGACAGCA,Proliferating
CTGAATGTCACTGGGC,Proliferating
CTGAGCGAGAGCTTTC,like
CTGAGCGAGATTGATG,mucous
CTGAGCGAGCAAGGAA,mucous
CTGAGCGCAGATACCT,mucous
CTGAGCGGTCCACTTC,like
CTGAGGCAGCCTGGAA,Proliferating
CTGAGGCAGTTGGCTT,quality
CTGAGGCCAAAGAACT,mucous
CTGAGGCCACTTGACA,stress
CTGAGGCCAGCTTTCC,mucous
CTGAGGCGTCACTTCC,Proliferating
CTGAGGCGTGTCATGT,quality
CTGAGGCTCCGATAAC,mucous
CTGATCCGTACCAGAG,mucous
CTGATCCGTACCCGAC,mucous
CTGATCCGTATGACAA,like
CTGATCCGTTGTATGC,quality
CTGATCCTCCATTGTT,like
CTGATCCTCCTACCAC,Endocrine
CTGATCCTCGTAGCCG,mucous
CTGCAGGAGAGCATCG,mucous
CTGCAGGAGAGTCTGG,like
CTGCAGGAGGTTCCGC,mucous
CTGCAGGGTACTGAGG,mucous
CTGCAGGGTATATGGA,like
CTGCAGGGTCGATGCC,mucous
CTGCAGGTCATTGAGC,mucous
CTGCAGGTCCTCTCGA,mucous
CTGCATCCAATACGCT,stress
CTGCATCCATCATGAC,Proliferating
CTGCATCGTGGTCCCA,Proliferating
CTGCATCGTTCGGTCG,mucous
CTGCATCTCACCGACG,quality
CTGCATCTCAGTCTTT,like
CTGCATCTCCAGCTCT,mucous
CTGCCATAGCCACAAG,mucous
CTGCCATCACAATGTC,like
CTGCCATGTAATGCGG,mucous
CTGCCATGTACGGGAT,Proliferating
CTGCCATTCCATAAGC,mucous
CTGCCTAAGCGATGAC,mucous
CTGCCTAAGGGTGAGG,mucous
CTGCCTATCATACGGT,like
CTGCGAGAGAGCATCG,mucous
CTGCGAGAGCACCGTC,mucous
CTGCGAGAGGCCTTGC,like
CTGCGAGGTATCGATC,stress
CTGCGAGTCCTTTAGT,mucous
CTGCGAGTCGGCATAT,like
CTGCTCAAGCGACTGA,mucous
CTGCTCACAGGAACCA,mucous
CTGCTCACAGGCCCTA,mucous
CTGCTCACATCATTTC,mucous
CTGCTCAGTGTCCTAA,mucous
CTGCTCATCGCTACGG,quality
CTGGACGAGCCTCTGG,mucous
CTGGACGCAGAGAATT,Proliferating
CTGGACGGTCTCTCAC,mucous
CTGGACGTCGTCGCTT,stress
CTGGACGTCGTGCGAC,Proliferating
CTGGCAGGTTGCAAGG,Proliferating
CTGGCAGTCGACATCA,mucous
CTGGTCTCAAGAATAC,mucous
CTGGTCTGTATACCTG,mucous
CTGGTCTGTTAATCGC,Proliferating
CTGGTCTGTTTCCAAG,Proliferating
CTGGTCTTCGTCAGAT,mucous
CTGGTCTTCTGGGCCA,mucous
CTGTACCAGAAATCCA,mucous
CTGTACCAGCCTTTGA,stress
CTGTACCCAATTTCCT,Proliferating
CTGTACCCAGGAGACT,mucous
CTGTAGAAGATGTTCC,stress
CTGTAGAAGCCTGAAG,mucous
CTGTAGACACGGCTAC,mucous
CTGTAGATCATCACTT,Proliferating
CTGTATTCAGCCTACG,mucous
CTGTATTGTGGCCTCA,Proliferating
CTGTATTTCACCGCTT,Proliferating
CTGTATTTCTTCTGGC,Proliferating
CTGTCGTCATCAGCTA,Proliferating
CTGTCGTCATGGGATG,mucous
CTGTCGTGTCTCCCTA,mucous
CTGTCGTGTGCATGAG,mucous
CTGTCGTGTGCTCTTC,mucous
CTGTCGTTCATTTGGG,Proliferating
CTGTCGTTCTACTCAT,Proliferating
CTGTGAAAGACAGTCG,mucous
CTGTGAAAGACGAGCT,mucous
CTGTGAAGTGGATACG,mucous
CTGTGGGAGAGTCACG,mucous
CTGTGGGAGCCTGACC,Proliferating
CTGTGGGAGGTACATA,mucous
CTGTGGGTCCATACAG,Proliferating
CTGTGGGTCCATAGGT,mucous
CTGTGGGTCTTCTAAC,mucous
CTTACCGAGCTAAACA,mucous
CTTACCGCAGAATGTA,Proliferating
CTTACCGGTCTTTCTA,stress
CTTACCGTCTCTGCTG,quality
CTTAGGACAATACGAA,Proliferating
CTTAGGACACTTCATT,mucous
CTTAGGACAGCATACT,mucous
CTTAGGACATCCAACA,like
CTTAGGAGTCCACTTC,stress
CTTAGGAGTCTGCAAT,mucous
CTTAGGAGTTACGTAC,Proliferating
CTTAGGAGTTGGTAGG,mucous
CTTCAATAGTACGAGC,Proliferating
CTTCAATGTAGCACAG,mucous
CTTCAATGTAGCTGAG,Proliferating
CTTCAATGTAGTCTGT,quality
CTTCAATGTGGTCCGT,Proliferating
CTTCAATGTGTTGAGG,quality
CTTCCGACACTTGTGA,mucous
CTTCCGAGTGATCATC,mucous
CTTCCGATCCAATCCC,Proliferating
CTTCCTTCACGACGCT,mucous
CTTCCTTCAGAGTGTG,mucous
CTTCCTTGTGTCTAAC,mucous
CTTCCTTGTTCAGTAC,Proliferating
CTTCGGTCAACACTAC,quality
CTTCGGTCAGCAGATG,stress
CTTCGGTGTAGGACTG,mucous
CTTCGGTTCTGGTGCG,mucous
CTTCTAAAGCCTCACG,Proliferating
CTTCTAACAATTTCGG,stress
CTTCTAACACGTAACT,Proliferating
CTTCTAAGTAACGGTG,quality
CTTCTAATCAAGGAGC,Endocrine
CTTCTCTAGCCACAAG,mucous
CTTCTCTAGTATGGCG,quality
CTTCTCTAGTTGGAGC,like
CTTCTCTCAAATGGAT,mucous
CTTCTCTGTCTTCCGT,Proliferating
CTTCTCTGTGTTTGCA,mucous
CTTCTCTTCGCTTAAG,mucous
CTTCTCTTCTCTATGT,mucous
CTTGAGAAGATTGTGA,mucous
CTTGAGAGTATCGCGC,mucous
CTTGAGAGTCGTCGGT,mucous
CTTGATTAGCAACAAT,mucous
CTTGATTGTCAGGAGT,quality
CTTGATTGTCTCTCTG,mucous
CTTTCAAAGAAACTCA,stress
CTTTCAAAGTGATTCC,mucous
CTTTCGGAGAAATCCA,quality
CTTTCGGAGATAGGGA,stress
CTTTCGGAGTGGGAAA,Proliferating
CTTTCGGCACTTGAGT,like
CTTTCGGCAGGGTCTC,mucous
CTTTCGGGTAGACACG,mucous
CTTTCGGTCACAAGGG,stress
CTTTCGGTCACTGATG,mucous
CTTTCGGTCACTTGTT,mucous
CTTTCGGTCCGTCACT,quality
GAAACCTAGCATATGA,mucous
GAAACCTCAAAGAACT,Proliferating
GAAACCTCACTTGTGA,mucous
GAAACCTCATGACTCA,mucous
GAAACCTGTAGTGGCA,Proliferating
GAAACCTGTGCATTTG,Proliferating
GAAATGAAGAAACTCA,mucous
GAAATGAAGTAAACAC,like
GAAATGACATTAGGAA,stress
GAAATGATCCCAACTC,Proliferating
GAAATGATCCTCTGCA,like
GAACACTAGCCATGCC,Proliferating
GAACACTTCTTGGTCC,quality
GAACGTTAGAAACTGT,Proliferating
GAACGTTAGATTAGCA,Proliferating
GAACGTTAGGTTGGTG,mucous
GAACGTTCAGCGTAGA,mucous
GAACGTTCATACCGTA,mucous
GAACGTTGTGTCTTAG,quality
GAACGTTTCCCTTTGG,like
GAACGTTTCCTACCGT,mucous
GAACTGTAGCGATCGA,mucous
GAACTGTCACTAGTAC,mucous
GAACTGTTCAGCTAGT,mucous
GAAGAATCAGTGGCTC,mucous
GAAGAATGTGTAAACA,mucous
GAAGAATGTTGGTACT,mucous
GAAGAATTCCAACTAG,mucous
GAAGCCCAGCACGTCC,mucous
GAAGCCCGTACCTAAC,mucous
GAAGCCCGTATATGGA,mucous
GAAGCGAAGACTCATC,mucous
GAAGCGAAGCGCCTTG,Proliferating
GAAGCGACACCAGCTG,mucous
GAAGCGATCATACGAC,mucous
GAAGCGATCCACACAA,like
GAAGCGATCGTGTGGC,mucous
GAAGGACAGAGCATTA,Proliferating
GAAGGACAGCAGATAT,mucous
GAAGGACAGCGCCATC,Proliferating
GAAGGGTAGCAGAAAG,mucous
GAAGGGTTCTACTGCC,Proliferating
GAAGTAACAATGAAAC,Proliferating
GAAGTAACAGAACTAA,mucous
GAAGTAAGTAGACAGC,mucous
GAAGTAAGTCATCAGT,mucous
GAAGTAAGTGACAGGT,Proliferating
GAAGTAATCGTTCTAT,stress
GAATAGAAGTCATGAA,mucous
GAATAGATCGCTTGCT,mucous
GAATCACAGCGTACAG,mucous
GAATCACAGGCACAAC,mucous
GAATCACCAATAGTCC,Proliferating
GAATCACTCCATACAG,mucous
GAATCACTCTGCAGCG,mucous
GAATCACTCTTCACGC,Proliferating
GAATCGTAGTCACTGT,like
GAATCGTCATGTGGTT,quality
GAATCGTGTATCAAGA,Proliferating
GAATCGTGTTCATCTT,Proliferating
GAATCGTGTTGTTGAC,stress
GAATCGTTCCCTCTAG,mucous
GAATCGTTCCGCCTAT,quality
GAATCGTTCTATTTCG,quality
GACACGCCATCCTGTC,like
GACAGCCGTACAAAGT,Proliferating
GACATCAAGAGAATCT,mucous
GACATCAAGGCGTTAG,mucous
GACATCACAGACCGCT,mucous
GACATCATCCGATTAG,stress
GACATCATCGGTTCAA,Proliferating
GACATCATCTCTGAGA,mucous
GACATCATCTGAGAAA,mucous
GACATCATCTGGCTGG,stress
GACCAATAGACGCCAA,mucous
GACCAATAGAGCCGAT,mucous
GACCAATAGATTACCC,Proliferating
GACCAATCACAATTCG,like
GACCAATTCCGTTGAA,mucous
GACCAATTCGAACTCA,mucous
GACCAATTCGTTGTAG,mucous
GACCCAGAGAGGATGA,mucous
GACCCAGAGCCTCATA,mucous
GACCCAGAGGGCAGGA,mucous
GACCCAGCAAGTCCAT,quality
GACCCAGCACTTCATT,mucous
GACCCAGCATTGGATC,like
GACCCAGGTCGAAACG,quality
GACCCTTAGAGAGCCT,stress
GACCCTTGTAGTGCGA,Proliferating
GACCCTTTCAATCTCT,Proliferating
GACCCTTTCCTATTGT,Proliferating
GACCCTTTCTATGTGG,stress
GACCGTGAGGTCGAGT,mucous
GACCGTGCATAACGGG,Proliferating
GACCGTGGTCAGACTT,mucous
GACCGTGTCTCGACCT,Proliferating
GACCTTCCAAGGTACG,Proliferating
GACCTTCGTTACTCAG,mucous
GACGCTGAGCCAAGGT,stress
GACGCTGAGCGCTTCG,Proliferating
GACGCTGCAATCGCCG,like
GACGCTGCAGAGATGC,quality
GACGCTGTCGGACCAC,Proliferating
GACGCTGTCTTCTTCC,mucous
GACGTTAAGAATTCAG,stress
GACGTTAAGTACCCTA,mucous
GACGTTACAAATTGCC,mucous
GACGTTACACATAGCT,like
GACGTTACAGTTGGTT,Proliferating
GACGTTAGTACCCAGC,mucous
GACGTTATCTGCCCTA,mucous
GACTATGAGTCGGCAA,Proliferating
GACTATGCATGACGTT,Proliferating
GACTATGTCTCGGGAC,mucous
GACTCAACAAGAGGTC,mucous
GACTCAACACTTCAAG,mucous
GACTCAACATGGCCAC,Proliferating
GACTCAATCTGGCCGA,mucous
GACTCTCAGAACTTCC,Proliferating
GACTCTCAGACTACCT,Proliferating
GACTCTCAGCGTTACT,Proliferating
GACTCTCAGCTAATGA,like
GACTCTCCAACAGCTT,quality
GACTCTCCATCGCTGG,stress
GACTCTCGTATGTCTG,mucous
GACTCTCTCGCCGTGA,Proliferating
GACTGATAGAAACCAT,quality
GACTGATAGTACTGGG,mucous
GACTGATGTACCCGAC,Proliferating
GACTGATGTCTGATAC,stress
GACTGATGTGTCCAAT,quality
GACTGATTCTATCGCC,mucous
GACTTCCAGTCACGAG,mucous
GACTTCCCAACTCGTA,mucous
GACTTCCCACTGTGAT,mucous
GACTTCCGTTGTCTAG,Proliferating
GAGAAATAGAACTCCT,mucous
GAGAAATAGACTACCT,mucous
GAGACCCAGCCAGACA,like
GAGACCCAGTATGGAT,Proliferating
GAGACCCAGTCGAAGC,like
GAGACCCCAGGCAATG,mucous
GAGACCCCATAGTCGT,Proliferating
GAGACCCCATCAGCTA,Proliferating
GAGACCCCATTGACAC,mucous
GAGACCCGTATAGGAT,stress
GAGACCCTCTGGGAGA,stress
GAGACTTAGAGAGCGG,like
GAGACTTCAGTGGTGA,mucous
GAGACTTGTCATCACA,mucous
GAGACTTGTTGTTTGG,Proliferating
GAGACTTTCTGAGGTT,Endocrine
GAGACTTTCTTTCTAG,like
GAGAGGTAGGTCATCT,mucous
GAGAGGTCAATGCAAA,mucous
GAGAGGTTCATTTCGT,Proliferating
GAGAGGTTCTATTGTC,mucous
GAGATGGCAATAACGA,like
GAGATGGCAGCAGTCC,like
GAGATGGGTACCTTCC,quality
GAGCCTGAGCCGATAG,mucous
GAGCCTGCAGAGGGTT,mucous
GAGCCTGCATTCTGTT,mucous
GAGCCTGGTCCTTTGC,like
GAGCCTGGTTGTAGCT,mucous
GAGCTGCAGAGAGTGA,stress
GAGCTGCAGTCACTAC,mucous
GAGCTGCGTTCGTAAC,Proliferating
GAGCTGCTCATGGAGG,mucous
GAGCTGCTCCGCGAGT,mucous
GAGCTGCTCCTTGACC,mucous
GAGCTGCTCGCAGAGA,Proliferating
GAGGCAACACAAAGCG,mucous
GAGGCAACATCTCGTC,mucous
GAGGCAATCGGTCATA,Proliferating
GAGGCAATCTTGGGCG,stress
GAGGCCTCAGCCTTCT,like
GAGGCCTGTGACGTCC,like
GAGGCCTTCGTGGGAA,mucous
GAGGGATAGGTGATCG,mucous
GAGGGATCAAAGGCTG,quality
GAGGGATCACATGTTG,Proliferating
GAGGGATGTACGATGG,stress
GAGGGATGTGACAGCA,like
GAGGGTAAGACTACCT,Endocrine
GAGGGTACATCGAACT,mucous
GAGGGTAGTGATACCT,Proliferating
GAGTCATCACTAGAGG,Proliferating
GAGTCATGTTAGCTAC,quality
GAGTCTAAGCCTTTGA,Proliferating
GAGTCTAAGGTTACCT,like
GAGTCTACAGAAGCTG,Proliferating
GAGTGAGAGGAACTCG,mucous
GAGTGAGAGGCGACAT,mucous
GAGTGAGAGTGACCTT,mucous
GAGTGAGGTCAATGGG,Proliferating
GAGTGAGGTCCACAGC,Proliferating
GAGTGAGTCAACACCA,mucous
GAGTGTTAGCAAGGAA,mucous
GAGTGTTGTCTTTCTA,mucous
GAGTGTTTCCAAATGC,quality
GAGTGTTTCGAACACT,Proliferating
GAGTTACAGACGCTCC,like
GAGTTACCAAGGCTTT,Proliferating
GAGTTACGTCCACTCT,mucous
GAGTTACGTGATGAAT,mucous
GAGTTACTCCATCTGC,Proliferating
GAGTTGTCAGGCTATT,mucous
GAGTTGTCATTAAGCC,Proliferating
GAGTTGTTCCAGCACG,like
GAGTTTGAGCCGCTTG,Proliferating
GAGTTTGAGTAAAGCT,mucous
GAGTTTGAGTGATTCC,Proliferating
GAGTTTGCACTGTGTA,mucous
GAGTTTGGTTGCGAAG,mucous
GAGTTTGTCTCGACGG,like
GATAGAACAAGAGTGC,quality
GATAGAACAGTTGTTG,quality
GATAGCTCACAAGCCC,Endocrine
GATAGCTCATCCTTCG,mucous
GATAGCTTCTTACCAT,Proliferating
GATCACAAGTATGATG,mucous
GATCACAGTATGGGAC,Proliferating
GATCAGTGTACGGGAT,mucous
GATCAGTTCAAGGCTT,mucous
GATCATGAGATGGTCG,Proliferating
GATCATGGTTCGGACC,mucous
GATCCCTAGACATGCG,Proliferating
GATCCCTAGTAGTGCG,Proliferating
GATCCCTGTCTCGACG,stress
GATCCCTTCGTTAGTG,Proliferating
GATCGTACAACCCTCT,mucous
GATCGTACACTGGCGT,Proliferating
GATCGTAGTAGGAGGG,mucous
GATCGTAGTGAGCGAT,stress
GATCGTAGTGCCTTCT,mucous
GATCGTATCAATCAGC,mucous
GATCGTATCATACGAC,mucous
GATCGTATCCTTCACG,quality
GATGACTAGCTGCGAA,quality
GATGACTAGTAACCTC,like
GATGACTTCTAGCCAA,Proliferating
GATGAGGAGCAATAGT,Proliferating
GATGAGGAGTTCTCTT,like
GATGAGGTCGGTGTAT,stress
GATGATCCAATCTGCA,quality
GATGATCCATCCAATG,Proliferating
GATGATCGTTTCGTGA,quality
GATGATCTCCAGTACA,mucous
GATGCTAAGCGGATCA,mucous
GATGCTAAGGGTGAGG,mucous
GATGCTACAAAGGCAC,Proliferating
GATGCTACAAAGGCGT,like
GATGCTAGTGGCTAGA,like
GATGCTATCTGGAGAG,mucous
GATGGAGCAGACCCGT,mucous
GATGGAGCATGTAACC,Proliferating
GATGGAGGTAACACCT,like
GATGGAGGTACAGAGC,Proliferating
GATGGAGGTATTGCCA,quality
GATGGAGTCGTCCTTG,Proliferating
GATGTTGCACAACGTT,mucous
GATGTTGCACAAGCCC,stress
GATGTTGGTTCCGCAG,mucous
GATTCGAAGTCCCAAT,mucous
GATTCGACACACCTAA,like
GATTCGACATGGAATA,mucous
GATTCTTAGGCGCTTC,mucous
GATTCTTCAATCTCGA,quality
GATTCTTCAGAGATTA,mucous
GATTCTTCAGATACCT,mucous
GATTCTTCATGAATCC,like
GATTCTTTCATAGGCT,mucous
GATTGGTAGCACTCTA,mucous
GATTGGTCAAGCCCAC,Proliferating
GATTGGTCAAGTACCT,stress
GATTGGTCACGACGCT,mucous
GATTGGTGTCCACGCA,mucous
GATTTCTAGAATAGTC,Proliferating
GATTTCTAGACCTCCG,like
GATTTCTCACCAGGTC,stress
GATTTCTCACTGTCCT,Proliferating
GATTTCTTCCCGAAAT,like
GCAACATAGGTAGGCT,Proliferating
GCAACATGTCATAACC,mucous
GCAACCGCAATTGAGA,Endocrine
GCAACCGCAGACCAGA,quality
GCAACCGCATATGGCT,mucous
GCACATAAGGGTGAAA,Endocrine
GCACATAAGGTTAAAC,mucous
GCACATAGTATGCTAC,Proliferating
GCACATATCAGCATTG,mucous
GCACATATCCATCTCG,quality
GCACGGTAGGTTCATC,mucous
GCACGGTTCGCTAAAC,quality
GCACGTGCAGACCTAT,mucous
GCACGTGCATGCGTGC,Proliferating
GCACGTGGTGATATAG,like
GCACGTGGTGGAGGTT,mucous
GCACGTGGTTCGGTAT,Proliferating
GCACTAAAGGACAGCT,stress
GCACTAACAGGCTTGC,mucous
GCACTAACATTCAGCA,stress
GCACTAAGTTAAGTCC,Proliferating
GCACTAATCGGTTAGT,like
GCAGCCAGTCAATGGG,mucous
GCAGCTGAGCCGTAAG,Proliferating
GCAGCTGAGGCGTCCT,mucous
GCAGCTGGTACTGGGA,Proliferating
GCAGCTGTCATGTCAG,mucous
GCAGGCTCAGAGCCCT,Proliferating
GCAGGCTGTACTGAGG,mucous
GCAGGCTGTCAAGCCC,mucous
GCAGGCTGTTCGAGCC,like
GCAGTTAAGCGATGCA,like
GCAGTTAGTTGTGCAT,mucous
GCATCGGAGGGCAGGA,Proliferating
GCATCGGCAGCAGTAG,Proliferating
GCATCGGTCCATACAG,quality
GCATCGGTCGAACTCA,stress
GCATCTCCAAGACCTT,stress
GCATCTCCAGCGAACA,like
GCATCTCCAGCGACAA,Proliferating
GCATCTCCAGCGATTT,mucous
GCATCTCCATGAGAAT,Proliferating
GCATCTCTCTACCACC,mucous
GCATGATCAATACCCA,stress
GCATGATCACCTCTAC,quality
GCATGATGTAGATCGG,mucous
GCATGATTCGCATGAT,Proliferating
GCATTAGAGCTATCCA,mucous
GCCAACGAGACCAGAC,Proliferating
GCCAACGAGCTAAGTA,mucous
GCCAACGCAGAAACCG,mucous
GCCAACGTCAAGAATG,mucous
GCCAACGTCACTGGGC,mucous
GCCAACGTCGCAGTTA,like
GCCAGCAGTATGAGCG,mucous
GCCAGCAGTGCCGAAA,like
GCCAGCATCGGTGTTA,mucous
GCCAGGTCAAGTTCGT,mucous
GCCAGGTCACAGCTGC,mucous
GCCAGGTTCCTCACGT,mucous
GCCAGGTTCGGAATTC,mucous
GCCAGTGAGTAGTGCG,Proliferating
GCCAGTGTCCCTCGTA,quality
GCCAGTGTCGCCATAA,mucous
GCCAGTGTCTCCCAAC,like
GCCATGGCAGCGCGTT,Proliferating
GCCATGGGTCATGACT,mucous
GCCATGGGTGAAGCGT,mucous
GCCATGGTCCAGTTCC,mucous
GCCATTCAGTGCACCC,Proliferating
GCCATTCGTCGGTGTC,mucous
GCCATTCGTTAACAGA,mucous
GCCATTCGTTATAGAG,Proliferating
GCCATTCGTTGGTACT,stress
GCCATTCTCCACCCTA,mucous
GCCATTCTCTACCCAC,Proliferating
GCCCAGAAGCGTATAA,mucous
GCCCAGAGTAGCCAGA,stress
GCCCAGAGTAGCCCTG,mucous
GCCCAGAGTGAGAACC,stress
GCCCAGATCATAAGGA,mucous
GCCCAGATCTCAACCC,mucous
GCCCGAAAGCTGTGCC,mucous
GCCCGAAGTATGTGTC,mucous
GCCCGAAGTCATCGGC,like
GCCCGAAGTCTTGTCC,mucous
GCCCGAATCCCATAAG,stress
GCCCGAATCCTGTTGC,Proliferating
GCCCGAATCTTACACT,mucous
GCCGATGAGTAGACCG,mucous
GCCGATGGTATCTCTT,mucous
GCCGATGGTGTATACC,like
GCCGATGTCTGCTGAA,like
GCCGTGAAGAGGGCGA,Proliferating
GCCGTGAAGTGCACTT,Proliferating
GCCGTGACAATACAGA,mucous
GCCGTGAGTGTTCCTC,mucous
GCCGTGATCCAGCTCT,mucous
GCCGTGATCTCAATCT,mucous
GCCTGTTAGGCACAAC,Proliferating
GCCTGTTCAGGCGATA,Proliferating
GCCTGTTGTAGACTGG,mucous
GCGAGAAAGTTAACGA,mucous
GCGAGAATCACTGGTA,quality
GCGAGAATCTGCGGCA,mucous
GCGATCGAGATGGCGT,mucous
GCGATCGGTGAAAGTT,Proliferating
GCGATCGTCGTGGACC,stress
GCGGAAAAGAGCAGCT,mucous
GCGGAAACAACACAAA,Proliferating
GCGGAAACAGTTTCAG,like
GCGGAAACATCGAACT,Endocrine
GCGGAAAGTCGCACAC,Proliferating
GCGGATCAGTCAGGGT,mucous
GCGGATCCAGCGACCT,mucous
GCGTGCAGTGTTATCG,Proliferating
GCGTGCATCTGGGAGA,mucous
GCGTTTCCAAACTAAG,mucous
GCGTTTCCAAAGAACT,like
GCGTTTCCATATGGCT,mucous
GCGTTTCGTCGAGATG,mucous
GCGTTTCGTGATACAA,mucous
GCGTTTCTCCTCTTTC,mucous
GCTACAAGTCAAGCCC,mucous
GCTACAATCGCCTAGG,stress
GCTACCTAGGCTGAAC,mucous
GCTACCTCAAGACCGA,mucous
GCTACCTGTGCTTCAA,Endocrine
GCTACCTTCTTAATCC,stress
GCTCAAAGTGACAGGT,mucous
GCTCAAAGTTCGAGCC,Proliferating
GCTCAAAGTTCGGCTG,mucous
GCTCAAATCACTTCTA,mucous
GCTGAATAGTTCATCG,Proliferating
GCTGAATCAATTTCGG,quality
GCTGAATCACCTGATA,mucous
GCTGAATCAGACAATA,like
GCTGAATGTCCGGATC,like
GCTGAATTCACCCTGT,mucous
GCTGCAGCACCGGCTA,Proliferating
GCTGCAGTCGTGCTCT,mucous
GCTGGGTCATCGAAGG,mucous
GCTGGGTCATTCCTCG,like
GCTGGGTTCTTCCAGC,like
GCTTCACAGACAAGCC,stress
GCTTCACAGCATCAAA,mucous
GCTTCACCACGCTGAC,mucous
GCTTCACGTGGAAATT,mucous
GCTTCACGTGTCTAAC,mucous
GCTTGGGAGAAGGGAT,like
GCTTGGGAGCCGATAG,stress
GCTTGGGAGGGCGAAG,stress
GCTTGGGAGTGGTTAA,Proliferating
GCTTGGGCACATGAAA,like
GCTTGGGTCAGAGCAG,Proliferating
GCTTGGGTCTCGTCGT,mucous
GCTTTCGGTCAGGTAG,like
GCTTTCGGTTATTCTC,quality
GCTTTCGTCCAATCTT,mucous
GGAACCCCATATACCG,mucous
GGAAGTGAGGTCGAGT,mucous
GGAAGTGCACCGAATT,Proliferating
GGAATCTCACCTCTAC,mucous
GGAATCTGTTGAGGAC,mucous
GGAATCTTCTGCCTCA,mucous
GGAATGGAGACCCGCT,mucous
GGAATGGAGAGAAGGT,quality
GGAATGGAGGTAAGTT,Proliferating
GGAATGGCAAACCATC,mucous
GGAATGGCATTGCTTT,like
GGAATGGGTCCCTAAA,mucous
GGAATGGTCACCGACG,mucous
GGAATGGTCCTAGCTC,Proliferating
GGACGTCAGATAGCTA,mucous
GGACGTCAGTCGCCAC,Endocrine
GGAGAACAGAGCAGAA,stress
GGAGAACAGGAATGTT,Proliferating
GGAGAACAGGTGCCTC,mucous
GGAGAACCAGTCGGAA,stress
GGAGATGAGGTCGACA,mucous
GGAGATGCAGTGTGGA,mucous
GGAGATGGTACCCACG,Proliferating
GGAGATGGTGTGTCCG,mucous
GGAGATGGTTTCTTAC,mucous
GGAGATGTCGCAACAT,stress
GGAGCAAAGTGCCCGT,quality
GGAGCAACAATAGAGT,like
GGAGCAACAATGTCTG,Proliferating
GGAGCAACACAACCGC,like
GGAGCAACACAAGTTC,mucous
GGAGCAAGTAGTCGGA,mucous
GGAGCAAGTGGTCTGC,mucous
GGAGCAAGTTTAGACC,Proliferating
GGAGGATAGCGCCATC,like
GGAGGATCACTGCGTG,mucous
GGAGGATGTACCGTCG,quality
GGAGGTAAGCAACTTC,Proliferating
GGAGGTACACCAGCGT,Proliferating
GGAGGTACAGGACATG,stress
GGAGGTAGTCGTCAGC,mucous
GGATCTAAGAATAGTC,Proliferating
GGATCTACACTAACGT,Proliferating
GGATCTACAGTCAGTT,Proliferating
GGATCTAGTAGCTTAC,Proliferating
GGATCTATCAAAGAAC,mucous
GGATCTATCACAAGAA,mucous
GGATCTATCGAGAAGC,Proliferating
GGATGTTCAAACACCT,Proliferating
GGATGTTCAGACGCTC,Proliferating
GGATGTTCATGTTCGA,like
GGATGTTGTAAGATTG,mucous
GGATGTTTCATAGCAC,mucous
GGATGTTTCATTGTGG,Proliferating
GGATGTTTCTCATAGG,like
GGATGTTTCTGAGGTT,mucous
GGCACGTAGACGCCAA,stress
GGCACGTAGCGAATGC,Proliferating
GGCACGTAGGGCAGGA,Proliferating
GGCACGTCAGGGAATC,mucous
GGCACGTGTCGGTGTC,Proliferating
GGCACGTGTGGTCAAG,like
GGCACGTGTTGTACGT,mucous
GGCACGTTCAACTACG,quality
GGCAGTCAGAGAGAAC,mucous
GGCAGTCAGGAGACCT,mucous
GGCAGTCCATTGCCGG,mucous
GGCAGTCGTAGAGCTG,mucous
GGCAGTCTCGCGATCG,quality
GGCAGTCTCTCCGAAA,Proliferating
GGCGTCAAGACGCCAA,mucous
GGCGTCAGTATCGCTA,Proliferating
GGCGTCAGTTGTGGAG,like
GGCGTCATCTGTGCTC,mucous
GGCGTCATCTTGGAAC,like
GGCTGTGAGCCTGCCA,mucous
GGCTGTGAGTCTCTGA,stress
GGCTGTGGTGCGGATA,mucous
GGCTTGGAGTACCGGA,Proliferating
GGCTTGGAGTGAACAT,mucous
GGCTTGGTCGGTGTTA,mucous
GGCTTTCAGAAGGATG,Proliferating
GGCTTTCGTCAAATCC,like
GGCTTTCTCACCACAA,mucous
GGCTTTCTCGCAACAT,Proliferating
GGGAAGTAGCTAAGTA,mucous
GGGAAGTAGTTGGCTT,mucous
GGGAAGTCAAACCACT,mucous
GGGAAGTCAAGTAGTA,like
GGGAAGTCAGCGCTTG,mucous
GGGAAGTGTTAAGAAC,mucous
GGGAAGTTCACTGATG,mucous
GGGACAAAGATGGCGT,quality
GGGACAAAGCTTTCTT,mucous
GGGACAACACTCCGGA,quality
GGGACAAGTAGTGCGA,mucous
GGGACAAGTCGGAACA,quality
GGGACAAGTTGCTCGG,mucous
GGGACCTAGCACTAGG,stress
GGGACCTAGCATCGAG,Proliferating
GGGACCTAGTATTAGG,mucous
GGGACCTCATGGCGCT,mucous
GGGACCTTCAAGCTTG,Endocrine
GGGACCTTCCTGGCTT,mucous
GGGACTCAGAAATGGG,stress
GGGACTCAGCCTCATA,stress
GGGACTCAGCGAGAAA,Proliferating
GGGACTCAGGGTAATT,mucous
GGGACTCTCATGGTAC,mucous
GGGAGATAGACGACTG,mucous
GGGAGATGTGGATTTC,Proliferating
GGGAGATGTTTGAAAG,quality
GGGAGATTCCACCCTA,mucous
GGGAGATTCTACAGGT,quality
GGGAGTAAGAGTGAAG,Proliferating
GGGAGTAAGCGACTTT,mucous
GGGAGTAGTCAGTTTG,mucous
GGGAGTAGTCTCAAGT,mucous
GGGAGTAGTGTCTAAC,Proliferating
GGGAGTATCTGAGTCA,mucous
GGGATCCAGGATGAGA,Proliferating
GGGATCCAGTCCCGAC,mucous
GGGATCCCAATCTGCA,like
GGGATCCGTGCCTTTC,like
GGGATCCTCTTGGTGA,like
GGGATGAAGGGAGGGT,Proliferating
GGGATGAAGTCCCTAA,stress
GGGATGACACCACTGG,Proliferating
GGGATGAGTAGCCAGA,stress
GGGATGATCATCGCAA,mucous
GGGCCATAGGCAGCTA,Proliferating
GGGCCATAGGTTCCGC,mucous
GGGCCATCACGTCGGT,like
GGGCCATGTATCTCTT,mucous
GGGCGTTAGGCCTGAA,stress
GGGCGTTCATCACCAA,mucous
GGGCGTTGTAATCAAG,mucous
GGGCGTTGTGAGCAGT,quality
GGGCGTTTCCACAGCG,mucous
GGGCTACAGATCGCTT,mucous
GGGCTACAGCAAGGAA,like
GGGCTACGTAGGAGGG,like
GGGCTACTCACCATGA,mucous
GGGCTCACACATACGT,Proliferating
GGGCTCACACGGATCC,mucous
GGGCTCAGTCTCTCAC,Proliferating
GGGTAGACAAATGGAT,Proliferating
GGGTAGACAGACGGAT,Proliferating
GGGTAGAGTAATCAAG,Endocrine
GGGTAGAGTTCCGCGA,Proliferating
GGGTATTCAAGAGTTA,stress
GGGTATTGTACAGTAA,mucous
GGGTATTGTGGTAACG,quality
GGGTATTTCATGCTAG,Proliferating
GGGTATTTCTCGCTTG,stress
GGGTCACAGCAAGTGC,like
GGGTCACAGTCTCCTC,Proliferating
GGGTCACCAATTGCGT,Proliferating
GGGTCACCACGGTAGA,Endocrine
GGGTCACCAGCATGCC,like
GGGTCACCAGGCACTC,Proliferating
GGGTCACGTTAGGCCC,quality
GGGTCACTCCTTTAGT,like
GGGTCTGAGACATAGT,mucous
GGGTCTGAGGATCATA,mucous
GGGTGAAAGCAGAAAG,Proliferating
GGGTGAAAGTATGATG,mucous
GGGTGAACAGAAGTTA,Proliferating
GGGTGAAGTCTACTGA,mucous
GGGTGAATCAGGAACG,mucous
GGGTGTCAGCTTACGT,mucous
GGGTGTCAGTCTTCGA,mucous
GGGTGTCCACATCCCT,like
GGGTGTCGTAGTGCGA,mucous
GGGTGTCGTCTACAGT,like
GGGTGTCTCGTAATGC,mucous
GGGTTATAGGAGTCTG,mucous
GGGTTATCATGACTAC,stress
GGGTTATCATGGAACG,quality
GGGTTATGTCCAACGC,mucous
GGGTTATGTCGCGGTT,Proliferating
GGGTTATTCCCTATTA,Proliferating
GGGTTATTCGGTTGTA,Proliferating
GGGTTTACAGATACTC,mucous
GGGTTTATCATTATCC,mucous
GGTAACTAGAAGTGTT,mucous
GGTAACTCAGTCTTCC,mucous
GGTAACTGTATCGTGT,Proliferating
GGTAACTGTTCTCACC,quality
GGTAACTTCTTGCAGA,mucous
GGTAATCAGCCGATTT,Proliferating
GGTAATCAGCGCTGCT,Proliferating
GGTAATCCAAGCAATA,mucous
GGTAATCCAATTTCTC,Proliferating
GGTAATCCACTGTGTA,mucous
GGTAATCGTATACAGA,stress
GGTAATCGTCGAGATG,mucous
GGTAATCGTGAAGCTG,Proliferating
GGTAGAGCAACAGCTT,mucous
GGTAGAGCATACTGTG,mucous
GGTAGAGGTAAGTTAG,Proliferating
GGTCACGAGGTTTGAA,Proliferating
GGTCACGCAATTGCCA,Proliferating
GGTCACGGTGGGTATG,mucous
GGTCACGTCAAACTGC,mucous
GGTCACGTCGACGATT,quality
GGTCACGTCGGTAACT,Proliferating
GGTCTGGAGTTGTAAG,mucous
GGTCTGGTCCTTCGAC,quality
GGTGAAGAGATTCGAA,mucous
GGTGAAGAGGCACGAT,mucous
GGTGAAGCAACGATTC,Proliferating
GGTGAAGCACAATGAA,Proliferating
GGTGAAGCATGATGCT,mucous
GGTGAAGGTCTACTGA,mucous
GGTGATTGTCTAATCG,Proliferating
GGTGATTGTGGGATTG,mucous
GGTGGCTAGGGTCACA,Proliferating
GGTGGCTAGTTAACAG,mucous
GGTGGCTCAAGCGCTC,like
GGTGGCTCAGATTAAG,mucous
GGTGGCTGTTCTTGCC,stress
GGTGTCGAGCACTCTA,mucous
GGTGTCGGTGCTCTCT,Proliferating
GGTGTCGGTTAGGGAC,mucous
GGTGTTAAGAACCGCA,Proliferating
GGTGTTAGTATCAGCT,mucous
GGTGTTAGTGGACAGT,Proliferating
GGTTAACAGTGGTTAA,mucous
GGTTAACTCAATCTTC,quality
GGTTAACTCCCTCGTA,Proliferating
GGTTCTCAGGATTACA,Proliferating
GGTTGTACATCACCAA,mucous
GGTTGTAGTGAAAGTT,mucous
GGTTGTATCCACATAG,like
GTAACACAGCCACCGT,like
GTAACACAGGCTCAAG,Proliferating
GTAACACAGGTATTGA,Proliferating
GTAACACCAGAGAATT,mucous
GTAACACGTCCTTGTC,mucous
GTAACCAAGTTGGAAT,mucous
GTAAGTCAGTTCGGTT,Proliferating
GTAAGTCCAAATGAGT,mucous
GTAAGTCGTTACGATC,Proliferating
GTAAGTCTCCACATAG,Proliferating
GTAAGTCTCTTTCCAA,mucous
GTAATCGAGCGTATAA,stress
GTAATCGAGGTGCAGT,mucous
GTAATCGGTCACCACG,mucous
GTAATGCAGTTGCCTA,mucous
GTAATGCCAAGAGGCT,stress
GTAATGCGTTGATCGT,mucous
GTAATGCTCCGAGCTG,mucous
GTACAACTCTCGTGGG,mucous
GTACAGTAGATTGATG,mucous
GTACAGTCAAATGCGG,quality
GTACAGTCACACTGGC,Proliferating
GTACAGTCAGACCTAT,like
GTACAGTCAGGAAGTC,stress
GTACAGTCAGTTCCAA,Proliferating
GTACAGTTCCACCTCA,quality
GTAGAAAAGTGATGGC,mucous
GTAGAAACAAATGCTC,mucous
GTAGAAAGTAGGACTG,Proliferating
GTAGAAATCCATTCGC,Proliferating
GTAGAGGAGCCGAATG,mucous
GTAGAGGGTCGATTCA,mucous
GTAGAGGTCTTCCCAG,mucous
GTAGATCAGACGCTCC,stress
GTAGATCAGAGACAAG,Proliferating
GTAGATCGTCTTGTCC,mucous
GTAGCTAAGGGAGGGT,Proliferating
GTAGGAGAGCATGCGA,mucous
GTAGGAGAGTCATGAA,stress
GTAGGAGGTTGGAGAC,mucous
GTAGGTTAGATAACGT,quality
GTAGGTTAGGGTCACA,stress
GTAGGTTAGTGGAAGA,mucous
GTAGGTTCATGCCGGT,mucous
GTAGGTTGTTGCATTG,Proliferating
GTAGGTTTCGGTGAAG,Proliferating
GTAGGTTTCTAGTACG,like
GTAGTACGTTCCAGGC,Proliferating
GTAGTACTCCTCACCA,Proliferating
GTATTGGCAATGGCAG,mucous
GTATTGGCACAGTACT,mucous
GTATTGGCATGGAGAC,like
GTATTGGGTGCCTAAT,Proliferating
GTATTGGGTTGTTGTG,mucous
GTATTGGTCATGGGAG,mucous
GTATTTCAGCAGGGAG,mucous
GTATTTCGTAATTAGG,Proliferating
GTATTTCGTGACCGTC,mucous
GTATTTCGTTACACTG,mucous
GTATTTCGTTATAGCC,mucous
GTATTTCGTTGATCGT,like
GTCAAACAGATTGATG,mucous
GTCAAACCAAAGACGC,Proliferating
GTCAAACCAGTCGGAA,mucous
GTCAAACTCGGTTCAA,mucous
GTCAAGTAGATAGCTA,mucous
GTCAAGTCATGTGTCA,mucous
GTCAAGTGTAGGTGCA,mucous
GTCAAGTTCGCATAGT,stress
GTCAAGTTCTACTGCC,mucous
GTCACGGCAGAGGCTA,Proliferating
GTCACGGCATTAGGCT,mucous
GTCACGGTCCGCAGTG,mucous
GTCACTCCACAATTCG,stress
GTCACTCGTGAGAACC,mucous
GTCAGCGCAAGCAATA,mucous
GTCAGCGCACCTTCGT,Proliferating
GTCAGCGGTGCAATGG,quality
GTCATCCAGCTTTCTT,mucous
GTCATCCAGGACACTG,mucous
GTCATCCAGGGTCTTT,like
GTCATCCCACAATGCT,mucous
GTCATCCCAGGTTCCG,mucous
GTCATCCCATGTGGTT,Proliferating
GTCATCCGTAGTTAGA,like
GTCATCCGTGGCGCTT,Proliferating
GTCATCCTCATCGTAG,Proliferating
GTCATCCTCGTTGTTT,quality
GTCATGACACGCTGTG,Proliferating
GTCATGACATAAGCAA,mucous
GTCATGATCCGATAGT,mucous
GTCATTTAGTACTCGT,mucous
GTCATTTCAACAACAA,Proliferating
GTCATTTGTGTGTGGA,mucous
GTCATTTGTTTCTATC,like
GTCATTTTCCTAAACG,like
GTCCACTAGCTGTTCA,mucous
GTCCACTGTGAGGCAT,like
GTCCACTGTGATGTAA,stress
GTCCACTTCGCTTACC,mucous
GTCCACTTCTCCGCAT,quality
GTCCCATCATCGAACT,Proliferating
GTCCCATCATGCAGGA,mucous
GTCCCATTCATCTGTT,quality
GTCCCATTCGCTGCGA,mucous
GTCCTCAAGAACCCGA,mucous
GTCCTCAAGACTGAGC,Proliferating
GTCCTCACAGCATGCC,like
GTCCTCAGTCCAGCAC,mucous
GTCCTCATCCCGAATA,stress
GTCCTCATCCCTAGGG,like
GTCCTCATCTAGCAAC,quality
GTCGAATAGTTCACTG,mucous
GTCGAATCAATCGCCG,Proliferating
GTCGAATCACAGCCTG,like
GTCGAATGTTTACTGG,stress
GTCGAATGTTTCACTT,mucous
GTCGAATTCATTGGTG,mucous
GTCGCGAAGATAGCTA,Proliferating
GTCGCGACACACACGC,Proliferating
GTCGCGATCATGCAGT,quality
GTCGCGATCCCTCGTA,Proliferating
GTCGCGATCTTCCACG,Proliferating
GTCGTAAAGACTCTAC,stress
GTCGTAAGTACCAATC,Proliferating
GTCGTAAGTCTTCCGT,stress
GTCGTTCAGCACTAAA,quality
GTCGTTCAGGCCTTCG,mucous
GTCGTTCGTAGATCCT,stress
GTCGTTCTCCCGTTCA,Proliferating
GTCGTTCTCGTTCAGA,mucous
GTCGTTCTCTGATTCT,mucous
GTCTACCAGCCTCAGC,like
GTCTACCGTTCCGCAG,Proliferating
GTCTAGACATTGAAAG,Proliferating
GTCTAGAGTCCGGTCA,mucous
GTCTAGATCTGCGGAC,mucous
GTCTCACCATTGTCGA,stress
GTCTCACGTAATTAGG,quality
GTCTGTCAGACGCAGT,mucous
GTCTGTCTCCGCAAAT,mucous
GTCTGTCTCGAGAACG,quality
GTCTGTCTCGTTCCTG,Proliferating
GTCTTTAAGGGATGTC,Proliferating
GTGACGCCACCAGCGT,Proliferating
GTGAGCCAGAGGTATT,like
GTGAGCCCACTTTAGG,stress
GTGAGCCTCGATCCAA,mucous
GTGAGGAAGCGTCAGA,Proliferating
GTGAGTTAGCAATAAC,stress
GTGAGTTCATACACCA,stress
GTGAGTTGTAACTGCT,like
GTGAGTTGTTAGAAGT,like
GTGAGTTTCCTCACGT,Proliferating
GTGATGTAGCACCGAA,Proliferating
GTGATGTAGCGAACTG,quality
GTGATGTAGTCATAGA,like
GTGATGTAGTGCAGGT,stress
GTGATGTTCATAAGGA,quality
GTGCACGAGAAGAACG,like
GTGCACGAGAGAGTGA,mucous
GTGCACGAGGCCTTCG,Proliferating
GTGCACGCACGACTAT,Proliferating
GTGCACGTCGCGCTGA,Proliferating
GTGCAGCAGACGGTCA,Proliferating
GTGCAGCAGAGCATTA,mucous
GTGCAGCCAAGCTACT,stress
GTGCAGCCATGACGAG,mucous
GTGCAGCGTGATGAAT,Proliferating
GTGCAGCGTTTACACG,mucous
GTGCAGCTCAAGAGTA,quality
GTGCAGCTCCGGACTG,mucous
GTGCGTGAGCTTGTGT,stress
GTGCGTGAGGTTCCAT,Proliferating
GTGCGTGCAGAGCGTA,quality
GTGCGTGGTCCGGCAT,mucous
GTGCGTGTCGCCGATG,Proliferating
GTGCTGGAGCCATTTG,mucous
GTGCTGGAGGCTCAAG,mucous
GTGCTGGGTAACGCGA,mucous
GTGCTGGGTGGAGAAA,mucous
GTGCTGGTCTCGTGAA,stress
GTGCTTCAGGCTCACC,mucous
GTGCTTCCAGAGTAAT,Proliferating
GTGCTTCCATGATGCT,like
GTGCTTCGTTTGTGGT,stress
GTGCTTCTCCCGTGAG,mucous
GTGGAAGAGTGGATTA,Proliferating
GTGGAAGCAAGTTTGC,mucous
GTGGAAGCACTTGAGT,mucous
GTGGAAGTCAGTGCGC,Proliferating
GTGGAAGTCCAAGCTA,stress
GTGGAGAAGAGGTTAT,like
GTGGAGAAGGCTTAAA,mucous
GTGGAGAAGTACAGCG,Proliferating
GTGGAGAAGTCTAGCT,mucous
GTGGAGACAACTCGTA,mucous
GTGGAGACAAGCAATA,quality
GTGGAGACAAGTATCC,mucous
GTGGAGACAGACCCGT,Proliferating
GTGGAGACATCCGGCA,mucous
GTGGAGAGTCAAAGTA,like
GTGGCGTAGAACAGGA,mucous
GTGGCGTTCATGCCAA,Proliferating
GTGGCGTTCCCATACC,like
GTGGGAAAGTATGATG,quality
GTGGGAACATGAGATA,mucous
GTGGGAAGTGGAAATT,Proliferating
GTGGTTACAGTTGTCA,quality
GTGGTTATCCATAGGT,Proliferating
GTGGTTATCCGACATA,mucous
GTGTAACCAGAAGTTA,Proliferating
GTGTAACGTGACATCT,quality
GTGTAACGTTCAACGT,mucous
GTGTAACTCCTTCTAA,Proliferating
GTGTAACTCTGGCTGG,mucous
GTGTCCTAGCTGGCCT,like
GTGTCCTAGGCAGCTA,Proliferating
GTGTCCTAGTTGTCGT,stress
GTGTCCTGTCAACCAT,Proliferating
GTGTCCTGTCATCAGT,Proliferating
GTGTCCTGTCTCACAA,quality
GTGTCCTGTGTTGATC,like
GTGTCCTTCAGCTCTC,mucous
GTGTCCTTCCCAACTC,stress
GTGTCCTTCCCTGGTT,quality
GTGTCCTTCCTGATAG,Proliferating
GTGTGATGTAGGTTTC,mucous
GTGTGATGTCAGTTTG,Endocrine
GTGTGATTCTCCGCAT,mucous
GTGTGGCCAGGAACCA,mucous
GTGTGGCCATTCTCTA,Proliferating
GTGTGGCGTACGTTCA,like
GTGTGGCTCTTAAGGC,mucous
GTGTTAGCAAAGACGC,quality
GTGTTAGCATTGAGGG,mucous
GTGTTAGGTCATCGGC,Proliferating
GTGTTAGGTGAGAGGG,Proliferating
GTGTTAGGTTGTCTAG,like
GTGTTAGTCTGCGGCA,mucous
GTGTTCCAGGTGGTTG,Proliferating
GTGTTCCAGTGATCGG,mucous
GTGTTCCGTCTGATCA,like
GTTACAGAGAAACACT,mucous
GTTACAGAGACGCTCC,mucous
GTTACAGAGCCTCCAG,mucous
GTTACAGAGTCATCCA,mucous
GTTACAGCAGCCTATA,mucous
GTTACAGCAGTACTAC,stress
GTTACAGCATAGAATG,Proliferating
GTTACAGCATTCTTCA,Proliferating
GTTACCCGTGGGAGAG,Proliferating
GTTACCCGTTCCTTGC,mucous
GTTACCCTCTACCTTA,stress
GTTACGAAGACCAAGC,quality
GTTACGATCCGTACGG,like
GTTAGACAGGGTACAC,mucous
GTTAGACCAAGTTCCA,quality
GTTAGACGTGACCGAA,stress
GTTAGACGTGGTCTAT,mucous
GTTAGACTCCACACAA,mucous
GTTAGACTCTGAGATC,mucous
GTTAGACTCTGGTCAA,like
GTTAGTGGTTGGTAGG,Proliferating
GTTAGTGTCACCTGGG,Proliferating
GTTATGGAGCGGGTAT,Proliferating
GTTATGGAGGGCAGTT,Endocrine
GTTATGGCAAACGTGG,Proliferating
GTTATGGTCGTAGTGT,Proliferating
GTTCATTCACCGTACG,mucous
GTTCATTCAGCACACC,mucous
GTTCATTCATACCGTA,mucous
GTTCATTTCCAACTAG,like
GTTCATTTCCACTAGA,quality
GTTCCGTAGCACTCTA,like
GTTCCGTCAAGAATGT,Proliferating
GTTCCGTCAGAACTAA,mucous
GTTCCGTCAGGCGTTC,mucous
GTTCCGTCATCGCTGG,stress
GTTCCGTGTAAGATAC,mucous
GTTCCGTGTGACTCGC,Proliferating
GTTCCGTTCGATTGAC,quality
GTTCGCTGTTGGAGAC,Proliferating
GTTCGCTTCCCAGTGG,mucous
GTTCGCTTCGACGCTG,like
GTTCGCTTCGTGACTA,Proliferating
GTTCTATCACCAAAGG,mucous
GTTCTATGTACCCAGC,quality
GTTCTATGTACTCGCG,stress
GTTGAACAGGTACAGC,mucous
GTTGAACGTACAGGTG,Proliferating
GTTGAACTCGTCGATA,quality
GTTGCGGAGTCATAGA,like
GTTGCGGCAACGAGGT,like
GTTGCGGCACCAGACC,like
GTTGCGGCACTACCGG,mucous
GTTGCGGTCTGTCAGA,Proliferating
GTTGCTCAGTCATGCT,quality
GTTGCTCCACAATTCG,quality
GTTGCTCCAGTTTGGT,mucous
GTTGCTCCATAAGCAA,Proliferating
GTTGCTCGTGGTCCGT,mucous
GTTGTAGAGCCGATAG,like
GTTGTAGCAGCTCATA,mucous
GTTGTAGGTCACAGTT,Proliferating
GTTGTAGTCCCATACC,mucous
GTTGTCCGTCGCAGTC,mucous
GTTGTCCTCCAAGCAT,mucous
GTTGTCCTCGGCATTA,mucous
GTTGTGACAGACATCT,mucous
GTTGTGACAGCTGTAT,mucous
GTTGTGACAGTTGGTT,Proliferating
GTTGTGATCACACCCT,quality
GTTTACTCACTAACGT,mucous
GTTTACTCAGTTTCAG,mucous
GTTTACTCATAACTCG,Proliferating
GTTTACTGTGTCATGT,mucous
GTTTGGAAGATCCGAG,mucous
GTTTGGAAGCTTGTTG,mucous
GTTTGGACATACATCG,quality
GTTTGGACATATGGCT,mucous
GTTTGGAGTTGAGGAC,mucous
TAACACGAGGAACATT,like
TAACACGCACACGCCA,like
TAACACGGTCCATCTC,mucous
TAACACGGTGCTGCAC,mucous
TAACCAGAGAGGCGTT,mucous
TAACCAGAGAGTTCGG,like
TAACCAGCACGCTATA,mucous
TAACCAGCACGGTGTC,Proliferating
TAACGACAGCCTAGGA,mucous
TAACGACCATGATAGA,like
TAACGACGTAGCTCGC,mucous
TAACGACGTCCGGCAT,like
TAACGACGTTACTCAG,like
TAACGACGTTAGGGTG,like
TAACGACGTTGTAGCT,mucous
TAACGACTCGCTAAAC,mucous
TAACGACTCTGGACCG,mucous
TAACTTCAGAGCAACC,mucous
TAACTTCAGTGAGGCT,Proliferating
TAACTTCCAACAACAA,mucous
TAACTTCCACAAAGTA,Endocrine
TAACTTCGTACTCGAT,like
TAAGCACGTCTAGTGT,mucous
TAAGCACGTTTGCCGG,mucous
TAAGCCAAGTAGCTCT,mucous
TAAGCCACACTGGAAG,mucous
TAAGCGTCATCCTTGC,stress
TAAGCGTGTAGTGCGA,Proliferating
TAAGCGTGTTGCACGC,stress
TAAGCGTTCTGGAGAG,like
TAAGTCGCAAGACGGT,stress
TAAGTCGCAGCGAGTA,Proliferating
TAAGTCGGTAGTGTGG,stress
TAAGTCGGTGGTGATG,mucous
TAAGTCGTCAATCCAG,quality
TAAGTCGTCCGATAGT,mucous
TAATCTCAGATGCTAA,like
TAATCTCAGCACGATG,Proliferating
TAATCTCAGCGGTAGT,like
TAATCTCAGGTAAGTT,like
TAATCTCAGTAAACAC,Proliferating
TAATCTCCAAAGGTTA,Proliferating
TAATCTCCAGCTGTCG,mucous
TAATCTCCATGCACTA,like
TAATCTCGTAACTTCG,mucous
TAATCTCTCAGAATAG,mucous
TAATCTCTCGCGGTAC,mucous
TAATCTCTCTTACACT,mucous
TAATTCCAGCCACTCG,like
TAATTCCAGCGGCTCT,quality
TAATTCCAGGGAGGGT,stress
TAATTCCAGTAATACG,Proliferating
TAATTCCAGTACTGGG,Proliferating
TAATTCCCACTCATAG,Proliferating
TAATTCCGTCGAACAG,Proliferating
TAATTCCGTGCTATTG,mucous
TACAACGCAAATAGCA,mucous
TACAACGGTACGGTTT,Proliferating
TACAACGTCCCTGGTT,mucous
TACACCCCATTGCCTC,mucous
TACACCCGTTCAAGTC,quality
TACACCCTCGGAAGGT,Proliferating
TACAGGTAGTGGAAGA,stress
TACAGGTCAAATTGGA,mucous
TACAGGTCAAGAAATC,mucous
TACAGGTCAATCCAGT,mucous
TACAGGTGTGCCTGCA,mucous
TACAGGTTCAACGTGT,Proliferating
TACAGGTTCCGCCTAT,like
TACATTCAGGTTGGTG,Proliferating
TACATTCGTCGGAACA,mucous
TACATTCGTGCAACGA,quality
TACATTCGTGTGAATA,like
TACATTCTCACGGTCG,mucous
TACATTCTCCGGCTTT,quality
TACATTCTCTGCAGCG,like
TACCCACCACATAACC,quality
TACCCACGTGACAGGT,Proliferating
TACCCACGTGACTATC,mucous
TACCCGTAGATTAGAC,mucous
TACCCGTAGTATGTAG,quality
TACCCGTCACCGGAAA,Proliferating
TACCCGTCAGAGGACT,Proliferating
TACCCGTTCGGACTGC,like
TACCGAACAGAGATTA,mucous
TACCGAAGTTGAATCC,mucous
TACCGAAGTTTGAACC,Proliferating
TACCGAATCCACACCT,Proliferating
TACCGAATCCGGTAAT,quality
TACCGAATCTTTGGAG,Proliferating
TACCGGGCATCATTTC,Endocrine
TACCGGGGTCAGACGA,quality
TACCGGGGTGGGATTG,like
TACCGGGTCGCACGAC,Proliferating
TACCGGGTCTCAATCT,mucous
TACCTCGAGAGCAAGA,mucous
TACCTCGGTAGCACGA,mucous
TACCTGCCAATCGCCG,mucous
TACCTGCCAGCGTAGA,mucous
TACGCTCTCGGCATTA,Endocrine
TACGGTAAGTCGGCAA,Proliferating
TACGGTAAGTTAACGA,like
TACGGTATCTTGAGCA,stress
TACGTCCAGAAGCTCG,mucous
TACGTCCAGTTGAAGT,Proliferating
TACGTCCCAACCAGAG,mucous
TACGTCCCACTCATAG,like
TACGTCCGTTGCAACT,like
TACGTCCTCTGGAAGG,Proliferating
TACTGCCAGACGCCCT,mucous
TACTGCCAGGGCAGAG,mucous
TACTGCCTCCTCATAT,Proliferating
TACTTACAGGCACAAC,stress
TACTTACAGGGCAACT,mucous
TACTTACCAGAATCGG,mucous
TACTTACCAGCAGTAG,mucous
TACTTCAAGAGGGTGG,stress
TACTTCACAAGAGAGA,mucous
TACTTCACACGTTGGC,mucous
TACTTCAGTGCTAGCC,stress
TACTTCAGTTGCGGCT,mucous
TACTTCATCTAGTGTG,mucous
TACTTGTAGACTGTTC,quality
TACTTGTAGAGCAAGA,mucous
TACTTGTCAATAGGAT,quality
TAGACCACAGGCGTTC,quality
TAGACCAGTGATACAA,quality
TAGACTGAGGCACAAC,Proliferating
TAGACTGGTGTCTCCT,Proliferating
TAGACTGTCATGAGGG,Proliferating
TAGACTGTCGAACCAT,like
TAGAGTCAGCATATGA,mucous
TAGAGTCTCATTCCTA,Proliferating
TAGATCGCAGTGACCC,mucous
TAGATCGGTCCTCCTA,Proliferating
TAGATCGTCGGAGCAA,like
TAGCACAAGGGCTTCC,like
TAGCACAGTCTGTCAA,mucous
TAGCACAGTTCCGTTC,Endocrine
TAGGAGGGTAGGATAT,Proliferating
TAGGAGGGTCTGTAGT,stress
TAGGAGGGTGGCGCTT,mucous
TAGGAGGTCAGCAGAG,Proliferating
TAGGGTTCAGAGTAAT,mucous
TAGGGTTCATGAGAAT,Proliferating
TAGGGTTGTCCCAAAT,mucous
TAGGGTTGTCGCTTGG,mucous
TAGGGTTGTCTCACGG,quality
TAGGGTTTCTAAACGC,stress
TAGGTACAGTAAACGT,Proliferating
TAGGTACCAATCGTCA,Proliferating
TAGGTACGTCACTTCC,quality
TAGGTTGAGGTACTGG,Proliferating
TAGGTTGAGTCCCAGC,mucous
TAGGTTGGTAGAGCTG,quality
TAGGTTGGTGGCCACT,mucous
TAGTGCAAGCAATTCC,mucous
TAGTGCAGTCGTGGAA,mucous
TAGTGCAGTGTGACCC,quality
TAGTGCATCTTGCGCT,Proliferating
TATACCTGTTTAGACC,mucous
TATACCTTCAATCTCT,mucous
TATACCTTCGAGGCAA,mucous
TATACCTTCGGCACTG,Proliferating
TATATCCAGCGCATCC,Proliferating
TATATCCCAAGAGGCT,mucous
TATATCCCATGGGCAA,Proliferating
TATATCCGTACATACC,mucous
TATATCCGTATGTCAC,like
TATATCCTCATTGCCC,mucous
TATATCCTCCACTTTA,quality
TATCAGGCAACATACC,stress
TATCAGGCACGCGTGT,mucous
TATCAGGGTGAAGCGT,mucous
TATCAGGGTTGTTGTG,mucous
TATCAGGTCATCGGGC,mucous
TATCCTAGTTGTGTAC,mucous
TATCCTATCATCTGTT,Proliferating
TATCCTATCGGACTTA,mucous
TATCGCCCACACGGTC,mucous
TATCGCCGTGTTCATG,stress
TATCGCCTCCATTCGC,mucous
TATCGCCTCTAAGCCA,mucous
TATCTGTAGTGGTGGT,mucous
TATCTGTCAAACCATC,mucous
TATCTGTTCGAGAGAC,mucous
TATCTGTTCGGTCACG,mucous
TATCTGTTCTGGCCTT,mucous
TATCTGTTCTTCTGGC,mucous
TATCTTGCATAGCTGT,mucous
TATCTTGGTCGCATGC,quality
TATGTTCAGCAGCGAT,mucous
TATGTTCGTCATGCAT,mucous
TATGTTCGTCGTACAT,mucous
TATGTTCTCCACGGAC,mucous
TATTCCAAGCTGTGCC,Proliferating
TATTCCACAATCGCAT,quality
TATTCCAGTAGATCCT,Proliferating
TATTGCTAGCTCGGCT,Proliferating
TATTGCTCACGGCCAT,mucous
TATTGCTCAGCCATTA,like
TATTGCTCATCGCCTT,mucous
TATTGCTCATTCTTCA,like
TATTGCTTCATGAGGG,Proliferating
TATTGCTTCATTGCCC,mucous
TATTGCTTCTAACACG,mucous
TATTGGGGTTGCATGT,like
TATTGGGTCAGACAAA,mucous
TATTTCGAGCTGACAG,Endocrine
TATTTCGCAAACACGG,quality
TATTTCGCAGCATGCC,mucous
TATTTCGGTACAGTAA,Proliferating
TATTTCGTCAGGACGA,mucous
TATTTCGTCGTGTGGC,mucous
TCAAGACGTTCGTACA,Proliferating
TCAAGACTCCGTCAAA,Proliferating
TCAAGCAAGAGCTTTC,Proliferating
TCAAGCAAGGAGAATG,mucous
TCAAGCACAAGAGTGC,quality
TCAAGCAGTAGAGATT,like
TCAAGCATCGATAACC,like
TCAAGTGAGTAAAGCT,Proliferating
TCAAGTGCACGCAAAG,quality
TCAAGTGTCCTCCACA,mucous
TCAAGTGTCGCTCTAC,mucous
TCAAGTGTCGGCGATC,stress
TCAATCTAGTGCACAG,Proliferating
TCAATTCCAGAGGTAC,quality
TCAATTCGTTAAGACA,Proliferating
TCAATTCGTTGCCGCA,mucous
TCAATTCTCGCATTAG,quality
TCAATTCTCTAAGCCA,Proliferating
TCACAAGAGGTGCTGA,mucous
TCACAAGGTTGCACGC,mucous
TCACACCAGCGTGCCT,mucous
TCACACCGTGGAAATT,stress
TCACACCTCGGATAAA,mucous
TCACATTAGATACGAT,mucous
TCACATTCATGCCGCA,mucous
TCACATTCATTGCAAC,stress
TCACATTTCTACAGGT,mucous
TCACGCTAGGGTTGCA,Proliferating
TCACGCTAGGTCACCC,mucous
TCACGCTCAAGCGAGT,stress
TCACGCTCACTAGGTT,Proliferating
TCACGCTCATTGGATC,quality
TCACGCTTCTGGTGCG,mucous
TCACGGGCACTAACGT,quality
TCACGGGGTATCTCGA,mucous
TCACGGGTCCGCTGTT,Proliferating
TCACGGGTCGACGTCG,Proliferating
TCACTATAGTAGACAT,mucous
TCACTATCAGGCTACC,Proliferating
TCACTATGTAACTTCG,Proliferating
TCACTCGAGAAACCAT,mucous
TCACTCGCACGGGCTT,quality
TCACTCGCAGCAGTCC,mucous
TCACTCGCATCGTTCC,mucous
TCACTCGGTTGTTGAC,Proliferating
TCACTCGTCGGTCTAA,mucous
TCACTCGTCTGAATGC,Proliferating
TCAGCAAAGTCTTCCC,Proliferating
TCAGCAAAGTTACGGG,Proliferating
TCAGCAACACACCTTC,mucous
TCAGCAAGTGTACATC,stress
TCAGCAATCCGGCAGT,mucous
TCAGCCTAGGATTCCT,Proliferating
TCAGCCTCACCCAACG,mucous
TCAGGGCAGCAGTAAT,Proliferating
TCAGGGCAGTCATACC,Proliferating
TCAGGGCCACACGTGC,Proliferating
TCAGGTAAGCTGGTGA,mucous
TCAGGTAGTACGATCT,Proliferating
TCAGGTATCTGATGGT,quality
TCAGTCCAGGCTGGAT,mucous
TCAGTCCAGTTAACGA,stress
TCAGTCCCAATTCGTG,stress
TCAGTCCGTCTACATG,Proliferating
TCAGTGAAGAATCGTA,mucous
TCAGTGAAGACCAACG,stress
TCAGTGAGTATGTGTC,quality
TCAGTGATCCCATACC,mucous
TCAGTGATCTCGCGTT,Proliferating
TCAGTTTCAGACCAGA,like
TCAGTTTGTGACGCCT,Proliferating
TCAGTTTTCAGGAAAT,mucous
TCAGTTTTCATCTATC,mucous
TCAGTTTTCCGAACGC,mucous
TCATACTAGTTATGGA,Proliferating
TCATATCAGGGTTAGC,Proliferating
TCATATCCAGCAGTCC,Proliferating
TCATATCCAGCGATTT,Proliferating
TCATATCGTCTCAGGC,stress
TCATATCGTCTCGGAC,Proliferating
TCATATCTCGTCGCTT,mucous
TCATCATGTAGATCCT,stress
TCATCATGTTGTCCCT,like
TCATCATTCACATACG,stress
TCATCATTCGTCAAAC,like
TCATCCGCATTCTCTA,mucous
TCATCCGGTAACCCGC,mucous
TCATCCGGTACGCGTC,like
TCATCCGTCACCCTCA,mucous
TCATCCGTCTGGGTCG,like
TCATCCGTCTTGTGCC,Proliferating
TCATGAGAGCGGTATG,quality
TCATGAGAGGAATCGC,mucous
TCATGAGAGTTCATGC,mucous
TCATGAGCAAGTCCAT,Proliferating
TCATGAGTCCTAGCGG,like
TCATGAGTCGTGGGTC,mucous
TCATGCCGTAATGTGA,like
TCATGCCGTCATCTAG,quality
TCATGCCTCAGAGCAG,mucous
TCATGCCTCATAGACC,Proliferating
TCATGGAAGTATCTGC,mucous
TCATGGACACCGCTGA,mucous
TCATGGAGTACGCGTC,mucous
TCATGGATCACAGAGG,Proliferating
TCATGTTAGCAAGGAA,stress
TCATGTTCAACACAAA,Proliferating
TCATTACAGAAGTCCG,mucous
TCATTACGTAGGTGCA,mucous
TCATTACGTGAGATCG,Proliferating
TCATTACGTTACAGCT,stress
TCATTACGTTGAGAGC,mucous
TCATTACGTTTCACAG,Proliferating
TCATTACTCGGTATGT,like
TCATTACTCTGCGGAC,quality
TCATTCAGTCCTACGG,like
TCATTCATCTCATTGT,Proliferating
TCATTGTAGTCAACAA,like
TCATTGTCAAGAGAGA,mucous
TCATTGTGTCCTCATC,mucous
TCATTGTTCCGGTAGC,like
TCATTTGAGCGTATAA,mucous
TCATTTGAGGGTTGCA,mucous
TCATTTGCAATAGAGT,mucous
TCATTTGGTCGAACGA,like
TCATTTGGTTGCGAAG,Proliferating
TCATTTGGTTGGGTTT,Proliferating
TCCACCAAGCAATTAG,Proliferating
TCCACCAAGCTGGCTC,mucous
TCCACCACAAAGACTA,mucous
TCCACCACAAAGCACG,Proliferating
TCCACCACACCCTAGG,mucous
TCCACCACAGGCATGA,quality
TCCACCAGTACGATTC,Proliferating
TCCACCAGTAGACAGC,like
TCCACGTAGACGGTTG,mucous
TCCACGTAGTAGTCTC,mucous
TCCACGTCAAAGGATT,mucous
TCCACGTGTATCATGC,Proliferating
TCCACGTTCAGCCTCT,mucous
TCCACGTTCCATGATG,Endocrine
TCCAGAAAGATCCAAA,Proliferating
TCCAGAAAGGAGTACC,mucous
TCCAGAACAAGTCGTT,like
TCCAGAATCCGAGCTG,like
TCCAGAATCCTAGCCT,mucous
TCCATCGAGAGTCTGG,mucous
TCCATCGAGCATACTC,stress
TCCATCGAGGACTAAT,mucous
TCCATCGCAAATACAG,Proliferating
TCCATGCAGATGGTAT,mucous
TCCATGCAGGCCCGTT,mucous
TCCATGCAGTGGTTAA,mucous
TCCATGCCAGAACATA,mucous
TCCATGCCAGCAGTCC,mucous
TCCATGCGTTGGCCGT,mucous
TCCCACACACAGCCTG,Proliferating
TCCCACAGTGGACAGT,stress
TCCCACATCCTTATAC,Proliferating
TCCCAGTAGCACTCAT,quality
TCCCAGTAGGCCGCTT,quality
TCCCAGTCACATAACC,mucous
TCCCAGTCAGACCGCT,quality
TCCCAGTGTGGATTTC,mucous
TCCCAGTTCATATGGC,mucous
TCCCAGTTCCCGAACG,Proliferating
TCCCATGGTATCAAGA,Proliferating
TCCGAAATCCTCACCA,mucous
TCCGAAATCTTCTAAC,mucous
TCCGATCAGATTGACA,mucous
TCCGATCTCATGAAAG,mucous
TCCGATCTCGCGAAGA,mucous
TCCGATCTCTCTAGGA,quality
TCCGGGAAGCACGATG,Proliferating
TCCGGGAAGGATACCG,mucous
TCCGGGACAATCTAGC,mucous
TCCGGGACAATTGGTC,Proliferating
TCCGGGACAGTCGAGA,Proliferating
TCCGGGATCATTCTTG,Proliferating
TCCGTGTTCCTAGAGT,mucous
TCCGTGTTCTAACGCA,mucous
TCCTAATGTGCGGATA,mucous
TCCTAATTCTCCGATC,mucous
TCCTCCCAGCCTCTTC,stress
TCCTCCCGTGGATGAC,mucous
TCCTCCCGTTCGCGTG,mucous
TCCTCCCGTTTGTTGG,mucous
TCCTCCCTCATGCATG,mucous
TCCTCGAAGGCCGCTT,mucous
TCCTCGACAAGTATAG,Proliferating
TCCTCGAGTACAGTTC,stress
TCCTCGAGTGTGCCTG,mucous
TCCTCGAGTTGCGGAA,like
TCCTCGATCAAAGCCT,like
TCCTCTTAGCTGTCCG,like
TCCTCTTCACTACCCT,stress
TCCTGCAAGACAACTA,Endocrine
TCCTGCAAGCGATCGA,mucous
TCCTGCAGTAACATCC,mucous
TCCTGCAGTCTGATAC,mucous
TCCTGCAGTGTCATGT,mucous
TCCTGCATCCATTTGT,like
TCCTTCTAGGCCACTC,Endocrine
TCCTTCTAGGTGGTTG,quality
TCCTTCTAGTGTTGAA,like
TCCTTCTCATGGAAGC,mucous
TCCTTCTGTCACTAGT,mucous
TCCTTCTGTCTACAAC,like
TCCTTCTGTGGAATGC,Proliferating
TCCTTCTTCAAGTGTC,like
TCCTTTCAGGCGATAC,mucous
TCCTTTCCATGGCCAC,mucous
TCCTTTCGTAATACCC,mucous
TCCTTTCTCACATCAG,mucous
TCGAACACAGCATTGT,like
TCGAACACAGGGATAC,mucous
TCGAACACATAGATCC,quality
TCGAACAGTATGCGGA,like
TCGAACAGTCCACATA,Endocrine
TCGAACAGTGCCTTTC,Proliferating
TCGAACATCAAGCCCG,Proliferating
TCGAACATCGACGACC,mucous
TCGAACATCTTGGGCG,mucous
TCGAAGTCACGTCGTG,mucous
TCGAAGTGTTTCAGAC,like
TCGAAGTTCGGAGTGA,quality
TCGAAGTTCTCATGGA,Proliferating
TCGACCTAGCTGAGCA,mucous
TCGACCTGTCAACCAT,mucous
TCGACCTGTGCCTTCT,mucous
TCGACCTTCAACGAGG,Proliferating
TCGACCTTCTGGACCG,stress
TCGACGGAGCTGGTGA,Proliferating
TCGACGGAGGTCATAA,mucous
TCGACGGCACGTCATA,like
TCGACGGGTCGCTCGA,stress
TCGACGGGTGTGATGG,mucous
TCGATTTAGAGAGCAA,mucous
TCGATTTAGGAAAGTG,mucous
TCGATTTCAATGTCTG,Proliferating
TCGATTTCACTAGAGG,mucous
TCGATTTTCTGTTGGA,quality
TCGCACTCAGGAACCA,Proliferating
TCGCACTCAGGCTTGC,mucous
TCGCACTGTAGCTGAG,mucous
TCGCACTGTAGGTACG,mucous
TCGCACTGTCAGCGTC,mucous
TCGCACTGTCTTGTCC,mucous
TCGCAGGAGATTAGCA,mucous
TCGCAGGAGCTCCATA,like
TCGCAGGAGGTGATAT,Proliferating
TCGCAGGCAAGTGGAC,mucous
TCGCAGGGTATGTCCA,mucous
TCGCTCAAGAGCACTG,mucous
TCGCTCAAGTCAGAGC,Proliferating
TCGCTCACAACAGAGC,quality
TCGCTCACATAATCCG,Proliferating
TCGCTCACATGATCTG,quality
TCGCTCATCTATTGTC,Proliferating
TCGCTTGAGCGACTGA,stress
TCGCTTGTCACCGGTG,mucous
TCGCTTGTCAGAGCAG,mucous
TCGCTTGTCCCGAACG,stress
TCGCTTGTCGATGCAT,mucous
TCGCTTGTCTGCATAG,Proliferating
TCGGATAAGCATGCAG,quality
TCGGATAAGGCCTAGA,quality
TCGGATACAGAGGCAT,Proliferating
TCGGATAGTTCCCAAA,mucous
TCGGATATCCGCAACG,mucous
TCGGGACAGACTGGGT,mucous
TCGGGACAGCGCCTAC,mucous
TCGGGACAGCGTCTGC,Proliferating
TCGGGACAGGTAACTA,stress
TCGGGACAGTCAATCC,Proliferating
TCGGGACGTAAGATTG,Proliferating
TCGGGACGTATCGTAC,Proliferating
TCGGGACTCTAATTCC,mucous
TCGGGCACACGCACCA,stress
TCGGGCACAGGAGACT,mucous
TCGGGCACAGTTGCGC,Proliferating
TCGGGCATCACTAGCA,mucous
TCGGGCATCCCTAGGG,Proliferating
TCGGGTGAGGAACTAT,mucous
TCGGGTGCAACGATCT,Proliferating
TCGGGTGCATCGCTAA,mucous
TCGGGTGCATCTTTCA,quality
TCGGGTGTCGGAGTAG,mucous
TCGGTCTAGTCGGGAT,mucous
TCGGTCTCAGGCTTGC,mucous
TCGGTCTGTGAGACGT,Proliferating
TCGGTCTTCAGCTAGT,mucous
TCGGTCTTCCGATGCG,mucous
TCGTAGAAGAGGCGTT,like
TCGTAGACAATTGCGT,mucous
TCGTAGACACCGTCGA,stress
TCGTAGATCCATTTCA,mucous
TCGTAGATCCGTGACG,mucous
TCGTCCAAGACATAGT,like
TCGTCCAAGATGACAT,like
TCGTCCACACGACGCT,Proliferating
TCGTCCAGTGGGCTTC,Proliferating
TCGTCCAGTGGTTTGT,mucous
TCGTCCATCGTAGTGT,like
TCGTGCTGTAACTGCT,Proliferating
TCGTGCTTCTGTCGTC,Proliferating
TCGTGGGAGGGTACAC,mucous
TCGTGGGCAACGCATT,mucous
TCGTGGGCACACCGCA,stress
TCGTGGGCATCGAAGG,mucous
TCGTGGGGTACGCGTC,Proliferating
TCGTGGGGTCAACATC,mucous
TCGTGGGTCTCTAGGA,stress
TCTAACTTCTGTCCGT,like
TCTACATGTTACCCTC,mucous
TCTACCGAGCTTAAGA,Proliferating
TCTACCGAGGAATCGC,like
TCTATACAGGAAGTCC,Proliferating
TCTATACTCAATCCAG,like
TCTATACTCCTCACCA,mucous
TCTATCAAGATGGTAT,Proliferating
TCTATCACAGCATGCC,Proliferating
TCTATCACATGCAGGA,quality
TCTATCAGTACCCAGC,stress
TCTATCAGTTATGGTC,mucous
TCTATCATCCCAGGCA,mucous
TCTATCATCCTATTGT,mucous
TCTCACGAGAGAAGGT,Proliferating
TCTCACGGTGCACAAG,like
TCTCACGTCACATTGG,Proliferating
TCTCAGCAGAGGTCGT,like
TCTCAGCAGCGGTAAC,mucous
TCTCAGCCATTGGGAG,mucous
TCTCAGCCATTGTCGA,mucous
TCTCCGATCAAACCCA,mucous
TCTCCGATCGATACGT,Proliferating
TCTCCGATCTTTGCAT,mucous
TCTCTGGAGATGCAGC,mucous
TCTCTGGCACGCACCA,like
TCTCTGGTCTATCGTT,mucous
TCTGCCACACAACCGC,mucous
TCTGCCAGTACAATAG,like
TCTGGCTAGAGGGTCT,quality
TCTGGCTCAAGGCTTT,quality
TCTGGCTCATCGTCCT,like
TCTGGCTGTGCGACAA,stress
TCTGGCTTCACGATCA,mucous
TCTGTCGCAGAGGGTT,Proliferating
TCTGTCGCATAGAGGC,Proliferating
TCTGTCGCATCACAGT,like
TCTGTCGCATCCCGTT,mucous
TCTGTCGCATGCTGCG,stress
TCTGTCGGTTTCCCAC,mucous
TCTGTCGTCAACCGAT,quality
TCTTAGTAGACGCATG,like
TCTTAGTCACGTTCGG,stress
TCTTAGTCATGTCAGT,mucous
TCTTAGTGTACACTCA,mucous
TCTTAGTTCGTAACCA,mucous
TCTTCCTAGTTCCGTA,mucous
TCTTCCTGTAACTTCG,mucous
TCTTCCTGTCTAATCG,like
TCTTCCTTCGAGAGCA,Proliferating
TCTTCCTTCTAGAGCT,Proliferating
TCTTCCTTCTCAACGA,quality
TCTTGCGAGACCAGAC,mucous
TCTTGCGGTACGGATG,mucous
TCTTGCGGTGCAACAG,mucous
TCTTGCGGTTTGAACC,like
TCTTTGATCACCGACG,mucous
TCTTTGATCCGATGCG,like
TCTTTGATCCTACGAA,mucous
TGAACGTGTAGACAGC,mucous
TGAACGTGTTGGACTT,mucous
TGAACGTTCACTTGGA,Endocrine
TGAACGTTCTCCGAGG,mucous
TGAATCGGTTTGGCTA,mucous
TGAATGCCATTGACCA,mucous
TGAATGCCATTGACTG,stress
TGAATGCTCGAATGCT,Proliferating
TGACAGTAGTAAGAGG,mucous
TGACAGTCAACTCCCT,like
TGACAGTCACAGAGAC,mucous
TGACAGTGTCCCGGTA,Proliferating
TGACAGTGTGTCTTCC,Proliferating
TGACCCTAGGGTACAC,like
TGACCCTCAGCACAGA,mucous
TGACCCTCATTGCTGA,like
TGACCCTGTCGTGGAA,Proliferating
TGACCCTGTGGTACAG,mucous
TGACGCGGTAAGTTAG,mucous
TGACGCGGTATAGGGC,Proliferating
TGACGCGGTGGTAATA,Proliferating
TGACGCGGTTGTTGCA,Proliferating
TGACGCGTCCTTGGAA,quality
TGACGCGTCGATTGGT,Proliferating
TGACTCCCACACGCCA,Proliferating
TGACTCCTCCGGACGT,mucous
TGACTCCTCGGACTTA,like
TGAGACTAGGGACTGT,mucous
TGAGACTGTGCATTAC,stress
TGAGACTTCTCCGTGT,mucous
TGAGCATCATTCGATG,Proliferating
TGAGCGCAGCCATTGT,Proliferating
TGAGCGCTCAGCTCTC,mucous
TGAGCGCTCGACGACC,stress
TGAGGAGCAGTCTGGC,Proliferating
TGAGGAGGTGTCCAAT,mucous
TGAGGAGTCGTTGTTT,Proliferating
TGAGGGAAGCGATTCT,mucous
TGAGGGAGTATGGAGC,mucous
TGAGGGAGTTGAATCC,mucous
TGAGGGATCAGCGGAA,Proliferating
TGAGGGATCGCTCCTA,mucous
TGAGGTTGTCAAATCC,Proliferating
TGAGGTTGTTTCACTT,mucous
TGAGGTTTCTTTGCAT,Endocrine
TGAGTCAAGGGCAGGA,like
TGAGTCACAAGGCAAC,mucous
TGATCTTCATTCTGTT,mucous
TGATCTTGTACAAGTA,Proliferating
TGATCTTGTAGGCAGT,mucous
TGATCTTTCGGTTGTA,like
TGATGCAAGGACAGTC,stress
TGATGCATCGTGCACG,Proliferating
TGATGCATCTTGCGCT,mucous
TGATGGTAGCCTCTGG,stress
TGATGGTAGCTCGAAG,mucous
TGATGGTAGGCCTGCT,mucous
TGATGGTCACAGTACT,quality
TGATGGTCAGCTGAGA,mucous
TGATGGTGTAAGATCA,Proliferating
TGATGGTTCCACTTTA,mucous
TGATGGTTCTGTCAGA,mucous
TGATTCTAGCATGTTC,mucous
TGATTCTAGGCTATCT,mucous
TGATTCTAGTCTCTGA,mucous
TGATTCTAGTGCCGAA,quality
TGATTCTCACACACTA,mucous
TGATTCTCACCAGTTA,Proliferating
TGATTCTGTCAACATC,mucous
TGATTCTGTGTCCACG,mucous
TGATTTCAGACCTTTG,mucous
TGATTTCCACGGATCC,Proliferating
TGATTTCGTATGTGTC,Proliferating
TGCACGGAGACAACAT,like
TGCACGGCAAGTCGTT,Proliferating
TGCACGGCAGATAAAC,quality
TGCACGGCAGGAAGTC,mucous
TGCACGGTCCCGGTAG,mucous
TGCAGATCACGACAGA,Proliferating
TGCAGATGTCCGACGT,mucous
TGCAGGCAGCAAGGAA,mucous
TGCAGGCAGTTCTCTT,mucous
TGCAGTAAGCAAGTGC,stress
TGCAGTAAGCTCGAAG,mucous
TGCAGTAGTCGTTGGC,mucous
TGCAGTAGTCTCAGGC,mucous
TGCATCCAGCCGAATG,mucous
TGCATCCCACGCTGTG,mucous
TGCATCCCAGGTTCAT,mucous
TGCATGAAGCAGCCCT,mucous
TGCATGACACGCAGTC,Proliferating
TGCATGACACGTGAGA,mucous
TGCATGAGTAGCCAGA,mucous
TGCATGAGTTCTTCAT,stress
TGCCGAGAGGTATAGT,mucous
TGCCGAGAGTAGTCTC,mucous
TGCCGAGAGTGGACGT,Proliferating
TGCCGAGCATCCGTGG,mucous
TGCCGAGTCGACCACG,mucous
TGCCGAGTCTAGCAAC,quality
TGCGACGAGTTGCGCC,mucous
TGCGACGCAACATCGT,Proliferating
TGCGACGCAGTCGCAC,Proliferating
TGCGATACACTGTGAT,mucous
TGCGATATCAGAACCT,mucous
TGCGGCAAGTCCTGCG,like
TGCGGCATCGCCAGAC,mucous
TGCGGCATCTGGGCAC,Proliferating
TGCGGGTTCCATTTCA,mucous
TGCTCCAAGACGCATG,Proliferating
TGCTCCAAGCTAAATG,Proliferating
TGCTCCAGTGACAGCA,mucous
TGCTCGTAGAACTGAT,mucous
TGCTCGTAGCTTCTAG,Proliferating
TGCTCGTCAGCAAGAC,like
TGCTCGTCATGAGGGT,Proliferating
TGCTCGTGTAAGGAGA,like
TGCTGAAAGTTACGTC,Proliferating
TGCTGAACACGTCGTG,mucous
TGCTGAACAGAGCGTA,like
TGCTGAACAGTATTCG,Proliferating
TGCTGAACATCGATAC,mucous
TGCTGAATCGTTAGTG,stress
TGCTTCGCAAATTAGG,Proliferating
TGCTTCGCATAGACTC,mucous
TGCTTCGGTCCTTTGC,mucous
TGCTTCGGTCGTCATA,mucous
TGCTTCGTCGACGATT,Proliferating
TGCTTGCAGACAGTCG,Proliferating
TGCTTGCAGAGCAGTC,Proliferating
TGCTTGCGTCATCCCT,mucous
TGCTTGCGTGAGTCAG,Proliferating
TGCTTGCTCATAGCAC,Endocrine
TGGAACTAGCGGGTAT,Proliferating
TGGAACTAGCTCTGTA,stress
TGGAACTGTTGGGTAG,mucous
TGGAACTTCTTAAGGC,Proliferating
TGGAGAGGTTGATCGT,mucous
TGGAGAGTCACGACTA,Endocrine
TGGAGGACAACTGAAA,stress
TGGAGGATCGTCAGAT,mucous
TGGATCACATGCAGCC,Proliferating
TGGATCATCACCCTTG,mucous
TGGATGTCAAAGGCTG,mucous
TGGATGTTCCCTATTA,Proliferating
TGGCGTGAGGCTCACC,mucous
TGGCGTGCAATTGCCA,mucous
TGGCGTGGTAACATAG,like
TGGCGTGGTTTAAGGA,Proliferating
TGGGAAGAGGGATCTG,Proliferating
TGGGAAGAGGTAGGCT,like
TGGGAAGAGTGATGGC,mucous
TGGGAAGCATTGACCA,mucous
TGGGAAGGTACAGTTC,mucous
TGGGAAGGTGTGATGG,like
TGGGAGAGTAACCAGG,mucous
TGGGATTAGAGAGTGA,Proliferating
TGGGATTAGTATAGAC,mucous
TGGGATTCACTATCCC,stress
TGGGATTCATACAGGG,like
TGGGATTGTCGCGTCA,mucous
TGGGATTTCGCTGTCT,mucous
TGGGCGTTCATGCCAA,Proliferating
TGGGCGTTCATGGTAC,stress
TGGGCTGCACCTGAAT,stress
TGGGCTGGTCTGTGCG,Proliferating
TGGGCTGGTTCTCGTC,like
TGGGTTAAGAAGCGAA,mucous
TGGGTTACAGTCACGC,like
TGGGTTACATGTGGTT,stress
TGGGTTAGTCCGTACG,mucous
TGGTACAAGGGTCTTT,Proliferating
TGGTACACAGACACAG,mucous
TGGTAGTCACAATGTC,Proliferating
TGGTAGTGTAGTCCTA,like
TGGTGATGTAGCGTTT,mucous
TGGTGATTCGGTAACT,like
TGGTTAGCACGCCACA,stress
TGGTTAGGTAGATTAG,mucous
TGGTTAGGTCCCGCAA,Proliferating
TGGTTAGGTCGTAATC,mucous
TGGTTAGGTGATGGCA,mucous
TGGTTAGGTTCTCGTC,like
TGGTTAGTCACCGGGT,mucous
TGGTTAGTCCACCTCA,Proliferating
TGGTTAGTCGGTCATA,mucous
TGTAACGCAAAGTATG,like
TGTAACGGTACCGTCG,mucous
TGTAACGGTGCATGTT,mucous
TGTAACGTCGAGAGCA,mucous
TGTAAGCAGAGGGTCT,like
TGTAAGCCACCAGACC,stress
TGTACAGAGAATCGCG,Proliferating
TGTACAGCAGAATCGG,Proliferating
TGTACAGGTCACAGAG,mucous
TGTAGACAGGACCCAA,Proliferating
TGTAGACGTAACAGGC,mucous
TGTAGACGTTAATCGC,Proliferating
TGTAGACGTTTCGCTC,Endocrine
TGTAGACTCATAGGCT,mucous
TGTAGACTCGGAGCAA,Endocrine
TGTCAGAAGACGGTTG,stress
TGTCAGAGTTACCGTA,mucous
TGTCAGAGTTGTCCCT,Proliferating
TGTCCACAGATCACCT,Proliferating
TGTCCACCAAAGAACT,mucous
TGTCCCAAGTCTCTGA,mucous
TGTCCCACAGGGACTA,Proliferating
TGTCCCACATGAGGGT,mucous
TGTCCCAGTCGCAACC,Proliferating
TGTCCCAGTTGGCTAT,like
TGTCCCATCAATGCAC,like
TGTCCCATCCAAACCA,Proliferating
TGTCCCATCTAAACGC,mucous
TGTCCTGAGGATTTGA,Proliferating
TGTCCTGAGGGTAATT,mucous
TGTCCTGCAGGGTTGA,like
TGTGAGTAGGCTGGAT,mucous
TGTGAGTAGGGTTAAT,mucous
TGTGAGTAGGTCATTC,Proliferating
TGTGAGTAGTACCATC,mucous
TGTGATGGTTAAGGAT,mucous
TGTGCGGAGCTCGACC,like
TGTGCGGGTCTCGCGA,Proliferating
TGTGCGGGTGTATACC,mucous
TGTGCGGTCCGAACGC,mucous
TGTGGCGAGCCGCACT,mucous
TGTGGCGAGCGTATAA,Proliferating
TGTGGCGCACCGGAAA,mucous
TGTGGCGGTGGACTGA,mucous
TGTGGCGTCAAATGCC,mucous
TGTGTGAAGACGGTTG,Proliferating
TGTGTGACATTCTTCA,mucous
TGTGTGAGTGAATGAT,quality
TGTGTGATCTGTGCGG,mucous
TGTTACTAGAAGCTCG,like
TGTTCATAGGATTCCT,mucous
TGTTCATCAAACCGGA,Proliferating
TGTTCATGTAAGGAGA,stress
TGTTCATTCTACTGAG,like
TGTTCATTCTGAATGC,mucous
TGTTCATTCTTTCAGT,mucous
TGTTCCGAGGTTGTTC,mucous
TGTTCCGCACAAGCTT,quality
TGTTCCGCAGTTCACA,Endocrine
TGTTCCGGTGGTCTGC,quality
TGTTCCGTCGTAGGAG,mucous
TGTTCCGTCTAGATCG,Proliferating
TGTTCTAAGACGCCCT,mucous
TGTTCTAAGCGCAATG,like
TGTTCTAAGTCTGTAC,stress
TGTTCTACAACCAGAG,Proliferating
TGTTCTACATTAGGAA,Proliferating
TGTTGAGAGTCCCGGT,mucous
TGTTGAGCAAGTCCAT,mucous
TGTTGAGGTCACGCTG,mucous
TGTTGAGGTTCCCAAA,mucous
TGTTGAGGTTGCAACT,Proliferating
TGTTGGAAGCGCCCAT,Proliferating
TGTTGGAAGGTCCGAA,quality
TGTTGGACACGAGGTA,mucous
TGTTGGAGTTCCGCTT,like
TGTTGGAGTTCCTAAG,mucous
TGTTGGATCACTCACC,Proliferating
TGTTTGTGTGAGATTA,like
TGTTTGTGTGGCCTCA,Proliferating
TGTTTGTGTGGCTTGC,like
TGTTTGTGTGTTCCTC,mucous
TGTTTGTTCCAGGACC,Proliferating
TTAATCCCAACATACC,mucous
TTAATCCGTACCCACG,quality
TTACAGGGTAGAATGT,like
TTACAGGGTCGACGCT,mucous
TTACAGGTCTCCGAAA,mucous
TTACCATAGACATACA,mucous
TTACCATAGCCTGCCA,quality
TTACCATCATCGCTCT,quality
TTACCATCATGGCCAC,mucous
TTACCATGTCGAGCAA,mucous
TTACCATGTGTCTTCC,mucous
TTACCATGTTAGCTAC,mucous
TTACCATTCAGAGTTC,like
TTACCATTCCAATGCA,like
TTACCATTCTTGGGCG,mucous
TTACCGCAGCTTTGTG,like
TTACCGCAGGGCAGTT,mucous
TTACCGCTCGTCACCT,stress
TTACCGCTCTGTTGGA,mucous
TTACGCCCATCACCAA,mucous
TTACGCCTCCTGTTAT,like
TTACGTTAGACATGCG,Proliferating
TTACGTTCACAATGTC,Proliferating
TTACGTTCACCATAAC,Proliferating
TTACGTTTCCAAAGGG,stress
TTACTGTAGCTCGCAC,mucous
TTACTGTAGTTACTCG,stress
TTACTGTGTAACCAGG,Proliferating
TTAGGCAAGCGCTGAA,like
TTAGGCACACAAGCTT,mucous
TTAGGCACACCCTTAC,mucous
TTAGGCAGTGCAATAA,Proliferating
TTAGGCATCTCTATGT,Proliferating
TTAGGGTCAGATAAAC,stress
TTAGGGTCAGCACAGA,mucous
TTAGGGTCATGGAATA,mucous
TTAGGGTGTGGATACG,mucous
TTAGGGTGTGGTCTTA,mucous
TTAGTCTAGAAACTCA,mucous
TTAGTCTAGAAGGCTC,mucous
TTAGTCTAGAGCATAT,Proliferating
TTAGTCTAGTGTCATC,Proliferating
TTAGTCTCATGGGAAC,mucous
TTAGTCTGTATCACCA,Proliferating
TTAGTCTGTCTTACAG,quality
TTAGTCTGTGGCTAGA,like
TTAGTCTTCAACGCTA,quality
TTATTGCAGAAGCCTG,stress
TTATTGCAGGATTACA,quality
TTATTGCAGGCGTCCT,mucous
TTATTGCCAAAGAGTT,mucous
TTATTGCCAACGGTAG,Proliferating
TTATTGCCAAGAGTAT,stress
TTATTGCCAATGCTCA,stress
TTATTGCCAGACTGCC,mucous
TTATTGCCAGATACCT,mucous
TTATTGCCAGTTAGGG,mucous
TTATTGCCATCTTTCA,Proliferating
TTATTGCGTCTGGTTA,Endocrine
TTATTGCTCACCATAG,mucous
TTATTGCTCCCGTGTT,mucous
TTATTGCTCGATGCTA,mucous
TTCAATCAGGCAGCTA,mucous
TTCAATCCAGAGGAAA,quality
TTCAATCCAGCGTAGA,mucous
TTCAATCTCACCTACC,quality
TTCAATCTCTGAGATC,mucous
TTCACCGGTTGCATCA,mucous
TTCACCGTCTGCGGAC,mucous
TTCACGCAGAAATCCA,mucous
TTCACGCAGGACAGTC,stress
TTCACGCCACCGTGAC,Proliferating
TTCACGCGTGAGATAT,mucous
TTCACGCGTGATGGCA,mucous
TTCACGCGTGTCATGT,mucous
TTCACGCTCTGAGGTT,like
TTCAGGAAGGTACAGC,mucous
TTCAGGACAGCAGATG,mucous
TTCAGGAGTACTCGTA,mucous
TTCAGGAGTTCGGTCG,like
TTCAGGATCCCAGGCA,mucous
TTCATGTAGATAGCAT,mucous
TTCATGTAGTCTTCGA,mucous
TTCATGTCAATCACGT,Proliferating
TTCATGTGTTTAAGGA,mucous
TTCATGTTCTTTCAGT,mucous
TTCATTGGTCACTCAA,quality
TTCATTGTCTCAATCT,quality
TTCATTGTCTTTGATC,mucous
TTCCAATCAGCCGTTG,stress
TTCCAATCATCGGATT,mucous
TTCCAATTCCAATCCC,mucous
TTCCACGAGTGCTAGG,mucous
TTCCACGCAAGAATGT,mucous
TTCCACGGTCACCACG,like
TTCCACGTCGGTGCAC,mucous
TTCCGGTAGGTGGGTT,like
TTCCGGTCAATCACGT,like
TTCCGGTCAGCGTTTA,stress
TTCCGGTGTCGAACGA,mucous
TTCCGGTTCGTTCGCT,Endocrine
TTCCGGTTCTTTCCAA,mucous
TTCCGTGAGTTATGGA,quality
TTCCGTGCAAAGGCTG,mucous
TTCCGTGTCCACACCT,stress
TTCCTAAAGACCGTTT,like
TTCCTAAAGGTAGCAC,mucous
TTCCTAACATGGCCCA,stress
TTCCTAAGTACGCGTC,mucous
TTCCTCTGTTGTTTGG,Proliferating
TTCCTCTTCACGGACC,like
TTCCTCTTCCGAGTGC,Proliferating
TTCCTTCGTAGGATAT,mucous
TTCCTTCGTAGTGATA,stress
TTCCTTCGTCTGTTAG,quality
TTCCTTCGTGTACGCC,Proliferating
TTCCTTCGTTATCTTC,mucous
TTCGATTCACAAATAG,Proliferating
TTCGATTCACCCTATC,mucous
TTCGATTCATCGAGCC,mucous
TTCGATTGTAATGATG,like
TTCGATTGTCCTGAAT,Proliferating
TTCGATTGTCTAACGT,mucous
TTCGATTGTGCCCGTA,Proliferating
TTCGATTGTGTAAACA,stress
TTCGATTGTTTACCAG,mucous
TTCGATTTCCAGCAAT,Proliferating
TTCGCTGCAACTCCCT,Proliferating
TTCGGTCAGATTCGCT,Proliferating
TTCGGTCAGCCATATC,mucous
TTCGGTCCACATGAAA,stress
TTCGGTCTCGCGTTTC,mucous
TTCTAACGTCACATTG,stress
TTCTAACGTGATTGGG,mucous
TTCTAGTGTTCTTGCC,like
TTCTAGTTCCGTGGGT,Proliferating
TTCTCTCAGAATCGCG,like
TTCTCTCAGGCACTAG,Proliferating
TTCTCTCTCAATCCAG,Proliferating
TTCTCTCTCACTCGAA,Proliferating
TTCTGTACATAATCGC,like
TTCTGTACATGTGGTT,mucous
TTCTGTAGTGTCATGT,mucous
TTCTGTATCGAGCTGC,like
TTCTGTATCGCGTGAC,mucous
TTCTTCCAGGACGCTA,Proliferating
TTCTTCCCATTATGCG,stress
TTCTTCCGTTCACCGG,Proliferating
TTCTTCCGTTGCCAAT,Proliferating
TTCTTCCTCCTCATAT,Proliferating
TTCTTGACAGGTTCAT,mucous
TTCTTGATCTTAAGGC,like
TTGAACGCATTGTACG,mucous
TTGAACGGTAACGATA,mucous
TTGAACGGTGAATAAC,mucous
TTGAACGGTGACTCTA,stress
TTGACCCAGCAACCAG,Proliferating
TTGACCCAGCATACTC,like
TTGACCCAGCTGACAG,Proliferating
TTGACCCAGTGCAGCA,mucous
TTGACCCGTAGTCTTG,Proliferating
TTGACCCGTGTGCTTA,mucous
TTGAGTGAGCATGATA,mucous
TTGAGTGCACCCAATA,Proliferating
TTGATGGCATCATTGG,mucous
TTGATGGTCTGGGCCA,Proliferating
TTGCCTGCAGCAAGAC,Proliferating
TTGCCTGGTCGTCATA,quality
TTGCGTCAGTCACAGG,mucous
TTGCGTCCAAACTGCT,Proliferating
TTGCGTCCAGTGCCTG,mucous
TTGCGTCGTTCAATCG,mucous
TTGCGTCTCTGTCTCG,Proliferating
TTGCTGCAGTATTAGG,stress
TTGCTGCCACTGGATT,mucous
TTGCTGCGTCGTGATT,mucous
TTGCTGCTCAAAGAAC,mucous
TTGCTGCTCCTCTCGA,Proliferating
TTGGATGAGAAACTGT,mucous
TTGGATGAGGTTCTTG,quality
TTGGATGCAACCCTCT,quality
TTGGATGGTGAATAAC,mucous
TTGGATGGTGTCGCTG,mucous
TTGGATGGTTGGAGAC,mucous
TTGGATGTCGACATAC,like
TTGGGATAGAGTTGAT,mucous
TTGGGATAGGGCAGAG,Proliferating
TTGGGATAGTTAACAG,Proliferating
TTGGGATCACCTGAAT,like
TTGGGATTCAGACAAA,mucous
TTGGGATTCCACGTAA,mucous
TTGGGCGAGTCCCGGT,mucous
TTGGGCGAGTGTGTTC,mucous
TTGGGCGCACCCTAAA,mucous
TTGGGCGCAGGACGAT,like
TTGGGCGCAGGTCTCG,mucous
TTGGGCGGTAGTCACT,Proliferating
TTGGGCGGTTGTGTTG,like
TTGGGTAAGAATCCCT,mucous
TTGGGTAGTCTTGCGG,mucous
TTGGGTATCAAGCTGT,Proliferating
TTGGGTATCACTGGTA,stress
TTGGGTATCGATGCAT,mucous
TTGGTTTAGAAGCGGG,Proliferating
TTGGTTTCACCACTGG,mucous
TTGGTTTCAGCACGAA,mucous
TTGTGGAAGACTAAGT,like
TTGTGGAAGATCCCAT,Proliferating
TTGTGGACAATCTCGA,like
TTGTGGAGTAAGTTGA,mucous
TTGTGGATCATGCATG,Proliferating
TTGTGGATCGGAATTC,mucous
TTGTGGATCTAACGGT,mucous
TTGTGTTAGCCTATTG,Proliferating
TTGTGTTAGCGATCGA,quality
TTGTGTTAGGTAGACC,Proliferating
TTGTGTTGTAACTTCG,mucous
TTGTGTTGTCTTGTCC,mucous
TTGTGTTGTGTTAGCT,mucous
TTGTGTTTCACCATCC,stress
TTGTGTTTCACCTGGG,mucous
TTGTGTTTCTCGAGTA,like
TTGTTCAAGAGATTCA,Proliferating
TTGTTCACAAGTGTCT,like
TTGTTCACACATTGTG,like
TTGTTCAGTAGGGTAC,stress
TTGTTCATCCTTGACC,mucous
TTGTTTGAGCGCCTTG,Proliferating
TTGTTTGGTCCACATA,like
TTGTTTGGTTCGTGCG,quality
TTGTTTGTCCGCAGTG,mucous
TTGTTTGTCCGTCCTA,mucous
TTGTTTGTCTACGGGC,Proliferating
TTTACCACAATCGCGC,like
TTTACCACAGAAGCTG,mucous
TTTACCATCGCAGTCG,mucous
TTTACGTCAACGCCCA,stress
TTTACTGTCTTACCAT,mucous
TTTAGTCGTACGTGAG,mucous
TTTAGTCGTGAAGCGT,mucous
TTTAGTCGTTGTGCCG,Proliferating
TTTATGCAGACCAGAC,mucous
TTTATGCAGACTCTTG,mucous
TTTATGCAGTATAACG,quality
TTTATGCAGTCAGGGT,mucous
TTTATGCCACGGCCAT,quality
TTTATGCGTATGAGAT,mucous
TTTCACAGTACGATGG,quality
TTTCACAGTCAACACT,mucous
TTTCAGTAGGCACGAT,mucous
TTTCAGTAGTCGAAGC,mucous
TTTCAGTGTAATTGGA,mucous
TTTCAGTGTGCACAAG,quality
TTTCAGTGTTTGGGTT,Proliferating
TTTCAGTTCCAGTTCC,stress
TTTCAGTTCGCCTTGT,mucous
TTTCATGAGGGCAACT,mucous
TTTCATGAGTGAGCCA,mucous
TTTCATGCACGAGAAC,like
TTTCATGCAGCATCTA,mucous
TTTCATGGTGCAGTGA,Endocrine
TTTCATGGTGGCTGCT,quality
TTTCCTCAGTGCACCC,mucous
TTTCCTCGTAACACGG,Proliferating
TTTCCTCGTGTAAACA,quality
TTTCCTCTCAATGTCG,Proliferating
TTTGACTGTATGTCAC,like
TTTGACTGTGGTAACG,mucous
TTTGACTGTTAGAGAT,Proliferating
TTTGACTTCACCCATC,quality
TTTGACTTCCATACTT,quality
TTTGACTTCGCAGAGA,stress
TTTGACTTCTCGTCGT,quality
TTTGATCAGAGACAAG,mucous
TTTGATCAGCAGCAGT,Proliferating
TTTGATCAGTCGGCCT,like
TTTGATCGTCTCCTGT,stress
TTTGATCGTGTCCATA,mucous
TTTGATCGTTACCTGA,mucous
TTTGGAGAGCATGATA,mucous
TTTGGAGAGGAACTCG,Proliferating
TTTGGAGAGTTGTCGT,like
TTTGGTTCAGTTTCGA,Proliferating
TTTGGTTGTATGCTTG,mucous
TTTGGTTTCGCAATGT,Proliferating
TTTGTTGAGCGTGCTC,mucous
TTTGTTGCACCCATAA,mucous
TTTGTTGTCATCACAG,mucous
AAACCCAAGACTCTTG.1,stress
AAACCCAAGAGGTCAC.1,epithelial
AAACCCAAGGTACCTT.1,quality
AAACCCAGTAATCAAG.1,like
AAACCCAGTCGATTTG.1,stress
AAACCCAGTTAAGGAT.1,quality
AAACCCATCATCTGTT.1,mucous
AAACGAAAGAGAAGGT.1,epithelial
AAACGAAAGAGTCTTC.1,quality
AAACGAACAAGTATAG.1,epithelial
AAACGAACAGGAGGAG.1,Proliferating
AAACGAAGTATCAGCT.1,like
AAACGAAGTCTGGTTA.1,epithelial
AAACGAATCCACACCT.1,mucous
AAACGAATCGATGCTA.1,quality
AAACGCTCACGCTGTG.1,epithelial
AAACGCTGTAGATTAG.1,like
AAACGCTTCCACCTGT.1,quality
AAACGCTTCCATGCAA.1,epithelial
AAAGAACGTCATCTAG.1,epithelial
AAAGAACGTCCATCTC.1,Endocrine
AAAGAACTCGCTGATA.1,like
AAAGGATAGGCTCCCA.1,like
AAAGGATAGTTCGGTT.1,quality
AAAGGATCAATCGCAT.1,stress
AAAGGATGTCTCTCAC.1,epithelial
AAAGGATTCACCTGTC.1,quality
AAAGGATTCACTTTGT.1,epithelial
AAAGGATTCATTGTTC.1,quality
AAAGGGCAGGACACTG.1,quality
AAAGGGCCACCTAAAC.1,mucous
AAAGGGCCATACCGTA.1,mucous
AAAGGGCGTGTTCATG.1,quality
AAAGGTAAGACTTCAC.1,mucous
AAAGGTAAGATTACCC.1,mucous
AAAGGTAAGTGAGGTC.1,quality
AAAGGTACATGACTAC.1,epithelial
AAAGGTAGTAGAGGAA.1,like
AAAGGTAGTATTTCGG.1,stress
AAAGGTAGTCGGCACT.1,like
AAAGGTATCACGTCCT.1,epithelial
AAAGGTATCATTGAGC.1,mucous
AAAGTCCCACGGCGTT.1,mucous
AAAGTCCGTTCAGCTA.1,mucous
AAAGTCCTCCACGTCT.1,epithelial
AAAGTGAAGCAAATGT.1,epithelial
AAAGTGAAGCTTAGTC.1,stress
AAAGTGACACACCTTC.1,mucous
AAAGTGACAGACCAGA.1,quality
AAAGTGACAGCGGTCT.1,mucous
AAAGTGACATCCTTCG.1,epithelial
AAAGTGACATGATAGA.1,like
AAAGTGAGTTTATGCG.1,epithelial
AAAGTGATCGCCCAGA.1,epithelial
AAATGGAAGTGTAGTA.1,like
AAATGGACACTGATTG.1,stress
AAATGGAGTACGAAAT.1,epithelial
AAATGGAGTCCAGCCA.1,mucous
AAATGGAGTGCTGATT.1,epithelial
AAATGGATCACTAGCA.1,quality
AACAAAGCAATTGCGT.1,like
AACAAAGCAGTCTACA.1,epithelial
AACAAAGGTACTGCCG.1,like
AACAAAGGTTAAGACA.1,epithelial
AACAAAGGTTCTCCAC.1,epithelial
AACAAAGTCGTCAGAT.1,epithelial
AACAAAGTCGTGCATA.1,stress
AACAACCAGCACACAG.1,like
AACAACCAGGGAGTTC.1,stress
AACAACCAGGTTATAG.1,epithelial
AACAACCGTAGTTCCA.1,epithelial
AACAAGAGTAAGCAAT.1,quality
AACAAGATCGTGTGGC.1,like
AACACACAGTGAACAT.1,epithelial
AACACACAGTGGCGAT.1,like
AACACACCAAAGCAAT.1,epithelial
AACACACCACCACATA.1,epithelial
AACACACTCACCTACC.1,like
AACAGGGAGTATCTGC.1,stress
AACAGGGCAGAGTGTG.1,epithelial
AACAGGGGTGATTCAC.1,Proliferating
AACAGGGTCCGCTGTT.1,epithelial
AACAGGGTCGAGAAGC.1,quality
AACAGGGTCGCCGTGA.1,Proliferating
AACCAACCAACACGTT.1,like
AACCAACCAAGACGAC.1,quality
AACCACAAGGAAAGAC.1,epithelial
AACCACAAGTATCCTG.1,mucous
AACCACAAGTTGCTCA.1,quality
AACCACACAAAGGATT.1,epithelial
AACCACACAGGTTACT.1,epithelial
AACCACAGTTGACGGA.1,stress
AACCACAGTTTAGACC.1,like
AACCACATCAGCCTCT.1,like
AACCATGAGATTCGAA.1,mucous
AACCATGCAACATACC.1,epithelial
AACCATGCAGCGTGAA.1,epithelial
AACCATGGTCAGTCCG.1,stress
AACCATGGTCCATAGT.1,like
AACCATGGTGGATGAC.1,stress
AACCATGGTTGTGCAT.1,mucous
AACCCAACAGTTAGGG.1,like
AACCCAACATCAGCGC.1,stress
AACCCAAGTGAGTTGG.1,epithelial
AACCCAATCTCGTCAC.1,epithelial
AACCTGATCCCGATCT.1,like
AACCTGATCGGAGTAG.1,like
AACCTGATCTTACGGA.1,epithelial
AACCTTTGTAACAAGT.1,like
AACCTTTGTGAATGAT.1,like
AACCTTTTCACGACTA.1,stress
AACCTTTTCTTGTTAC.1,like
AACGAAAAGGATTCAA.1,quality
AACGAAACAGCGCGTT.1,like
AACGAAAGTGGACTAG.1,epithelial
AACGAAAGTTACACTG.1,epithelial
AACGAAATCTCTATGT.1,like
AACGGGAAGAATACAC.1,mucous
AACGGGAAGGTCTTTG.1,like
AACGGGACATATGCGT.1,Proliferating
AACGGGAGTCAGACTT.1,epithelial
AACGGGATCGTTCCCA.1,mucous
AACGTCAGTATCGAAA.1,like
AACTTCTAGGGACACT.1,stress
AACTTCTAGGGCCAAT.1,like
AACTTCTCAACATACC.1,quality
AACTTCTGTCCGTTTC.1,mucous
AACTTCTTCATTTCCA.1,mucous
AACTTCTTCTGCATGA.1,epithelial
AAGAACAAGGTAGTAT.1,stress
AAGAACAGTGCAATAA.1,stress
AAGAACATCTGAGGTT.1,epithelial
AAGACAAAGACTGGGT.1,stress
AAGACAAAGGACAAGA.1,quality
AAGACTCCAATTGGTC.1,quality
AAGACTCGTCCCGTGA.1,mucous
AAGACTCTCGTGGCGT.1,quality
AAGATAGAGCACTCCG.1,stress
AAGATAGAGCGTCTGC.1,quality
AAGATAGCAATGAGCG.1,stress
AAGATAGCAGGGATAC.1,stress
AAGATAGCATCTCAAG.1,stress
AAGATAGCATTGACAC.1,mucous
AAGATAGGTTTGGAAA.1,mucous
AAGCATCAGTATGATG.1,like
AAGCATCAGTTTCGAC.1,quality
AAGCATCCAAATGGCG.1,quality
AAGCATCGTTCTGAGT.1,quality
AAGCCATAGAAGCCTG.1,epithelial
AAGCCATCATAACGGG.1,like
AAGCCATCATCCGATA.1,epithelial
AAGCCATGTACAGTTC.1,epithelial
AAGCCATTCACCTCTG.1,Endocrine
AAGCCATTCCAAGAGG.1,Endocrine
AAGCGAGAGCAACAAT.1,epithelial
AAGCGAGAGCCGGATA.1,Proliferating
AAGCGAGGTGCTGTCG.1,quality
AAGCGAGGTTGGGTAG.1,stress
AAGCGTTAGGCACAAC.1,like
AAGCGTTCAAGCACAG.1,like
AAGCGTTCACTACGGC.1,epithelial
AAGGAATAGCAGGCAT.1,mucous
AAGGAATCAAGCAGGT.1,quality
AAGGAATCACCAAATC.1,epithelial
AAGGAATCACGAAAGC.1,like
AAGGAATCATACTGAC.1,epithelial
AAGGAATGTTAGTTCG.1,Proliferating
AAGGAATGTTTCGCTC.1,stress
AAGGTAAAGTCTAGAA.1,like
AAGGTAACAAGAGGCT.1,epithelial
AAGGTAAGTCAAAGTA.1,like
AAGGTAAGTCACATTG.1,epithelial
AAGGTAAGTCCTGTCT.1,like
AAGGTAATCAAGATAG.1,stress
AAGGTAATCTACCTTA.1,Endocrine
AAGTACCAGCATTGTC.1,epithelial
AAGTACCCACACCTTC.1,epithelial
AAGTACCGTACCGGCT.1,mucous
AAGTACCGTTAAGAAC.1,like
AAGTACCTCCTTCTTC.1,quality
AAGTCGTAGAATCGAT.1,epithelial
AAGTCGTAGCTAAACA.1,like
AAGTCGTGTGGCAACA.1,like
AAGTCGTTCCGCACTT.1,stress
AAGTCGTTCTCGGTCT.1,like
AAGTCGTTCTTGAGCA.1,quality
AAGTGAAAGTGTTGAA.1,epithelial
AAGTGAACACCGCTGA.1,quality
AAGTGAATCATGCATG.1,Proliferating
AAGTTCGAGGACAGCT.1,mucous
AAGTTCGCAAGAAATC.1,mucous
AAGTTCGCACCTGAAT.1,epithelial
AAGTTCGGTCGACGCT.1,mucous
AAGTTCGTCCGATAAC.1,quality
AATAGAGAGGCGAAGG.1,mucous
AATAGAGCACTTGGGC.1,like
AATAGAGCAGTTGCGC.1,like
AATAGAGCATCGTTCC.1,mucous
AATAGAGGTAGGACCA.1,mucous
AATCACGAGCGTCGAA.1,like
AATCACGAGGTAGCCA.1,epithelial
AATCACGCAGCTGGTC.1,mucous
AATCGACAGAGAGCCT.1,quality
AATCGACAGCCACTCG.1,mucous
AATCGACGTCTGTCCT.1,Proliferating
AATCGACGTCTTGAAC.1,epithelial
AATCGACGTGCTGCAC.1,quality
AATCGACGTGGATCGA.1,like
AATCGACTCTGCGGAC.1,quality
AATCGTGAGTCCGCCA.1,epithelial
AATCGTGCAGGAACCA.1,quality
AATCGTGGTAACTAAG.1,epithelial
AATCGTGGTGCCGTAC.1,epithelial
AATCGTGTCACACCCT.1,like
AATGAAGAGCAAGTGC.1,like
AATGAAGAGGCCTAAG.1,epithelial
AATGAAGCAACTCATG.1,like
AATGAAGCACAGACGA.1,quality
AATGAAGGTTCAAGGG.1,epithelial
AATGAAGTCATCCTGC.1,like
AATGAAGTCGTTCTGC.1,epithelial
AATGAAGTCTCTTAAC.1,mucous
AATGACCAGCTACTGT.1,epithelial
AATGACCCAAACAGGC.1,stress
AATGACCCAACACGAG.1,like
AATGACCCAGGAATAT.1,epithelial
AATGACCGTAACATGA.1,quality
AATGACCGTAATACCC.1,Proliferating
AATGACCGTAGGCAAC.1,stress
AATGACCTCAAGAAAC.1,epithelial
AATGACCTCAGGGATG.1,epithelial
AATGCCACAGATGCGA.1,quality
AATGCCACATCTCATT.1,stress
AATGCCATCAGAGTGG.1,like
AATGCCATCCTCAGAA.1,stress
AATGGAAAGCCTGACC.1,epithelial
AATGGAACACCCTATC.1,Proliferating
AATGGAATCCCAGGAC.1,mucous
AATGGCTAGTGTGTTC.1,quality
AATGGCTCATGACTTG.1,like
AATGGCTCATGTAACC.1,stress
AATGGCTGTTCCAAAC.1,epithelial
AATGGCTGTTGCATCA.1,like
AATGGCTTCGGTCGAC.1,stress
AATTCCTGTTAGGGTG.1,quality
AATTCCTTCACTACGA.1,like
AATTCCTTCAGACAAA.1,quality
AATTCCTTCCAGCTCT.1,like
AATTCCTTCGAACCAT.1,epithelial
AATTTCCAGCCTCGTG.1,mucous
AATTTCCAGGCACTAG.1,mucous
AATTTCCCATCACCAA.1,like
AATTTCCGTATGCTTG.1,like
AATTTCCGTGTATTGC.1,mucous
AATTTCCTCCAGTACA.1,mucous
AATTTCCTCCCATAAG.1,mucous
AATTTCCTCCGAGGCT.1,like
ACAAAGAAGGATGCGT.1,Endocrine
ACAAAGAAGGCGTTAG.1,stress
ACAAAGAAGTGAGCCA.1,quality
ACAAAGACAAGATGGC.1,epithelial
ACAAAGACAGGTTCAT.1,Proliferating
ACAAAGATCACATTGG.1,Proliferating
ACAAAGATCCAAGCTA.1,epithelial
ACAAAGATCCCGAGAC.1,quality
ACAACCAGTACTCGAT.1,quality
ACAACCATCGATACGT.1,quality
ACAACCATCGGCTGAC.1,epithelial
ACAAGCTGTACAGAGC.1,epithelial
ACAAGCTGTAGTCACT.1,like
ACAAGCTGTATAGGAT.1,like
ACAAGCTTCATCACCC.1,mucous
ACACAGTAGCGGTAAC.1,like
ACACAGTAGTATGAGT.1,epithelial
ACACAGTCAACAGCCC.1,epithelial
ACACAGTCACTAGTAC.1,like
ACACAGTGTGAATTGA.1,stress
ACACAGTGTTGTCTAG.1,Immune
ACACAGTTCTGTTCAT.1,mucous
ACACCAAAGCTTCTAG.1,mucous
ACACCAAAGGAATCGC.1,stress
ACACCAACAGACATCT.1,mucous
ACACCAACATCCGGCA.1,quality
ACACCAAGTCATAACC.1,like
ACACCAAGTGTATTCG.1,epithelial
ACACCAATCAGGACAG.1,stress
ACACCAATCATCAGTG.1,quality
ACACGCGAGGGACCAT.1,Proliferating
ACACGCGAGGGATCAC.1,epithelial
ACACGCGCATCTAACG.1,mucous
ACACGCGGTAGACTGG.1,like
ACACGCGGTAGAGCTG.1,stress
ACACGCGTCACTTTGT.1,epithelial
ACACGCGTCCGGCAAC.1,quality
ACACGCGTCGAGAGAC.1,epithelial
ACACGCGTCGTTCTCG.1,quality
ACACTGAAGATACAGT.1,epithelial
ACACTGAAGCCTCTGG.1,mucous
ACACTGAAGCGCCTAC.1,mucous
ACACTGACACTGCTTC.1,epithelial
ACACTGATCACCATCC.1,stress
ACACTGATCGCTCATC.1,mucous
ACAGAAAAGTCAGCCC.1,epithelial
ACAGAAAGTACGACAG.1,quality
ACAGAAATCAGGAAGC.1,Proliferating
ACAGCCGAGACCTCAT.1,epithelial
ACAGCCGAGCTACTGT.1,Proliferating
ACAGCCGAGGTATAGT.1,epithelial
ACAGCCGCAATGTGGG.1,like
ACAGCCGGTGCACATT.1,epithelial
ACAGCCGTCGACATTG.1,stress
ACAGCCGTCGCCGAAC.1,like
ACAGGGAAGACGGTTG.1,like
ACAGGGAAGTAGTCCT.1,epithelial
ACAGGGACAAACTAGA.1,epithelial
ACAGGGACACGCGCTA.1,like
ACAGGGAGTAGGACTG.1,quality
ACAGGGAGTTCAAGTC.1,epithelial
ACAGGGATCCAACCGG.1,epithelial
ACAGGGATCCAAGGGA.1,epithelial
ACAGGGATCCCAGCGA.1,epithelial
ACAGGGATCGAACCAT.1,like
ACAGGGATCTAAGCGT.1,quality
ACATCCCCACGTTGGC.1,like
ACATCCCCAGCGACCT.1,quality
ACATCCCGTTAGGCCC.1,like
ACATCCCTCTGCCCTA.1,mucous
ACATCCCTCTTTCAGT.1,mucous
ACATCGAAGGGCCAAT.1,epithelial
ACATCGACAACACAAA.1,Proliferating
ACATCGAGTAGAATAC.1,stress
ACATCGAGTGACCGAA.1,mucous
ACATCGATCTTAATCC.1,Proliferating
ACATGCAAGCACTCGC.1,epithelial
ACATGCACAGAAGTGC.1,like
ACATGCAGTCTTGAGT.1,epithelial
ACATGCATCGAAATCC.1,like
ACATGCATCTAGCCTC.1,epithelial
ACATTTCCAAGAGTAT.1,mucous
ACATTTCGTCTAGGCC.1,mucous
ACATTTCGTGAGATAT.1,like
ACATTTCGTTGCGGCT.1,like
ACATTTCTCTTCACAT.1,like
ACCAAACTCTCTGAGA.1,Proliferating
ACCAACAAGCGTATAA.1,quality
ACCAACACATGCCATA.1,epithelial
ACCAACAGTTAAGTCC.1,Proliferating
ACCAACAGTTGCATTG.1,mucous
ACCAACATCATTCCTA.1,epithelial
ACCAACATCTCCTACG.1,epithelial
ACCACAAAGAAACCAT.1,quality
ACCACAAAGAGGCGTT.1,epithelial
ACCACAAAGATCCAAA.1,stress
ACCACAACAGTGTGCC.1,mucous
ACCACAAGTCATCAGT.1,mucous
ACCACAAGTGAGACCA.1,epithelial
ACCACAATCATTCATC.1,epithelial
ACCATTTAGTCAAGCG.1,epithelial
ACCATTTAGTTGCGCC.1,like
ACCATTTCAAGCACCC.1,like
ACCATTTCACTAACGT.1,mucous
ACCATTTCATGGCTGC.1,mucous
ACCATTTGTGATCGTT.1,epithelial
ACCATTTGTGGGCTTC.1,quality
ACCATTTTCATAGCAC.1,mucous
ACCATTTTCTAGAACC.1,epithelial
ACCCAAACACTGGAAG.1,like
ACCCAAATCCCGAAAT.1,mucous
ACCCAAATCCGAGAAG.1,like
ACCCAAATCGGTGCAC.1,quality
ACCCTCAAGCGCAATG.1,quality
ACCCTCAAGTAGACAT.1,stress
ACCCTCAGTGATACAA.1,like
ACCCTCATCGAACCAT.1,mucous
ACCCTCATCGAATGCT.1,quality
ACCCTCATCGAGCCAC.1,quality
ACCCTCATCGCGTGCA.1,epithelial
ACCCTTGAGAAGTCAT.1,mucous
ACCCTTGAGCCGGAAT.1,Proliferating
ACCCTTGAGGGCTTCC.1,like
ACCCTTGCAAAGGCAC.1,stress
ACCCTTGCAGTTCCAA.1,epithelial
ACCCTTGCATTAAAGG.1,stress
ACCCTTGGTGTCATCA.1,stress
ACCGTTCAGACGTCGA.1,mucous
ACCGTTCCAGAAATTG.1,quality
ACCGTTCCAGGCTCTG.1,epithelial
ACCGTTCCATCACAGT.1,like
ACCGTTCTCGAACCTA.1,like
ACCTACCTCTCCGAAA.1,like
ACCTGAAAGAGGTTAT.1,epithelial
ACCTGAAAGCATTGAA.1,mucous
ACCTGAAAGTATTAGG.1,stress
ACCTGAACAGTCTGGC.1,stress
ACCTGAAGTAGGCAGT.1,like
ACCTGAAGTCGCATCG.1,like
ACCTGAAGTTATAGAG.1,quality
ACCTGTCAGAGATTCA.1,mucous
ACCTGTCAGGGTATAT.1,quality
ACCTGTCCATGGCCCA.1,epithelial
ACCTGTCGTAACTGCT.1,quality
ACCTGTCGTGCCTAAT.1,epithelial
ACCTGTCTCCTTATAC.1,stress
ACCTGTCTCTTAGTTC.1,epithelial
ACGATCAAGGAACTAT.1,mucous
ACGATCACAATGAACA.1,quality
ACGATCAGTTAGGCTT.1,epithelial
ACGATCATCTCCTGAC.1,stress
ACGATCATCTGACGCG.1,Endocrine
ACGATGTAGAACTGAT.1,epithelial
ACGATGTAGCATGCGA.1,mucous
ACGATGTAGCGGTAGT.1,mucous
ACGATGTAGGCCTAGA.1,Proliferating
ACGATGTGTCGAAGCA.1,like
ACGCACGCACCAAAGG.1,like
ACGCACGCATGGAGAC.1,epithelial
ACGCACGGTTTCGGCG.1,like
ACGCACGTCCTACCGT.1,quality
ACGCACGTCTCGACGG.1,quality
ACGCACGTCTGAGAGG.1,epithelial
ACGCACGTCTTCTAAC.1,like
ACGGAAGTCATAGGCT.1,like
ACGGGTCAGGTGCGAT.1,quality
ACGGGTCAGTCATACC.1,like
ACGGGTCCATTGACTG.1,epithelial
ACGGGTCGTAACTGCT.1,quality
ACGGGTCTCTCCTACG.1,like
ACGGTCGAGACTAAGT.1,epithelial
ACGGTCGAGCTAGAGC.1,like
ACGGTCGCATCACCAA.1,stress
ACGGTCGGTCGCTGCA.1,epithelial
ACGGTTAAGATTGAGT.1,stress
ACGGTTAGTCCTTTGC.1,quality
ACGGTTAGTGACTGTT.1,mucous
ACGGTTAGTTCTCGTC.1,like
ACGGTTAGTTGCAAGG.1,epithelial
ACGGTTATCAGCCTTC.1,mucous
ACGGTTATCTCTGGTC.1,epithelial
ACGTAACAGACCCGCT.1,stress
ACGTAACAGAGTCACG.1,stress
ACGTAACGTTGTGTAC.1,like
ACGTAACTCAAATAGG.1,quality
ACGTAACTCGGACGTC.1,mucous
ACGTACAAGCCGTAAG.1,quality
ACGTACAAGGATGAGA.1,epithelial
ACGTACAAGTGCGACA.1,Proliferating
ACGTACAAGTTCCATG.1,epithelial
ACGTACAGTACAGAAT.1,epithelial
ACGTACAGTCCTACGG.1,mucous
ACGTACATCAAGTGTC.1,quality
ACGTACATCCCTTGGT.1,mucous
ACGTAGTAGGCTCACC.1,mucous
ACGTAGTCATGAATCC.1,like
ACGTAGTGTGCATGTT.1,epithelial
ACGTAGTTCCGTGTGG.1,epithelial
ACGTAGTTCGTAATGC.1,stress
ACGTCCTAGGCCTTGC.1,like
ACGTCCTAGGGTTTCT.1,like
ACGTCCTAGGTATAGT.1,mucous
ACGTCCTCACGAGGTA.1,epithelial
ACGTCCTTCAAGATAG.1,like
ACGTCCTTCATGAGAA.1,quality
ACGTTCCGTATCAGGG.1,quality
ACGTTCCGTTTCACTT.1,like
ACGTTCCTCGCTTACC.1,epithelial
ACGTTCCTCGTTCGCT.1,quality
ACTACGAAGGTTATAG.1,epithelial
ACTACGACAAACGGCA.1,mucous
ACTACGAGTACCAATC.1,like
ACTACGAGTTGCCGCA.1,mucous
ACTACGATCGGAATTC.1,stress
ACTACGATCGTGGGTC.1,epithelial
ACTATCTCACTAGGCC.1,like
ACTATCTCAGCACACC.1,like
ACTATCTGTCCCGTGA.1,like
ACTATCTTCATCCTGC.1,mucous
ACTATGGAGCCAAGCA.1,epithelial
ACTATGGAGTACTGGG.1,mucous
ACTATGGAGTTGGGAC.1,epithelial
ACTATGGCACGTCGGT.1,like
ACTATGGTCACCTTAT.1,epithelial
ACTATTCAGCCTGAGA.1,stress
ACTATTCAGCGGTAAC.1,like
ACTATTCCACAGACGA.1,epithelial
ACTATTCGTGGCTCTG.1,epithelial
ACTATTCTCGACATCA.1,mucous
ACTATTCTCTCCAAGA.1,stress
ACTCCCAAGAAACTCA.1,like
ACTCCCACATCGTGCG.1,epithelial
ACTCCCAGTTGGCCGT.1,Proliferating
ACTCCCATCAGCGTCG.1,like
ACTGATGAGAAGAGCA.1,epithelial
ACTGATGAGGTAGATT.1,like
ACTGATGCATCGGAGA.1,like
ACTGATGGTACTGACT.1,like
ACTGATGGTATTGGCT.1,epithelial
ACTGATGGTCGCACAC.1,like
ACTGATGGTGGATCGA.1,epithelial
ACTGATGTCAGGACGA.1,stress
ACTGATGTCATGCAGT.1,like
ACTGATGTCGGCATCG.1,like
ACTGCAACATCTCATT.1,mucous
ACTGCAAGTCGCACAC.1,epithelial
ACTGCAAGTGTAGCAG.1,quality
ACTGCAAGTTGGAGGT.1,epithelial
ACTGCAATCGCGTTTC.1,epithelial
ACTGTCCAGGTCCCGT.1,epithelial
ACTGTCCAGTGCAAAT.1,epithelial
ACTGTCCCACTATCCC.1,epithelial
ACTGTCCCATGAGAAT.1,stress
ACTGTCCGTACCAATC.1,like
ACTGTCCGTCACCACG.1,mucous
ACTGTCCTCGTGGCGT.1,stress
ACTGTGAAGCTGTGCC.1,quality
ACTGTGAGTAGACGGT.1,stress
ACTGTGAGTCGTCGGT.1,stress
ACTGTGAGTTACCCTC.1,quality
ACTGTGATCACTGAAC.1,mucous
ACTGTGATCGCTTGCT.1,stress
ACTTAGGAGCATTGTC.1,mucous
ACTTAGGTCACTGTTT.1,quality
ACTTAGGTCCAATCTT.1,epithelial
ACTTAGGTCGGTAACT.1,epithelial
ACTTAGGTCTTCGATT.1,epithelial
ACTTATCAGAGAGAAC.1,epithelial
ACTTATCAGTCAGAGC.1,quality
ACTTATCTCTGGCTGG.1,epithelial
ACTTCCGTCCGAGGCT.1,mucous
ACTTCGCAGATGGCGT.1,like
ACTTCGCCAACTTGCA.1,epithelial
ACTTCGCGTACACTCA.1,stress
ACTTCGCGTAGCGTTT.1,stress
ACTTTCAAGAAGCCAC.1,epithelial
ACTTTCAAGTACAGAT.1,mucous
ACTTTCACACATTCGA.1,mucous
ACTTTCACACCATAAC.1,quality
ACTTTGTAGACTCCGC.1,mucous
ACTTTGTCAATACCTG.1,mucous
ACTTTGTCAGACCTAT.1,epithelial
ACTTTGTGTAGGTGCA.1,like
ACTTTGTGTCCACACG.1,stress
ACTTTGTGTCGACGCT.1,epithelial
ACTTTGTTCCTTATGT.1,epithelial
ACTTTGTTCGATTGGT.1,epithelial
AGAAATGCACAGGATG.1,stress
AGAAATGTCGCGATCG.1,like
AGAAATGTCTTGGTGA.1,epithelial
AGAACAACAGTAGAAT.1,like
AGAACAATCGATACAC.1,stress
AGAACCTAGCGTTACT.1,quality
AGAACCTAGGTAAGTT.1,like
AGAACCTTCACTTGTT.1,like
AGAAGCGAGAGTCCGA.1,epithelial
AGAAGCGGTATGCGTT.1,epithelial
AGAAGCGTCTATACGG.1,like
AGAAGTACAATGTCAC.1,like
AGAAGTACACTTCAAG.1,like
AGAAGTAGTGCTTATG.1,epithelial
AGAAGTATCGTTATCT.1,like
AGACAAAAGTAGCCAG.1,mucous
AGACAAAAGTGCCAGA.1,epithelial
AGACAAACAATCGAAA.1,quality
AGACAAAGTCATTCCC.1,quality
AGACAAATCCACAGCG.1,quality
AGACACTAGGTAAGAG.1,quality
AGACACTTCAATGTCG.1,epithelial
AGACACTTCCTCGATC.1,stress
AGACACTTCGAGAGCA.1,quality
AGACAGGCAAGAATAC.1,quality
AGACAGGCATAGGCGA.1,mucous
AGACAGGTCCTACGAA.1,like
AGACAGGTCGTGCACG.1,stress
AGACCATAGATCCCGC.1,epithelial
AGACCATAGGATACAT.1,mucous
AGACCATCAAGATGTA.1,stress
AGACCATCACTGTTCC.1,like
AGACCATGTATACCTG.1,like
AGACCATTCACCGCTT.1,epithelial
AGACCATTCACTTGTT.1,like
AGACCATTCGTTACCC.1,epithelial
AGACCATTCTTACCAT.1,like
AGACCCGAGAAATGGG.1,Proliferating
AGACCCGAGGGAACAA.1,quality
AGACCCGCAACCCTCT.1,epithelial
AGACCCGCACACGTGC.1,epithelial
AGACCCGGTCGGTACC.1,quality
AGACCCGTCTGAGATC.1,stress
AGACTCAAGGTACAGC.1,like
AGACTCACAATCGCAT.1,quality
AGACTCACAGCTTCCT.1,stress
AGACTCAGTCAGGTGA.1,like
AGACTCATCGTAACAC.1,epithelial
AGACTCATCTGGGATT.1,like
AGAGAATCACGATTCA.1,epithelial
AGAGAATGTATACCTG.1,stress
AGAGAGCAGAGTACCG.1,epithelial
AGAGAGCAGCACCCAC.1,stress
AGAGAGCGTATTAAGG.1,epithelial
AGAGAGCGTTGACTAC.1,stress
AGAGCAGAGACAGCGT.1,mucous
AGAGCAGCAATAGGAT.1,quality
AGAGCAGGTTTCCCAC.1,like
AGAGCAGTCGGCTTCT.1,like
AGAGCCCCAGAGCTAG.1,epithelial
AGAGCCCTCTACACAG.1,mucous
AGATAGAAGGTAAGTT.1,epithelial
AGATAGAAGTTCTCTT.1,like
AGATAGACACTAACCA.1,quality
AGATAGACATGAAAGT.1,like
AGATAGAGTGTATACC.1,mucous
AGATAGATCGATCCAA.1,epithelial
AGATCCAAGAGCATAT.1,like
AGATCCAAGCAGCACA.1,mucous
AGATCCACAGTTGTCA.1,like
AGATCCAGTGTAAATG.1,like
AGATCCATCGCGATCG.1,stress
AGATCGTGTCGTAATC.1,Proliferating
AGATCGTTCAGGAAGC.1,mucous
AGATGAAAGAGGTCAC.1,epithelial
AGATGAACAATCCTTT.1,mucous
AGATGAACATACTGTG.1,epithelial
AGATGAACATCATTTC.1,epithelial
AGATGAAGTGTCTAAC.1,epithelial
AGATGCTAGTAGCTCT.1,like
AGATGCTCAATGAGCG.1,stress
AGATGCTCATCCGGTG.1,stress
AGATGCTGTGCATCTA.1,like
AGATGCTGTGGGTTGA.1,mucous
AGATGCTTCTCGCCTA.1,mucous
AGCATCAAGACCTTTG.1,quality
AGCATCAAGCAAGTGC.1,quality
AGCATCAAGGTCGTCC.1,epithelial
AGCATCAAGTCATTGC.1,like
AGCATCACAGAACATA.1,like
AGCATCACAGGTTCGC.1,stress
AGCATCACATTGCAAC.1,mucous
AGCATCAGTAACAAGT.1,quality
AGCATCAGTTATCCAG.1,epithelial
AGCATCAGTTTCGACA.1,Proliferating
AGCATCATCCGAACGC.1,stress
AGCCAATAGCCGATTT.1,mucous
AGCCAATAGGGCAATC.1,like
AGCCAATCAGTGCGCT.1,like
AGCCAATGTCGAAGCA.1,stress
AGCCAATGTCTCACAA.1,quality
AGCCAATGTCTTCGAA.1,like
AGCCAATTCAGAGCAG.1,stress
AGCCAATTCGATCCCT.1,like
AGCCAATTCGGCTATA.1,Endocrine
AGCCACGCAACACACT.1,stress
AGCCACGCACCTCGTT.1,like
AGCCACGCATTCTCTA.1,epithelial
AGCCACGGTGTTTGCA.1,epithelial
AGCCAGCAGATGGTCG.1,mucous
AGCCAGCCAATGTTGC.1,epithelial
AGCCAGCGTAGAATGT.1,mucous
AGCCAGCGTTCTCAGA.1,like
AGCCAGCTCGAACGCC.1,mucous
AGCCAGCTCGTGGACC.1,epithelial
AGCGATTAGATGGCAC.1,quality
AGCGATTAGTGGGAAA.1,epithelial
AGCGATTCATGAAGGC.1,mucous
AGCGATTGTCACTTAG.1,like
AGCGATTGTGTGATGG.1,quality
AGCGCCAAGCTCCGAC.1,epithelial
AGCGCCAAGTCCCAAT.1,epithelial
AGCGCCACAACTAGAA.1,like
AGCGCCACAGACCATT.1,mucous
AGCGCCAGTCAGGTGA.1,epithelial
AGCGCCATCTAGCATG.1,quality
AGCGCTGAGATCACCT.1,mucous
AGCGCTGAGCAGTAAT.1,epithelial
AGCGCTGAGCCGAACA.1,epithelial
AGCGCTGGTTCGGTAT.1,quality
AGCGCTGTCCTCCACA.1,like
AGCGCTGTCGTGTGGC.1,epithelial
AGCGTATAGAGAGCAA.1,epithelial
AGCGTATAGCCGTTAT.1,epithelial
AGCGTATAGGACTGGT.1,epithelial
AGCGTATAGTAAGAGG.1,quality
AGCGTCGCAATAGAGT.1,stress
AGCGTCGCAATGTTGC.1,quality
AGCGTCGGTCGTGGTC.1,Endocrine
AGCTACAAGGCTGTAG.1,Proliferating
AGCTACACACGCTGCA.1,quality
AGCTACACACTGGATT.1,quality
AGCTACACATTGCCGG.1,like
AGCTACATCTACTCAT.1,like
AGCTACATCTTCGCTG.1,mucous
AGCTCAAAGGTTAGTA.1,epithelial
AGCTCAAGTCGAAACG.1,epithelial
AGCTCAATCTGGAAGG.1,quality
AGCTTCCAGACCAAAT.1,like
AGCTTCCCACCTGATA.1,quality
AGCTTCCCATTCACCC.1,mucous
AGGAAATAGGTAAGAG.1,quality
AGGAAATCAAGGTTGG.1,epithelial
AGGAAATCAGAACGCA.1,mucous
AGGAAATCATAACCCA.1,like
AGGAAATGTCGATTCA.1,like
AGGAATAAGTCTGCAT.1,epithelial
AGGAATACATCTCAAG.1,epithelial
AGGAATATCCTCAGGG.1,stress
AGGAATATCGAGATAA.1,like
AGGAATATCGAGCCTG.1,like
AGGAATATCGTTGTTT.1,epithelial
AGGACTTAGGATTTAG.1,stress
AGGACTTGTATCGGTT.1,mucous
AGGACTTGTCCGATCG.1,stress
AGGAGGTCAGCGTATT.1,Endocrine
AGGAGGTGTTTCTTAC.1,mucous
AGGAGGTTCGCCACTT.1,epithelial
AGGAGGTTCGGCATAT.1,like
AGGATAAAGCTACAAA.1,mucous
AGGATAAAGTTGCCTA.1,quality
AGGATAACACGCGCAT.1,like
AGGATAATCACGAACT.1,quality
AGGATAATCGCGAAGA.1,mucous
AGGATCTAGACGACGT.1,like
AGGATCTCACGACTAT.1,like
AGGATCTCAGGAGGAG.1,mucous
AGGATCTCATGATCTG.1,epithelial
AGGATCTGTATCTCGA.1,Proliferating
AGGATCTGTGGGCTTC.1,epithelial
AGGATCTTCGAGCCAC.1,epithelial
AGGATCTTCTGCATGA.1,mucous
AGGCATTCAAACTAAG.1,like
AGGCATTCACTAGGCC.1,epithelial
AGGCATTGTGACCGAA.1,stress
AGGCATTGTGTCCAAT.1,mucous
AGGCATTTCAGTCCGG.1,mucous
AGGCATTTCGTAGTCA.1,like
AGGCCACAGCGAGGAG.1,epithelial
AGGCCACAGTTGGGAC.1,epithelial
AGGCCACCACGAGGAT.1,stress
AGGCCACCACGTAGAG.1,like
AGGCTGCCATCGGATT.1,stress
AGGCTGCCATGACAGG.1,epithelial
AGGCTGCGTACAAGTA.1,stress
AGGCTGCGTGGTTTAC.1,stress
AGGCTGCGTTATCCAG.1,stress
AGGCTGCTCATCCCGT.1,epithelial
AGGCTGCTCCGAAATC.1,epithelial
AGGGAGTCAAGTTCCA.1,Endocrine
AGGGAGTGTCAGACTT.1,epithelial
AGGGAGTTCGAGTTGT.1,epithelial
AGGGCCTAGTCAACAA.1,like
AGGGCCTAGTTCGCAT.1,Immune
AGGGCCTCAACTGGTT.1,epithelial
AGGGCCTGTATCGCTA.1,like
AGGGCCTTCATCACAG.1,Proliferating
AGGGCTCGTACTAGCT.1,stress
AGGGCTCGTGCAAGAC.1,like
AGGGCTCGTGCCAAGA.1,Proliferating
AGGGCTCTCACCCTCA.1,mucous
AGGGCTCTCCATTGCC.1,quality
AGGGCTCTCCGCTTAC.1,like
AGGGTCCAGACATCCT.1,epithelial
AGGGTCCAGCCAGAGT.1,Endocrine
AGGGTCCCAAGTGGAC.1,like
AGGGTCCCACCGTACG.1,like
AGGGTCCCACGCAGTC.1,epithelial
AGGGTCCCAGGAAGTC.1,epithelial
AGGGTCCCATGACAAA.1,quality
AGGGTCCTCCGTTGGG.1,like
AGGGTGAAGAGGGTGG.1,epithelial
AGGGTGAAGGGATCTG.1,quality
AGGGTGACAAGCCTGC.1,like
AGGGTGACAAGTTGGG.1,mucous
AGGGTGACAGGTCAAG.1,mucous
AGGGTGAGTGTTCATG.1,epithelial
AGGGTGAGTTAGGCCC.1,quality
AGGGTGATCACTCTTA.1,quality
AGGGTGATCATAGCAC.1,quality
AGGGTTTAGTGCTAGG.1,like
AGGGTTTAGTTCCTGA.1,stress
AGGGTTTCAGCTAACT.1,stress
AGGGTTTCATCTTTCA.1,epithelial
AGGGTTTCATGCCGAC.1,like
AGGGTTTTCCGATCGG.1,quality
AGGTAGGAGGGTGAGG.1,epithelial
AGGTAGGGTACGGGAT.1,epithelial
AGGTAGGGTACGTTCA.1,epithelial
AGGTAGGGTATCTTCT.1,stress
AGGTAGGGTCGCGTCA.1,epithelial
AGGTAGGTCATTGTGG.1,mucous
AGGTAGGTCGATACGT.1,epithelial
AGGTCATAGCGAGTCA.1,like
AGGTCATAGTGCTAGG.1,mucous
AGGTCATAGTGTTGTC.1,like
AGGTCATGTAATACCC.1,like
AGGTCATGTATCGTTG.1,epithelial
AGGTCATGTGAACTAA.1,mucous
AGGTCTAAGCGAGTCA.1,Proliferating
AGGTCTACAAATCAAG.1,epithelial
AGGTCTACAACAAGAT.1,epithelial
AGGTCTACAATCAAGA.1,quality
AGGTCTACAGGTTCGC.1,quality
AGGTCTACATTGCTGA.1,stress
AGGTCTATCCTGTAAG.1,quality
AGGTGTTAGCCTAACT.1,quality
AGGTGTTAGCGGGTTA.1,epithelial
AGGTGTTGTATCTTCT.1,stress
AGGTGTTGTTCTCGCT.1,epithelial
AGGTGTTGTTTAGACC.1,epithelial
AGGTTACAGCTAGCCC.1,epithelial
AGGTTACGTCCGAAGA.1,mucous
AGGTTACTCAATCTTC.1,mucous
AGGTTACTCGTTCTCG.1,epithelial
AGGTTGTCAGGTCAGA.1,Proliferating
AGGTTGTGTCTGTGAT.1,epithelial
AGGTTGTTCTTGAGCA.1,epithelial
AGTAACCAGCCAGACA.1,epithelial
AGTAACCCACTGTCCT.1,epithelial
AGTAACCTCACCTGGG.1,epithelial
AGTAACCTCCGTGACG.1,like
AGTACCAAGATGCAGC.1,epithelial
AGTACCACAAGTGATA.1,like
AGTACCACAATCGCGC.1,like
AGTACTGCAAACAGGC.1,quality
AGTACTGCAATGTCTG.1,epithelial
AGTACTGCATGCAGGA.1,stress
AGTACTGGTATCTCGA.1,quality
AGTACTGGTCCGTACG.1,mucous
AGTACTGGTCTACACA.1,mucous
AGTACTGTCGAGTACT.1,mucous
AGTAGCTAGGGAACAA.1,quality
AGTAGCTCAATCTGCA.1,epithelial
AGTAGCTCATGACTAC.1,like
AGTAGCTTCTTTCTAG.1,mucous
AGTAGTCAGAACAGGA.1,epithelial
AGTAGTCAGCCTAACT.1,stress
AGTAGTCAGGCCTGCT.1,like
AGTAGTCGTGGGTATG.1,epithelial
AGTCAACAGAGAATCT.1,mucous
AGTCAACAGTTTCTTC.1,epithelial
AGTCAACTCAAGCGTT.1,like
AGTCAACTCAGGTAAA.1,mucous
AGTCACACAGTAGGAC.1,epithelial
AGTCACACAGTCGAGA.1,mucous
AGTCACATCTTAGCTT.1,mucous
AGTCATGAGCCGATCC.1,stress
AGTCATGGTAGAAACT.1,mucous
AGTCATGGTCACTCGG.1,quality
AGTCATGTCGCACGAC.1,quality
AGTCTCCCATAACGGG.1,like
AGTCTCCTCAGCGCGT.1,mucous
AGTCTCCTCATTCCTA.1,quality
AGTCTCCTCCTTGAAG.1,epithelial
AGTGACTCAACACAGG.1,epithelial
AGTGACTGTGCTGTCG.1,epithelial
AGTGACTTCCATCTGC.1,stress
AGTGATCCACTACCGG.1,epithelial
AGTGATCGTAGAGTTA.1,like
AGTGATCGTGCAATGG.1,epithelial
AGTGATCTCTGAATGC.1,like
AGTGCCGAGGATATAC.1,like
AGTGCCGCAAACACCT.1,like
AGTGCCGCACGGAAGT.1,epithelial
AGTGCCGCAGTCTTCC.1,stress
AGTGCCGGTACTAGCT.1,quality
AGTGCCGGTTCTATCT.1,epithelial
AGTGCCGGTTCTCTCG.1,epithelial
AGTGCCGTCTCCGCAT.1,epithelial
AGTGCCGTCTTACGTT.1,like
AGTGTTGAGTTGCGCC.1,quality
AGTGTTGGTATCGCAT.1,like
AGTGTTGGTGCCCTTT.1,quality
AGTGTTGGTGTTCGTA.1,quality
AGTGTTGGTTGGTACT.1,like
AGTGTTGGTTTGGCTA.1,mucous
AGTGTTGTCCACAGCG.1,mucous
AGTTAGCAGGACGCTA.1,epithelial
AGTTAGCCAAGCCATT.1,epithelial
AGTTAGCCAGAGGTTG.1,epithelial
AGTTAGCCAGTTGTCA.1,quality
AGTTAGCGTATAATGG.1,like
AGTTCCCAGAAGAGCA.1,like
AGTTCCCAGAGGGCGA.1,epithelial
AGTTCCCAGGCGCTCT.1,like
AGTTCCCCAGACCATT.1,stress
AGTTCCCTCAGACCCG.1,epithelial
AGTTCCCTCGTTGTTT.1,mucous
AGTTCCCTCTTTGCTA.1,epithelial
AGTTCGACACCTGAAT.1,stress
AGTTCGACATCATCCC.1,like
AGTTCGATCGGAGTGA.1,stress
AGTTCGATCGTTAGAC.1,epithelial
ATACCGAAGCAAACAT.1,quality
ATACCGACATTCTTCA.1,quality
ATACCGAGTCTACGAT.1,like
ATACCGAGTTGCTAGT.1,quality
ATACCGAGTTTGCCGG.1,like
ATACCGATCCGACATA.1,mucous
ATACCGATCTCCCATG.1,like
ATACCTTAGTTTGAGA.1,mucous
ATACCTTTCATAAGGA.1,stress
ATACCTTTCGGCTATA.1,like
ATACTTCAGATGCTGG.1,mucous
ATACTTCAGCTCGGCT.1,epithelial
ATACTTCCACCCTAGG.1,Proliferating
ATACTTCCAGTAACGG.1,like
ATACTTCGTCTCGACG.1,like
ATACTTCGTTCATCGA.1,mucous
ATACTTCTCAGAACCT.1,mucous
ATACTTCTCGCTAAAC.1,epithelial
ATAGACCAGTATAGGT.1,stress
ATAGACCCAACTCATG.1,epithelial
ATAGACCCAGAGTAAT.1,mucous
ATAGACCCAGCGAACA.1,Proliferating
ATAGACCCATCCGAAT.1,epithelial
ATAGACCGTTGAGTCT.1,like
ATAGACCTCGCTCCTA.1,like
ATAGAGAAGGCACCAA.1,stress
ATAGAGAAGTCGAGGT.1,epithelial
ATAGAGACAACGGCCT.1,like
ATAGAGACAGGCGATA.1,epithelial
ATAGAGAGTAGTCGTT.1,epithelial
ATAGAGAGTATCCCTC.1,mucous
ATAGAGAGTCCTATAG.1,mucous
ATAGAGATCACTTTGT.1,like
ATAGAGATCGAGTGGA.1,quality
ATAGAGATCGTAGAGG.1,epithelial
ATAGGCTAGTTCCTGA.1,like
ATAGGCTCAATAACCC.1,epithelial
ATAGGCTCATAATGAG.1,epithelial
ATAGGCTGTGACCTGC.1,like
ATAGGCTGTGTGAATA.1,mucous
ATAGGCTTCATTACTC.1,epithelial
ATAGGCTTCGTAACTG.1,like
ATATCCTCATGGAGAC.1,like
ATATCCTGTCAAGGCA.1,stress
ATATCCTTCCATTTGT.1,epithelial
ATATCCTTCCCGTTGT.1,stress
ATCACAGCAGAACGCA.1,epithelial
ATCACAGGTACATACC.1,quality
ATCACAGTCCGAGAAG.1,epithelial
ATCACGAAGCTAATGA.1,quality
ATCACGAAGTATTCCG.1,stress
ATCACGACAGTGTACT.1,epithelial
ATCACGAGTCAACCTA.1,epithelial
ATCACGAGTTGTTGAC.1,Proliferating
ATCACGATCAAATGCC.1,stress
ATCACTTAGGGAGTGG.1,quality
ATCACTTAGTAATTGG.1,like
ATCACTTCACTAACGT.1,quality
ATCACTTCATCGTTCC.1,stress
ATCACTTTCAGCCTCT.1,epithelial
ATCACTTTCAGTCTTT.1,like
ATCACTTTCTGCGTCT.1,quality
ATCAGGTAGAGGGTCT.1,quality
ATCAGGTAGGTTCCGC.1,Proliferating
ATCAGGTCAAATGCGG.1,quality
ATCAGGTCAATCCAGT.1,like
ATCAGGTCACCAGTTA.1,stress
ATCAGGTCAGAGAAAG.1,like
ATCAGGTCATCAGCAT.1,mucous
ATCATTCAGAAAGCGA.1,epithelial
ATCATTCAGTCGGGAT.1,stress
ATCATTCCACCTTCGT.1,epithelial
ATCATTCCATGCCGAC.1,epithelial
ATCATTCGTTCGGACC.1,like
ATCATTCTCAACACGT.1,mucous
ATCATTCTCAGCAATC.1,quality
ATCATTCTCCACTGGG.1,epithelial
ATCCACCAGATGATTG.1,Proliferating
ATCCACCGTCCGAAGA.1,mucous
ATCCACCGTCGTCAGC.1,mucous
ATCCACCTCACGATAC.1,stress
ATCCACCTCCAACCAA.1,like
ATCCACCTCGGACAAG.1,like
ATCCATTCAACTGTGT.1,like
ATCCATTCACCGTCTT.1,mucous
ATCCATTTCAGCTCTC.1,quality
ATCCATTTCTGGGAGA.1,quality
ATCCCTGAGCCTGCCA.1,epithelial
ATCCCTGAGGGCCTCT.1,mucous
ATCCCTGCAATACCCA.1,quality
ATCCCTGCACGAGGTA.1,stress
ATCCCTGGTTTCGCTC.1,mucous
ATCCCTGTCGGAGTAG.1,like
ATCCCTGTCTGCGGAC.1,like
ATCCGTCAGGAATGTT.1,quality
ATCCGTCCAAGTGATA.1,epithelial
ATCCGTCGTCGGATTT.1,mucous
ATCCGTCGTTCTAACG.1,mucous
ATCCGTCTCAGCGGAA.1,quality
ATCCGTCTCCGCGATG.1,epithelial
ATCCTATAGCTCGGCT.1,like
ATCCTATAGTAACAGT.1,like
ATCCTATGTCCTGTTC.1,like
ATCGATGAGCACTTTG.1,like
ATCGATGAGTAGTCAA.1,like
ATCGATGCATCCGAGC.1,quality
ATCGATGGTAGAGATT.1,like
ATCGATGGTCGCTCGA.1,mucous
ATCGATGGTTCCTAGA.1,mucous
ATCGATGGTTGCTCAA.1,epithelial
ATCGATGTCTAATTCC.1,like
ATCGCCTAGATAGTCA.1,mucous
ATCGCCTAGCCGATAG.1,mucous
ATCGCCTAGCTAGAGC.1,epithelial
ATCGCCTAGGCCATAG.1,epithelial
ATCGCCTAGTGCCGAA.1,stress
ATCGCCTCACAAGCTT.1,quality
ATCGCCTCACATATGC.1,like
ATCGCCTGTATCTCGA.1,stress
ATCGCCTGTGCTAGCC.1,quality
ATCGCCTTCGAACACT.1,epithelial
ATCGGATCATTCTTCA.1,quality
ATCGGCGAGCCGATCC.1,quality
ATCGGCGCAGACCAGA.1,epithelial
ATCGGCGGTAGCGTTT.1,mucous
ATCGGCGGTCCACTCT.1,epithelial
ATCGGCGGTCGTGTTA.1,stress
ATCGGCGGTGAGATAT.1,quality
ATCGGCGGTGCGTTTA.1,mucous
ATCGGCGTCAGGGTAG.1,epithelial
ATCGGCGTCTTCGCTG.1,epithelial
ATCGTAGAGAGACAAG.1,epithelial
ATCGTAGCAGGTCAGA.1,mucous
ATCGTAGGTTCCAAAC.1,mucous
ATCGTAGTCAGACTGT.1,like
ATCGTAGTCAGCTTCC.1,mucous
ATCGTAGTCTGATGGT.1,quality
ATCGTCCAGTGGTCAG.1,like
ATCGTCCGTCCACTCT.1,stress
ATCGTCCGTTCCCACT.1,Proliferating
ATCGTCCTCCCGGTAG.1,epithelial
ATCGTCCTCCCTCTCC.1,like
ATCGTGAAGACGCAGT.1,quality
ATCGTGAAGCTACAAA.1,epithelial
ATCGTGAAGGAAAGTG.1,like
ATCGTGAAGTCTAGCT.1,stress
ATCGTGACAGAGGACT.1,epithelial
ATCGTGATCTTCGGAA.1,quality
ATCTCTAAGACTAAGT.1,quality
ATCTCTAAGTCCTACA.1,like
ATCTCTACAAATACGA.1,like
ATCTCTACAATAGTAG.1,like
ATCTCTAGTCTTGCTC.1,Proliferating
ATCTCTATCTCATGCC.1,like
ATCTTCAAGTAAACTG.1,stress
ATCTTCACAAGGTCTT.1,epithelial
ATCTTCACAATTGTGC.1,Proliferating
ATCTTCACAGGATGAC.1,like
ATCTTCATCACATCAG.1,like
ATCTTCATCCCAGGAC.1,Endocrine
ATCTTCATCTGTAAGC.1,stress
ATGAAAGAGCCGGAAT.1,like
ATGAAAGGTCAGGTAG.1,like
ATGAAAGTCAGAGCAG.1,like
ATGAAAGTCGTCGCTT.1,like
ATGACCAAGCGTGTCC.1,like
ATGACCACATGACTCA.1,mucous
ATGACCAGTATACCTG.1,like
ATGACCAGTGAGTCAG.1,Proliferating
ATGAGGGGTCCCTAAA.1,like
ATGAGGGGTCTTGAAC.1,epithelial
ATGAGGGGTTAGGCCC.1,epithelial
ATGAGGGTCCACGAAT.1,like
ATGAGGGTCTCACTCG.1,quality
ATGAGGGTCTTCCCGA.1,Proliferating
ATGAGTCTCACTGAAC.1,epithelial
ATGAGTCTCCGCGATG.1,stress
ATGATCGAGCCATCCG.1,like
ATGATCGAGCTCAGAG.1,epithelial
ATGATCGAGGACAGCT.1,stress
ATGATCGCAACCAGAG.1,like
ATGATCGCAGACATCT.1,quality
ATGATCGGTTACGCCG.1,mucous
ATGATCGTCACCATAG.1,stress
ATGATCGTCAGGAAAT.1,epithelial
ATGCATGAGCATGGGT.1,like
ATGCATGAGTCATAGA.1,like
ATGCATGAGTCTGCAT.1,epithelial
ATGCATGCAAGACGGT.1,stress
ATGCATGCAGCTCCTT.1,like
ATGCATGTCGCTAATG.1,epithelial
ATGCCTCAGTCATCGT.1,epithelial
ATGCCTCCATTGACCA.1,epithelial
ATGCCTCGTGACATCT.1,Immune
ATGCCTCGTGTTCCTC.1,epithelial
ATGCCTCTCCGCTAGG.1,like
ATGCGATAGCAGGCAT.1,quality
ATGCGATAGTCTCGTA.1,quality
ATGCGATCAAGCTGTT.1,epithelial
ATGCGATCAGGCTATT.1,stress
ATGCGATGTCAACGCC.1,epithelial
ATGCGATTCCGAGTGC.1,mucous
ATGCGATTCGCGAAGA.1,stress
ATGGAGGAGGAAAGAC.1,quality
ATGGAGGCAACAGATA.1,epithelial
ATGGAGGGTACGTGTT.1,quality
ATGGAGGTCAAACTGC.1,quality
ATGGAGGTCAAGTGGG.1,epithelial
ATGGAGGTCATGAGTC.1,epithelial
ATGGAGGTCGCAAGAG.1,like
ATGGATCCAACGGGTA.1,mucous
ATGGATCGTTTCGACA.1,mucous
ATGGGAGCAGAGTCTT.1,quality
ATGGGAGGTGACAGCA.1,like
ATGGGAGTCAAGCCTA.1,like
ATGGGTTAGACTTCGT.1,epithelial
ATGGGTTTCAGTCATG.1,mucous
ATGGGTTTCCACCTCA.1,stress
ATGGGTTTCCTCTCTT.1,like
ATGGGTTTCTCGACGG.1,like
ATGGTTGAGGCAGCTA.1,like
ATGGTTGTCCGTCCTA.1,quality
ATGTCCCCAATTTCTC.1,quality
ATGTCCCCACGAGGAT.1,mucous
ATGTCCCTCCGACAGC.1,epithelial
ATGTCTTAGCTGGTGA.1,quality
ATGTCTTGTGTATTCG.1,mucous
ATGTCTTGTTCTTCAT.1,epithelial
ATGTCTTTCTCAACCC.1,like
ATTACCTCACTCAGAT.1,epithelial
ATTACCTCAGTCAGTT.1,quality
ATTACCTGTTCCTTGC.1,quality
ATTACCTTCGCGATCG.1,quality
ATTACTCAGACTTCGT.1,like
ATTACTCAGAGATTCA.1,mucous
ATTACTCCACCCATAA.1,epithelial
ATTACTCCAGAACTCT.1,quality
ATTACTCCAGTTAGAA.1,mucous
ATTACTCCATTACTCT.1,mucous
ATTACTCTCAAACCTG.1,stress
ATTACTCTCCTACGGG.1,mucous
ATTACTCTCCTGTAGA.1,stress
ATTATCCCACAACGAG.1,like
ATTATCCCAGGTGACA.1,epithelial
ATTATCCCATCACGGC.1,mucous
ATTATCCGTATGAGGC.1,epithelial
ATTATCCGTCCGAAAG.1,like
ATTATCCGTGATTAGA.1,epithelial
ATTATCCGTTACCTGA.1,epithelial
ATTATCCTCCTAGCGG.1,Endocrine
ATTATCCTCTTCGTAT.1,like
ATTCACTGTCCTATAG.1,like
ATTCACTGTGCTCGTG.1,Proliferating
ATTCACTTCAAACGTC.1,mucous
ATTCACTTCAAGATAG.1,like
ATTCACTTCATGAGAA.1,mucous
ATTCACTTCGGCTTCT.1,quality
ATTCAGGAGTATAGAC.1,Proliferating
ATTCAGGCAGTTCACA.1,stress
ATTCAGGGTTGTTGTG.1,Endocrine
ATTCAGGTCACTCACC.1,epithelial
ATTCATCCAGCAATTC.1,like
ATTCATCGTCAGACGA.1,like
ATTCATCGTCGATTCA.1,mucous
ATTCATCGTCTGGTTA.1,quality
ATTCATCGTGTTGCCG.1,stress
ATTCCATTCACTCGAA.1,like
ATTCCATTCCCTATTA.1,quality
ATTCCCGCAACCGATT.1,mucous
ATTCCCGGTATGTCAC.1,epithelial
ATTCCCGGTCCAAGAG.1,stress
ATTCCCGGTCCATCTC.1,epithelial
ATTCCCGGTTGCAACT.1,epithelial
ATTCCCGTCGGTGCAC.1,like
ATTCCTAAGGGATGTC.1,mucous
ATTCCTAAGTATGCAA.1,stress
ATTCCTAGTACAGTCT.1,epithelial
ATTCGTTAGCACCAGA.1,like
ATTCGTTAGCTTACGT.1,epithelial
ATTCGTTGTAAGCGGT.1,quality
ATTCTACAGTCTAGAA.1,quality
ATTCTACCACAGCTTA.1,mucous
ATTCTACGTATCTTCT.1,like
ATTCTACTCAGCGTCG.1,mucous
ATTCTACTCGCAGTCG.1,mucous
ATTCTACTCGCGAAGA.1,like
ATTCTTGAGAATTGCA.1,mucous
ATTCTTGAGCATTTGC.1,like
ATTCTTGCAAGTACCT.1,epithelial
ATTGGGTCACACTGGC.1,epithelial
ATTGGGTCACCAGCTG.1,quality
ATTGGGTCATCTCCCA.1,mucous
ATTGGGTGTAGCCAGA.1,Proliferating
ATTGGGTTCATTGTTC.1,epithelial
ATTGTTCAGACCAAGC.1,like
ATTGTTCAGGACAAGA.1,epithelial
ATTGTTCTCACCTTGC.1,epithelial
ATTGTTCTCATAGACC.1,epithelial
ATTGTTCTCTTAGGAC.1,mucous
ATTTACCAGCGTGTTT.1,like
ATTTACCCATGTGGCC.1,stress
ATTTCACAGCCTGCCA.1,mucous
ATTTCACAGCTGGCCT.1,quality
ATTTCACAGCTGTACT.1,Proliferating
ATTTCACAGGTAGGCT.1,like
ATTTCACCAACCGATT.1,quality
ATTTCACGTGCCTTTC.1,epithelial
ATTTCACTCACCGGGT.1,epithelial
ATTTCTGAGTATGCAA.1,quality
ATTTCTGCAACACTAC.1,like
ATTTCTGCAGCAATTC.1,like
ATTTCTGTCATCTGTT.1,like
CAAAGAAAGACGCTCC.1,mucous
CAAAGAAAGTAGATCA.1,epithelial
CAAAGAACACGGGCTT.1,epithelial
CAAAGAACATCCGAAT.1,epithelial
CAAAGAACATGTCTAG.1,epithelial
CAAAGAAGTCTCGGAC.1,epithelial
CAAAGAATCACAGTGT.1,epithelial
CAAAGAATCCACATAG.1,mucous
CAACAACCACACAGCC.1,quality
CAACAACGTAGTGATA.1,epithelial
CAACAACGTTGGACCC.1,epithelial
CAACAACTCAGACCGC.1,mucous
CAACAACTCTGGGTCG.1,like
CAACAGTAGACCCGCT.1,epithelial
CAACAGTCACCGTGCA.1,epithelial
CAACAGTCACGTAACT.1,quality
CAACAGTCAGCAGATG.1,epithelial
CAACAGTGTCTCGGAC.1,like
CAACAGTGTGGATCAG.1,epithelial
CAACCAAAGCCGTAAG.1,quality
CAACCAAAGGCACTCC.1,quality
CAACCAACAAGACGAC.1,like
CAACCAACAAGCTCTA.1,epithelial
CAACCAACACGGTCTG.1,Immune
CAACCAATCAAGAGGC.1,Proliferating
CAACCAATCGTCGCTT.1,quality
CAACCTCAGGAAGTCC.1,stress
CAACCTCAGTACAACA.1,epithelial
CAACCTCGTACATACC.1,like
CAACGATAGCTACGTT.1,like
CAACGATCACAGTATC.1,like
CAACGATCACTCCACT.1,epithelial
CAACGATGTTCTCTCG.1,epithelial
CAACGATTCAGACCCG.1,stress
CAACGATTCGCCTTGT.1,stress
CAACGGCAGGGATCGT.1,like
CAACGGCCAAATCAAG.1,quality
CAACGGCCATTACTCT.1,mucous
CAACGGCGTGCACAAG.1,epithelial
CAACGGCTCACATACG.1,stress
CAACGGCTCTATGCCC.1,stress
CAAGACTAGGTAGACC.1,epithelial
CAAGACTAGTAGCATA.1,mucous
CAAGACTAGTGCTCGC.1,Immune
CAAGACTGTTAGGAGC.1,like
CAAGAGGAGACGATAT.1,epithelial
CAAGAGGAGGCAGGTT.1,like
CAAGAGGCACGACAGA.1,stress
CAAGAGGGTGTGAATA.1,quality
CAAGAGGTCCTTCTTC.1,stress
CAAGAGGTCGATCCAA.1,stress
CAAGCTAAGACTGAGC.1,epithelial
CAAGCTAAGGCTTAGG.1,stress
CAAGCTACAGACACCC.1,epithelial
CAAGCTATCTACCCAC.1,stress
CAAGGGACACTGCACG.1,stress
CAAGGGACATCTGCGG.1,quality
CAAGGGAGTAACTGCT.1,mucous
CAAGGGAGTTCGGCGT.1,epithelial
CAAGGGATCATAGACC.1,like
CAATACGGTAGGACCA.1,mucous
CAATACGGTGTTATCG.1,Proliferating
CAATACGTCGTTCAGA.1,like
CAATACGTCTAGACCA.1,stress
CAATACGTCTTCGCTG.1,quality
CAATCGACAATTGCAC.1,epithelial
CAATCGACACTAAACC.1,like
CAATCGAGTGGCTGCT.1,epithelial
CAATCGAGTTCTCACC.1,like
CAATGACCACCGTGAC.1,stress
CAATGACGTCAGTTTG.1,epithelial
CAATGACGTCGAGCTC.1,stress
CAATTTCAGCCTCAAT.1,like
CAATTTCAGTACAGCG.1,stress
CAATTTCCAAGGCAAC.1,like
CAATTTCCAGAATTCC.1,stress
CAATTTCCATTCAGGT.1,like
CAATTTCGTCAAGGCA.1,quality
CAATTTCGTCTGTCAA.1,Proliferating
CAATTTCTCAACACCA.1,quality
CAATTTCTCAAGTCTG.1,mucous
CACAACAAGAGCAAGA.1,epithelial
CACAACAAGTATGAAC.1,mucous
CACAACACATCCGATA.1,like
CACAACATCGCTAAAC.1,mucous
CACACAAAGACAGCTG.1,quality
CACACAAAGGGTATAT.1,Proliferating
CACACAAAGTCACGAG.1,like
CACACAACAGGATTCT.1,like
CACACAACATATACCG.1,mucous
CACACAATCAGACATC.1,epithelial
CACACAATCGGTATGT.1,quality
CACAGATCAAGAGCTG.1,stress
CACAGATCAGACCAAG.1,quality
CACAGATTCTGACCCT.1,epithelial
CACAGGCAGCACTGGA.1,like
CACAGGCAGCAGCAGT.1,mucous
CACAGGCTCATGCATG.1,mucous
CACCAAACATTGACCA.1,stress
CACCAAATCCCGTGAG.1,stress
CACCGTTCAATAACCC.1,mucous
CACCGTTCAGTGGTGA.1,quality
CACCGTTGTCGACTGC.1,stress
CACCGTTTCTCCGAGG.1,quality
CACGAATAGATGGTAT.1,epithelial
CACGAATAGCAGTACG.1,epithelial
CACGAATGTATTGCCA.1,epithelial
CACGAATGTCCGACGT.1,mucous
CACGAATGTGTCTTAG.1,quality
CACGAATTCATTTCGT.1,mucous
CACGGGTCAGATCACT.1,stress
CACGGGTGTCAAGCCC.1,mucous
CACGGGTGTCGTCTCT.1,mucous
CACGGGTTCCTAACAG.1,mucous
CACGGGTTCGACACCG.1,mucous
CACGTGGAGAAGTCAT.1,mucous
CACGTGGAGATGAACT.1,like
CACGTGGTCTAGCCTC.1,epithelial
CACGTTCAGAGAATCT.1,quality
CACGTTCAGGCGTTGA.1,mucous
CACGTTCGTACTCGCG.1,mucous
CACGTTCGTGAACTAA.1,epithelial
CACGTTCGTGTATACC.1,epithelial
CACGTTCTCACCCTGT.1,mucous
CACTAAGAGACGGTTG.1,like
CACTAAGAGGACTTCT.1,epithelial
CACTAAGAGGTCATAA.1,stress
CACTAAGCACAAGTGG.1,stress
CACTAAGCATTCAGCA.1,like
CACTAAGGTGTGAGCA.1,epithelial
CACTAAGTCATGAGAA.1,mucous
CACTAAGTCATTTGCT.1,epithelial
CACTAAGTCCATAGGT.1,Proliferating
CACTGAAAGAGTCAGC.1,epithelial
CACTGAACAGTGTATC.1,quality
CACTGAACATAAGCAA.1,quality
CACTGAACATGAAAGT.1,stress
CACTGAAGTTGGCCGT.1,stress
CACTGGGAGGTGCTTT.1,epithelial
CACTGGGCACGTGTGC.1,like
CACTGGGGTGGAAGTC.1,mucous
CACTGGGTCCGGCTTT.1,like
CACTGGGTCTAGGCAT.1,epithelial
CACTGTCCAGGGAATC.1,Proliferating
CACTGTCCATCCTTCG.1,mucous
CACTGTCGTGTTGCCG.1,epithelial
CACTTCGAGAGATCGC.1,mucous
CACTTCGAGCAAGGAA.1,mucous
CACTTCGCAAATACAG.1,like
CACTTCGGTATGTCTG.1,like
CACTTCGGTTGAGAGC.1,quality
CACTTCGTCGTGGCTG.1,like
CAGAGCCTCCGCTGTT.1,mucous
CAGATACAGATCACCT.1,quality
CAGATACAGCACACCC.1,like
CAGATACAGGTTAGTA.1,quality
CAGATACAGTGAGGTC.1,mucous
CAGATACCAGGATGAC.1,mucous
CAGATACTCCATTTCA.1,quality
CAGATCAAGTGATCGG.1,Proliferating
CAGATCATCCTTCTTC.1,quality
CAGATCATCGCCTTGT.1,epithelial
CAGATCATCTTGGGCG.1,quality
CAGATTGCATGATCTG.1,like
CAGATTGGTGGCACTC.1,Proliferating
CAGATTGGTTTCGTGA.1,quality
CAGCAATAGTCCTGTA.1,quality
CAGCACGAGACGGTCA.1,like
CAGCACGAGCGTCTGC.1,stress
CAGCACGAGTTGTCAC.1,like
CAGCACGCACGAGAAC.1,quality
CAGCACGCAGACGATG.1,epithelial
CAGCACGGTCGGAACA.1,like
CAGCACGTCAGCTGTA.1,quality
CAGCACGTCCAAATGC.1,quality
CAGCAGCGTCATCACA.1,quality
CAGCAGCTCGCGGACT.1,mucous
CAGCCAGAGACGCCAA.1,quality
CAGCCAGAGCAAATGT.1,mucous
CAGCCAGGTTCGGGTC.1,like
CAGCGTGAGTGAATAC.1,quality
CAGCGTGCACTAACCA.1,like
CAGCGTGGTACACTCA.1,Proliferating
CAGGCCAAGGGCAAGG.1,stress
CAGGCCAAGTACTGTC.1,quality
CAGGCCAAGTTACGGG.1,mucous
CAGGCCACAACCTATG.1,stress
CAGGCCAGTACGAGCA.1,quality
CAGGGCTAGATTAGAC.1,epithelial
CAGGGCTCACGTAACT.1,epithelial
CAGGGCTCAGGCGAAT.1,quality
CAGGGCTGTTCAGCTA.1,mucous
CAGGGCTTCAACTACG.1,epithelial
CAGGTATAGAAGCTGC.1,epithelial
CAGGTATAGAAGGCTC.1,Proliferating
CAGGTATAGAGGTATT.1,stress
CAGGTATAGGTGGCTA.1,like
CAGGTATCACCCTATC.1,mucous
CAGGTATGTATGATCC.1,epithelial
CAGGTATGTATGCTTG.1,stress
CAGGTATGTCATTCCC.1,mucous
CAGGTATTCAGACCGC.1,Endocrine
CAGGTATTCATGTCTT.1,quality
CAGTGCGAGCGCCTAC.1,quality
CAGTGCGCAACGGTAG.1,mucous
CAGTGCGCACGCGCAT.1,like
CAGTGCGCAGTCAGCC.1,mucous
CAGTGCGGTACCAGAG.1,epithelial
CAGTGCGGTCCCTGAG.1,stress
CAGTGCGTCCGAAATC.1,epithelial
CAGTTAGAGTCAAGCG.1,mucous
CAGTTAGCACAATCTG.1,quality
CAGTTAGCACATACTG.1,epithelial
CAGTTAGCATATGCGT.1,like
CAGTTAGCATCTTAGG.1,epithelial
CAGTTAGGTAGATCCT.1,quality
CAGTTAGGTCAGGCAA.1,quality
CAGTTAGTCAGACATC.1,epithelial
CAGTTCCAGATGGCGT.1,quality
CAGTTCCCAAGACGGT.1,stress
CAGTTCCCACCAGTAT.1,quality
CAGTTCCGTATGTCTG.1,quality
CATAAGCAGAGAGTGA.1,like
CATAAGCAGAGTAACT.1,mucous
CATAAGCAGCAGCCCT.1,like
CATAAGCCATCTGGGC.1,like
CATAAGCGTGAGTAGC.1,epithelial
CATAAGCGTGCGTCGT.1,mucous
CATAAGCGTTCCGCAG.1,quality
CATAAGCGTTGTAAAG.1,like
CATAAGCTCAGAGTGG.1,like
CATAAGCTCTCAACGA.1,quality
CATACAGAGATCCCAT.1,quality
CATACAGAGATTGCGG.1,epithelial
CATACAGAGGCGTTGA.1,Proliferating
CATACAGCACATTGTG.1,epithelial
CATACAGCATAGCACT.1,like
CATACAGCATGTAACC.1,like
CATACAGGTCGGTGTC.1,like
CATACAGGTGTCCGTG.1,quality
CATACAGTCAACCCGG.1,stress
CATACAGTCCATCTCG.1,epithelial
CATACCCAGACATACA.1,stress
CATACCCAGCACCGTC.1,like
CATACCCAGGGAGGCA.1,epithelial
CATACCCCATAGATCC.1,mucous
CATACCCGTGTTCGAT.1,epithelial
CATACCCGTTTATGCG.1,epithelial
CATACTTCACACCGAC.1,epithelial
CATACTTGTTACCGTA.1,quality
CATACTTTCAAAGGAT.1,epithelial
CATACTTTCCGCCTAT.1,epithelial
CATACTTTCTGGGATT.1,epithelial
CATAGACAGTAGTCTC.1,like
CATAGACCACGCAGTC.1,like
CATAGACCATGACTAC.1,quality
CATAGACTCGTGCACG.1,Proliferating
CATCAAGAGCGCTGAA.1,mucous
CATCAAGCATGACTCA.1,like
CATCAAGCATGGCCCA.1,like
CATCAAGGTGGCTGCT.1,quality
CATCAAGTCTGTCCGT.1,mucous
CATCCACCACGGCGTT.1,quality
CATCCACCATTAAAGG.1,quality
CATCCACCATTGACAC.1,like
CATCCACGTGGTCCCA.1,like
CATCCACTCAAACCTG.1,epithelial
CATCCCAAGACTGGGT.1,epithelial
CATCCCAAGTCTACCA.1,epithelial
CATCCCAGTATCAGGG.1,stress
CATCCCAGTGCTGATT.1,stress
CATCCGTCAAACCATC.1,quality
CATCCGTCACCCTGTT.1,like
CATCCGTCACGACGAA.1,epithelial
CATCCGTCAGAGTTGG.1,quality
CATCCGTTCCACGTCT.1,mucous
CATCCGTTCGCCCAGA.1,quality
CATCGCTAGGATGGCT.1,epithelial
CATCGCTAGGGATCTG.1,mucous
CATCGCTTCAAAGCCT.1,quality
CATCGCTTCTGGTCAA.1,epithelial
CATCGGGAGCAAGGAA.1,quality
CATCGGGCATTGAAGA.1,mucous
CATCGTCAGGTCATCT.1,Proliferating
CATCGTCCAACGATTC.1,like
CATCGTCCAGGAATCG.1,quality
CATCGTCGTCCTCATC.1,like
CATCGTCGTTCTGACA.1,Proliferating
CATGAGTCAAGAATGT.1,stress
CATGAGTCAGCGGTTC.1,like
CATGAGTGTAGCGCTC.1,stress
CATGAGTTCCCATTCG.1,quality
CATGAGTTCGACATCA.1,like
CATGAGTTCTCGGGAC.1,epithelial
CATGCAAAGCAGTACG.1,mucous
CATGCAAAGGACTATA.1,like
CATGCAAAGGCTAAAT.1,like
CATGCAAAGGGCAAGG.1,Immune
CATGCAAAGGTTCCGC.1,epithelial
CATGCAACACTAAACC.1,quality
CATGCAACATATAGCC.1,epithelial
CATGCAATCAGAATAG.1,like
CATGCCTAGCCGCTTG.1,stress
CATGCCTAGTAACGTA.1,like
CATGCGGCACGGTCTG.1,stress
CATGCGGCACTTGGCG.1,like
CATGCGGCAGAGGTTG.1,quality
CATGCGGGTCACAGAG.1,quality
CATGCGGGTCGTGTTA.1,like
CATGCTCAGGACACTG.1,epithelial
CATGCTCCAAGTACCT.1,quality
CATGCTCCACTACTTT.1,epithelial
CATGCTCGTATGCAAA.1,epithelial
CATGCTCGTTCGGTCG.1,stress
CATGGATAGGAGACCT.1,stress
CATGGATCATACCGTA.1,quality
CATGGATGTTGCTCGG.1,stress
CATGGATTCAAACCTG.1,Proliferating
CATGGATTCAGCAATC.1,epithelial
CATGGATTCGCCCAGA.1,stress
CATGGTAAGCCAAGGT.1,quality
CATTCATAGGAACTCG.1,quality
CATTCATAGGTTACCT.1,like
CATTCATCACGTCGTG.1,like
CATTCATCATGGAGAC.1,like
CATTCATGTCAACGCC.1,like
CATTCCGAGCAATAGT.1,quality
CATTCCGCATATCGGT.1,stress
CATTCCGTCGGTCACG.1,Proliferating
CATTCTAAGCCGCTTG.1,epithelial
CATTCTAAGTCGCCCA.1,mucous
CATTCTACATTGGATC.1,epithelial
CATTCTAGTGACTCGC.1,stress
CATTGAGAGTGGATAT.1,stress
CATTGAGGTTGGAGGT.1,like
CATTGCCAGCCAAGGT.1,like
CATTGCCGTACCAATC.1,mucous
CATTGCCTCACTTTGT.1,mucous
CATTGCCTCCCTAGGG.1,epithelial
CATTGCCTCCGAGTGC.1,Proliferating
CATTGCCTCGGCATTA.1,like
CATTGTTAGACTCTTG.1,like
CATTGTTTCCTATTTG.1,like
CATTTCAAGTCATGGG.1,like
CATTTCACACCCTTGT.1,epithelial
CATTTCATCGTTGTGA.1,Proliferating
CATTTCATCTAACGCA.1,stress
CATTTCATCTACTATC.1,like
CCAAGCGCAAGTGGCA.1,epithelial
CCAAGCGCACCAGCCA.1,epithelial
CCAAGCGCACCTGCGA.1,like
CCAAGCGGTCATCACA.1,epithelial
CCAAGCGGTCGAAGCA.1,like
CCAAGCGGTCTGTGGC.1,quality
CCAAGCGGTGACAACG.1,quality
CCAAGCGTCGTTCATT.1,quality
CCAATGAAGCGGATCA.1,like
CCAATGACACTGAGTT.1,like
CCAATTTTCCGTAATG.1,quality
CCACAAAAGAAGCGCT.1,quality
CCACAAATCGCCACTT.1,like
CCACACTAGGTTGAGC.1,like
CCACACTCAAGAGAGA.1,like
CCACACTCACAAATAG.1,quality
CCACACTGTATCTCGA.1,like
CCACACTGTATCTTCT.1,like
CCACACTTCGCGCTGA.1,stress
CCACCATAGAGGCCAT.1,like
CCACCATAGCGTGTCC.1,quality
CCACCATAGTATAGAC.1,quality
CCACCATGTATCTCGA.1,stress
CCACCATTCGAATCCA.1,like
CCACCATTCGACCCAG.1,stress
CCACGAGAGGCATCTT.1,like
CCACGAGCAGGTCAGA.1,quality
CCACGTTAGGGAGTTC.1,stress
CCACGTTGTAGCGAGT.1,quality
CCACGTTGTAGTCGGA.1,mucous
CCACGTTTCCTTGAAG.1,epithelial
CCACGTTTCTTCTGGC.1,epithelial
CCACTTGAGTTCTACG.1,like
CCACTTGCAGGGACTA.1,stress
CCACTTGCAGTAACGG.1,Immune
CCACTTGTCCATTCGC.1,stress
CCATAAGCAACTCGTA.1,epithelial
CCATAAGCACAGTGAG.1,like
CCATAAGCAGTAGAGC.1,epithelial
CCATAAGGTTAAGCAA.1,quality
CCATAAGGTTCGAGCC.1,quality
CCATAAGTCGCTTTAT.1,like
CCATAAGTCGTCGGGT.1,epithelial
CCATCACCAAGTACCT.1,epithelial
CCATCACGTAACCAGG.1,quality
CCATCACGTGTCTAAC.1,epithelial
CCATCACTCAGGGTAG.1,mucous
CCATCACTCATTGCGA.1,epithelial
CCATCACTCCTAAGTG.1,quality
CCCAACTAGGTAGTCG.1,mucous
CCCAACTCAAGCCCAC.1,like
CCCAACTCACCCAACG.1,Immune
CCCAACTCATGTACGT.1,mucous
CCCAACTTCCGAGATT.1,epithelial
CCCAACTTCCGTATAG.1,like
CCCAACTTCTGGAGAG.1,epithelial
CCCATTGAGCACGGAT.1,mucous
CCCATTGAGTTAACAG.1,stress
CCCATTGCAGACGGAT.1,mucous
CCCATTGCATGCAGGA.1,mucous
CCCATTGGTCTTGCGG.1,quality
CCCATTGTCAATGTCG.1,epithelial
CCCATTGTCATTACCT.1,epithelial
CCCGAAGAGGTGGCTA.1,epithelial
CCCGAAGAGTAGTGCG.1,Immune
CCCGAAGCAACTGGTT.1,like
CCCGAAGTCCGTTTCG.1,like
CCCGGAAAGTTCGCAT.1,epithelial
CCCGGAAGTCGAATTC.1,epithelial
CCCTAACAGATGACAT.1,mucous
CCCTAACAGGTACAGC.1,quality
CCCTAACAGTCAGAGC.1,mucous
CCCTAACCATGACCCG.1,like
CCCTAACGTGGGCTCT.1,like
CCCTAACTCCACCTCA.1,epithelial
CCCTAACTCCCTTCCC.1,epithelial
CCCTCAAAGGGTAATT.1,Endocrine
CCCTCAACAAATAAGC.1,epithelial
CCCTCAACAGCTTCCT.1,stress
CCCTCAAGTGAAAGTT.1,epithelial
CCCTCAATCCCTCTTT.1,epithelial
CCCTCAATCTTCACAT.1,epithelial
CCCTCTCAGTATCCTG.1,stress
CCCTCTCCAATACGAA.1,quality
CCCTCTCGTGCTCGTG.1,like
CCCTCTCGTGGTTCTA.1,like
CCCTCTCTCTATACGG.1,epithelial
CCCTGATAGAGATCGC.1,epithelial
CCCTGATAGCCGATAG.1,like
CCCTGATCAGATTCGT.1,like
CCCTGATTCACTGGTA.1,mucous
CCCTGATTCGAGTTGT.1,Proliferating
CCCTTAGCACGACCTG.1,like
CCGAACGAGCTACTAC.1,like
CCGAACGAGGAGGGTG.1,quality
CCGAACGCAAAGAGTT.1,quality
CCGAACGCAGTAGTTC.1,quality
CCGAACGGTATGAAGT.1,epithelial
CCGAACGGTCATCTAG.1,epithelial
CCGAACGGTGAGCTCC.1,like
CCGAACGGTTTACCAG.1,stress
CCGAACGTCAGACCCG.1,like
CCGAACGTCAGCAGAG.1,epithelial
CCGAACGTCCGCTTAC.1,like
CCGATCTAGGTCTGGA.1,epithelial
CCGATCTAGTTTCGAC.1,stress
CCGATCTCAGCTATAC.1,epithelial
CCGATCTGTTACGTAC.1,quality
CCGATCTTCTAGCATG.1,stress
CCGATGGCAACGTTAC.1,epithelial
CCGATGGCAAGTTCGT.1,epithelial
CCGATGGCAGTTACCA.1,epithelial
CCGATGGCATACCAGT.1,epithelial
CCGATGGGTCACTCTC.1,Endocrine
CCGATGGGTCATATGC.1,mucous
CCGATGGGTCATGACT.1,mucous
CCGATGGGTTAGTCGT.1,like
CCGATGGGTTCGGTCG.1,epithelial
CCGATGGTCAGGAACG.1,like
CCGATGGTCTGGACTA.1,stress
CCGCAAGAGGCCCGTT.1,epithelial
CCGCAAGGTATGACAA.1,like
CCGCAAGGTGCCCGTA.1,Proliferating
CCGCAAGTCGCCAGAC.1,quality
CCGGACAAGCAACCAG.1,Proliferating
CCGGACAGTCCTACGG.1,mucous
CCGGACAGTCTAGGTT.1,mucous
CCGGGTAAGAACCCGA.1,mucous
CCGGGTAAGACATACA.1,epithelial
CCGGGTAAGCCTCTTC.1,Proliferating
CCGGGTAAGGGAGAAT.1,mucous
CCGGGTACAAACTCGT.1,stress
CCGGGTAGTCAACCAT.1,Endocrine
CCGGGTAGTTTCACAG.1,mucous
CCGGGTATCAAGAGTA.1,mucous
CCGGGTATCGGTGTTA.1,epithelial
CCGGTAGAGGTACTGG.1,Proliferating
CCGGTAGGTCGCATTA.1,like
CCGGTGAAGCTGCCTG.1,epithelial
CCGGTGAAGTGAGGTC.1,stress
CCGGTGACAATGCAAA.1,quality
CCGGTGACAGTTGCGC.1,epithelial
CCGGTGAGTACCGTCG.1,mucous
CCGGTGAGTCATTCCC.1,epithelial
CCGGTGAGTCGTACAT.1,epithelial
CCGGTGAGTGTCCGTG.1,mucous
CCGGTGATCTTTCCGG.1,stress
CCGTAGGAGCGCCGTT.1,stress
CCGTAGGAGCTCCATA.1,like
CCGTAGGAGGTCGTAG.1,mucous
CCGTAGGCAAGCGAAC.1,quality
CCGTAGGCAATCTCTT.1,quality
CCGTAGGGTACAGAGC.1,stress
CCGTAGGGTACTAAGA.1,Proliferating
CCGTAGGGTATAGGGC.1,like
CCGTAGGGTCTTAGTG.1,quality
CCGTAGGTCGAATCCA.1,like
CCGTAGGTCTGGTCAA.1,epithelial
CCGTGAGAGGGAGGAC.1,Proliferating
CCGTGAGAGGGCCCTT.1,epithelial
CCGTGAGAGGTGATAT.1,stress
CCGTGAGCAAAGGAGA.1,quality
CCGTGAGCAAGACAAT.1,mucous
CCGTGAGCAATCTCGA.1,epithelial
CCGTGAGGTAGACAAT.1,stress
CCGTTCAAGCCTCTCT.1,epithelial
CCGTTCACAAGTGGAC.1,mucous
CCGTTCACATCGCTGG.1,epithelial
CCGTTCAGTACGCGTC.1,like
CCTAACCTCAAGTAAG.1,epithelial
CCTAACCTCGATACTG.1,epithelial
CCTAAGAAGCTAAACA.1,like
CCTAAGACATCATGAC.1,quality
CCTAAGACATCCTATT.1,epithelial
CCTAAGATCGGACAAG.1,epithelial
CCTAAGATCTCGGTAA.1,epithelial
CCTACGTAGTTAACAG.1,like
CCTACGTCACTCTGCT.1,quality
CCTACGTGTACGCTAT.1,like
CCTACGTGTAGCTGAG.1,mucous
CCTACGTGTCTGTGCG.1,stress
CCTACGTTCGTGTGGC.1,like
CCTATCGAGATTGATG.1,like
CCTATCGAGTCGCCCA.1,quality
CCTATCGCAGTGTATC.1,mucous
CCTATCGGTGTTCGTA.1,epithelial
CCTATCGGTTCCACGG.1,stress
CCTCAACCAAATGGCG.1,stress
CCTCAACCAGCGGATA.1,Proliferating
CCTCAACCAGGCGTTC.1,epithelial
CCTCAACCATAGAATG.1,quality
CCTCAACCATCGTGCG.1,epithelial
CCTCAACGTCCCAAAT.1,stress
CCTCAACGTGTGAATA.1,like
CCTCAACTCATAGACC.1,epithelial
CCTCAACTCTGTCAGA.1,like
CCTCACAGTTGATCGT.1,like
CCTCACATCTCTCTTC.1,like
CCTCACATCTGTGTGA.1,epithelial
CCTCAGTAGACTGTTC.1,epithelial
CCTCAGTAGGTGATAT.1,like
CCTCAGTAGTATGACA.1,epithelial
CCTCAGTAGTCATGGG.1,like
CCTCAGTCATATCGGT.1,Proliferating
CCTCAGTGTATGATCC.1,stress
CCTCAGTGTCGTAATC.1,stress
CCTCAGTGTGACAACG.1,epithelial
CCTCAGTTCCGTGACG.1,epithelial
CCTCAGTTCCGTTGAA.1,epithelial
CCTCATGAGCTAAATG.1,quality
CCTCATGGTGGTATGG.1,like
CCTCATGTCACCCTTG.1,like
CCTCATGTCGGCTTGG.1,mucous
CCTCCAAAGGTAAACT.1,quality
CCTCCAACAACGAGGT.1,mucous
CCTCCAACAACTTGCA.1,epithelial
CCTCCAAGTGGTCTGC.1,like
CCTCCAATCAGCTCTC.1,stress
CCTCCTCAGCCTCACG.1,epithelial
CCTCCTCCAATTGAGA.1,quality
CCTCCTCCACCGTGAC.1,epithelial
CCTCCTCGTCCCTGTT.1,epithelial
CCTCCTCTCATGGATC.1,epithelial
CCTCCTCTCCATTCAT.1,epithelial
CCTCCTCTCCTAGCTC.1,quality
CCTCCTCTCTCAACGA.1,like
CCTCTAGAGCCTCAAT.1,epithelial
CCTCTAGAGGTCACTT.1,like
CCTCTAGGTCAGATTC.1,like
CCTCTCCAGGAGCTGT.1,like
CCTCTCCAGTAAGACT.1,epithelial
CCTCTCCCAATAGTCC.1,epithelial
CCTCTCCCATTGGGAG.1,epithelial
CCTCTCCGTGTCACAT.1,quality
CCTCTCCTCACCATGA.1,like
CCTGCATAGTTTCTTC.1,quality
CCTGCATGTTGCTCAA.1,Immune
CCTGCATTCAGCGCGT.1,epithelial
CCTGCATTCTCCGTGT.1,mucous
CCTGTTGAGGGTACAC.1,mucous
CCTGTTGCAATCGCAT.1,like
CCTGTTGCATGCCGCA.1,mucous
CCTGTTGGTACTGTTG.1,mucous
CCTGTTGGTATGCTTG.1,like
CCTGTTGTCCTGTACC.1,Proliferating
CCTGTTGTCGATGCTA.1,mucous
CCTTCAGAGCATCCCG.1,stress
CCTTCAGAGTCGGGAT.1,quality
CCTTCAGCACATCCCT.1,epithelial
CCTTCAGCATCATCTT.1,epithelial
CCTTCAGGTGCCTGAC.1,like
CCTTGTGGTGCCTAAT.1,epithelial
CCTTGTGTCACACCCT.1,like
CCTTGTGTCCGCCTAT.1,epithelial
CCTTTGGCAACCTATG.1,epithelial
CCTTTGGCACAGAAGC.1,epithelial
CCTTTGGCAGCTACAT.1,epithelial
CCTTTGGGTCATGCAT.1,epithelial
CCTTTGGGTGTAACGG.1,quality
CCTTTGGTCATCGACA.1,quality
CCTTTGGTCCCTTCCC.1,mucous
CGAAGGAAGTTGGAAT.1,like
CGAAGGACAACCGTGC.1,mucous
CGAAGGACAATGAGCG.1,like
CGAAGGAGTCGCTTGG.1,mucous
CGAAGGAGTGAACCGA.1,epithelial
CGAAGGAGTGACTATC.1,quality
CGAAGGATCTGTCTCG.1,like
CGAAGTTAGACCCTTA.1,quality
CGAAGTTGTACGGATG.1,like
CGAAGTTGTGAAGCTG.1,quality
CGAATTGAGACCAGCA.1,quality
CGAATTGAGCTTTGTG.1,epithelial
CGACAGCAGTTGGAAT.1,epithelial
CGACAGCCAGCCGTCA.1,quality
CGAGAAGAGGAATGTT.1,Proliferating
CGAGAAGCAAGGTACG.1,epithelial
CGAGAAGCATTGGATC.1,quality
CGAGAAGGTAGCACAG.1,epithelial
CGAGAAGTCCTAGCGG.1,mucous
CGAGGAAAGTACCATC.1,epithelial
CGAGGAAAGTCAGAGC.1,epithelial
CGAGGAAAGTGTAGAT.1,like
CGAGGAATCCTATTGT.1,stress
CGAGGCTCACTTGAAC.1,epithelial
CGAGGCTCATACTGAC.1,epithelial
CGAGGCTGTGATTCTG.1,epithelial
CGAGGCTTCCACGTGG.1,mucous
CGAGGCTTCGTTCCTG.1,like
CGAGTGCCAAGCAGGT.1,Proliferating
CGAGTGCGTTAGAGTA.1,mucous
CGAGTGCGTTTACGAC.1,stress
CGAGTGCTCACTCACC.1,epithelial
CGAGTGCTCAGCTGTA.1,quality
CGAGTTAAGCGGGTAT.1,epithelial
CGAGTTAGTGGGACAT.1,like
CGAGTTAGTGGTCTGC.1,epithelial
CGAGTTATCACTGGGC.1,mucous
CGAGTTATCCTCTAAT.1,epithelial
CGAGTTATCGGCTCTT.1,quality
CGATCGGAGAGAAGGT.1,Proliferating
CGATCGGCAGACATCT.1,epithelial
CGATCGGCAGTAACAA.1,quality
CGATCGGCAGTAGTGG.1,mucous
CGATCGGGTAGAATAC.1,quality
CGATGCGCACATTCGA.1,mucous
CGATGCGCACCGTGAC.1,mucous
CGATGCGCAGTGGGTA.1,epithelial
CGATGCGCATGACCCG.1,stress
CGATGCGGTCAGGTGA.1,stress
CGATGCGGTGATTCTG.1,like
CGATGCGTCAACACCA.1,epithelial
CGATGCGTCAAGCTTG.1,epithelial
CGATGGCAGGTGCTTT.1,epithelial
CGATGGCGTCAACGCC.1,epithelial
CGCAGGTAGGATTTAG.1,epithelial
CGCAGGTAGTGTTCCA.1,mucous
CGCAGGTCAACCAACT.1,quality
CGCAGGTCACTGGAAG.1,stress
CGCAGGTCAGATACTC.1,quality
CGCAGGTCAGTTAAAG.1,epithelial
CGCAGGTCATTGAGGG.1,epithelial
CGCAGGTTCATGCAGT.1,quality
CGCAGGTTCTAGAGCT.1,stress
CGCATAACAAGTCGTT.1,epithelial
CGCATAACAGCTTCCT.1,epithelial
CGCATAACATGAAGGC.1,mucous
CGCATAATCCGTTGAA.1,like
CGCATGGGTGTATTCG.1,like
CGCATGGTCCACCTCA.1,mucous
CGCCAGAAGCGATGAC.1,epithelial
CGCCAGACAAAGCGTG.1,mucous
CGCCAGAGTCTCAGAT.1,epithelial
CGCCAGATCTCTTGCG.1,like
CGCCATTAGGATTCAA.1,like
CGCCATTCAGCGGTCT.1,like
CGCCATTGTTGCTCAA.1,quality
CGCCATTTCCAGTACA.1,quality
CGCCATTTCGCTATTT.1,like
CGCGTGAAGCCTAACT.1,quality
CGCGTGAAGTGTACCT.1,quality
CGCGTGACACCAGTTA.1,like
CGCGTGAGTGCAACGA.1,stress
CGGAACCAGACGGATC.1,mucous
CGGAACCAGCCTTTCC.1,quality
CGGAACCAGTGGCAGT.1,epithelial
CGGAACCCACGAGGTA.1,epithelial
CGGAACCCACGCGCTA.1,mucous
CGGAACCGTACTAACC.1,stress
CGGAACCTCGAGTTGT.1,epithelial
CGGAACCTCGATTGGT.1,Proliferating
CGGAATTGTCTAACTG.1,mucous
CGGAATTGTGGTCTGC.1,like
CGGAATTGTTAGAAAC.1,epithelial
CGGAATTTCCTAGCTC.1,like
CGGACACCAAAGGGTC.1,quality
CGGACACCAATGACCT.1,mucous
CGGACACCACGACGTC.1,mucous
CGGACACCAGTAACAA.1,epithelial
CGGACACGTGGCAACA.1,quality
CGGACACGTTGTGTAC.1,epithelial
CGGACACTCGGCATTA.1,like
CGGAGAAAGTAGACAT.1,stress
CGGAGAACAACCGCCA.1,mucous
CGGAGAAGTCATCGGC.1,epithelial
CGGAGAAGTCGCTTAA.1,epithelial
CGGAGAAGTCGTATTG.1,like
CGGAGAAGTGGTAACG.1,quality
CGGAGAATCAGCTCTC.1,stress
CGGAGAATCCCGTAAA.1,epithelial
CGGAGAATCCTCTGCA.1,like
CGGAGAATCGCAACAT.1,mucous
CGGCAGTAGTAGGATT.1,epithelial
CGGCAGTAGTTTGAGA.1,quality
CGGCAGTCAGCTGTGC.1,mucous
CGGCAGTGTACCCGAC.1,like
CGGCAGTGTCCACATA.1,like
CGGCAGTGTCTTCGAA.1,Proliferating
CGGCAGTGTTCTAACG.1,like
CGGGACTAGCCGGAAT.1,mucous
CGGGACTCAAGGAGTC.1,like
CGGGACTCAGCAGACA.1,Endocrine
CGGGACTCATAGAAAC.1,like
CGGGACTGTAGACAAT.1,mucous
CGGGACTGTGAGTAAT.1,stress
CGGGACTTCGAGCACC.1,quality
CGGGACTTCGATTTCT.1,stress
CGGGCATAGACGCTCC.1,like
CGGGCATAGGCACTCC.1,like
CGGGCATCACACACTA.1,Proliferating
CGGGCATGTCAAATCC.1,epithelial
CGGGTCAAGCGTTCCG.1,quality
CGGGTCACACACCTTC.1,like
CGGGTCAGTACGACTT.1,epithelial
CGGGTCATCTATCGCC.1,stress
CGGGTGTGTGGGTATG.1,mucous
CGGGTGTTCACTGCTC.1,Proliferating
CGGGTGTTCAGAACCT.1,like
CGGGTGTTCCTTGAAG.1,epithelial
CGGTCAGCAGCAGTTT.1,quality
CGGTCAGCATTACGGT.1,Endocrine
CGGTCAGGTAGTCGTT.1,Proliferating
CGGTCAGGTTTCCAAG.1,quality
CGGTCAGTCAAACTGC.1,stress
CGGTCAGTCAGATGCT.1,like
CGTAAGTAGAGCCATG.1,Proliferating
CGTAAGTTCATGGGAG.1,like
CGTAATGCACGAAAGC.1,epithelial
CGTAATGTCGTCAGAT.1,epithelial
CGTAGTAAGCGCCTTG.1,epithelial
CGTAGTAAGGATTTAG.1,epithelial
CGTAGTAAGTCAGGGT.1,like
CGTAGTAGTATGTCAC.1,epithelial
CGTAGTAGTTTCGCTC.1,epithelial
CGTAGTATCCCTCGTA.1,epithelial
CGTCAAACAGGAGGAG.1,like
CGTCAAACATACCACA.1,epithelial
CGTCAAATCTCAGGCG.1,Proliferating
CGTCCATAGAAGTATC.1,like
CGTCCATAGATAACGT.1,quality
CGTCCATCAGCAGAAC.1,stress
CGTCCATCAGCATACT.1,epithelial
CGTCCATCAGCATTGT.1,stress
CGTCCATCAGTCAGTT.1,epithelial
CGTCCATGTAGGTAGC.1,quality
CGTGAATCAGTGGGTA.1,quality
CGTGAATCATTGAAAG.1,quality
CGTGAATGTCTTCAAG.1,quality
CGTGAATTCAAGCCCG.1,stress
CGTGAATTCCTGTTAT.1,quality
CGTGATAAGACGTCGA.1,quality
CGTGATAAGCAGAAAG.1,epithelial
CGTGATATCTTGATTC.1,mucous
CGTGCTTAGTGTTCCA.1,like
CGTGCTTCACGCGTGT.1,Immune
CGTGTCTAGTAGGATT.1,epithelial
CGTGTCTCAACAGAGC.1,mucous
CGTGTCTCAAGACGGT.1,epithelial
CGTGTCTTCAAGTGGG.1,mucous
CGTTAGAAGCATCGAG.1,quality
CGTTAGAAGCTCTGTA.1,stress
CGTTAGAAGGGAGTTC.1,epithelial
CGTTAGAAGTTGTAAG.1,quality
CGTTAGACATTCGATG.1,quality
CGTTAGAGTTGCTGAT.1,mucous
CGTTAGATCATTCACT.1,mucous
CGTTCTGAGAGAGAAC.1,epithelial
CGTTCTGTCCCTTGGT.1,quality
CGTTCTGTCGCGCTGA.1,Proliferating
CGTTGGGAGCTCGGCT.1,mucous
CGTTGGGAGGTCCCGT.1,epithelial
CGTTGGGAGGTGGGTT.1,epithelial
CGTTGGGGTTGTGCCG.1,epithelial
CTAACCCAGAAATCCA.1,mucous
CTAACCCCATTCCTCG.1,epithelial
CTAACCCGTAGCGCTC.1,like
CTAACCCGTAGTCTGT.1,epithelial
CTAACCCGTCTCGACG.1,epithelial
CTAACCCTCTCTGCCA.1,epithelial
CTAACTTAGTATGACA.1,mucous
CTAACTTTCCCAGTGG.1,mucous
CTAAGTGAGAAACCAT.1,Endocrine
CTAAGTGGTCGTGTTA.1,mucous
CTAAGTGTCCTATGGA.1,quality
CTACAGAAGTGGAATT.1,like
CTACAGAGTTTGCAGT.1,like
CTACATTGTGGTATGG.1,stress
CTACATTTCGTTGTTT.1,Proliferating
CTACCCAAGTCCCAGC.1,epithelial
CTACCCACATCGATCA.1,like
CTACCCAGTCCAGCGT.1,epithelial
CTACCCATCAGTCATG.1,epithelial
CTACCTGAGGGAGGAC.1,quality
CTACCTGCAAAGACGC.1,like
CTACCTGCAATCTGCA.1,quality
CTACCTGCAGCAGAAC.1,epithelial
CTACCTGTCCCAGGCA.1,mucous
CTACCTGTCGTCAACA.1,like
CTACGGGAGTCTACCA.1,like
CTACGGGCACGTCGTG.1,epithelial
CTACGGGGTATGCTAC.1,epithelial
CTACGGGTCACTACTT.1,epithelial
CTACGGGTCCTGGGTG.1,stress
CTACTATCAAAGGCTG.1,mucous
CTACTATTCTTCACGC.1,quality
CTACTATTCTTTCGAT.1,quality
CTAGACAAGCTAAATG.1,epithelial
CTAGACAAGTCAGAGC.1,mucous
CTAGACACAATGCAAA.1,epithelial
CTAGACACATGGCGCT.1,stress
CTAGACAGTCAAGTTC.1,epithelial
CTAGACAGTCGATTAC.1,stress
CTAGACAGTCTGTAAC.1,like
CTAGGTAAGTATGAGT.1,like
CTAGGTAAGTCTCTGA.1,quality
CTAGGTACACAGTCGC.1,epithelial
CTAGGTAGTAGCGCCT.1,quality
CTAGGTATCGCTAGCG.1,epithelial
CTATAGGCACGACGCT.1,like
CTATAGGGTAACACGG.1,epithelial
CTATAGGGTTCTCCTG.1,like
CTATAGGTCATCCTAT.1,quality
CTATAGGTCTCACCCA.1,epithelial
CTATCCGAGCTTGTTG.1,epithelial
CTATCCGAGTAAGGGA.1,quality
CTATCCGAGTCACACT.1,like
CTATCCGCAGTGTACT.1,epithelial
CTATCCGTCTGTGCAA.1,like
CTATCTAAGACGGATC.1,stress
CTATCTACACAACATC.1,Proliferating
CTATCTAGTGAGACCA.1,like
CTATCTATCGGCGATC.1,stress
CTATCTATCTCGGTAA.1,like
CTATCTATCTGTCGCT.1,mucous
CTCAACCAGCATGATA.1,like
CTCAACCCACATTGTG.1,mucous
CTCAAGAGTGTCATTG.1,Proliferating
CTCAAGATCGCGTAGC.1,quality
CTCAATTAGACCAGAC.1,like
CTCAATTCAACCGTAT.1,like
CTCAATTCAAGCTGCC.1,quality
CTCAATTCACAAGCCC.1,like
CTCAATTCACTCATAG.1,quality
CTCAATTCATGAAGGC.1,epithelial
CTCACTGCAAGGATGC.1,mucous
CTCACTGCAGAGAAAG.1,mucous
CTCACTGGTAGTCTTG.1,epithelial
CTCACTGGTGTTCGTA.1,mucous
CTCACTGTCGAGCCTG.1,mucous
CTCACTGTCTCTGACC.1,epithelial
CTCAGAAAGCATGCGA.1,epithelial
CTCAGAACAACAAAGT.1,mucous
CTCAGAACAGCTAACT.1,quality
CTCAGAAGTAGTCGGA.1,quality
CTCAGGGAGAAGAGCA.1,quality
CTCAGGGAGATCGGTG.1,quality
CTCAGGGAGTGCCGAA.1,quality
CTCAGGGAGTTTAGGA.1,quality
CTCAGGGGTCGGCACT.1,like
CTCAGGGGTGAGTGAC.1,quality
CTCAGGGGTGCAAGAC.1,like
CTCAGGGTCCTGTTGC.1,like
CTCAGGGTCGAAATCC.1,stress
CTCAGGGTCTCGTCGT.1,epithelial
CTCAGTCCAATCGAAA.1,epithelial
CTCAGTCGTCCTTGTC.1,like
CTCAGTCGTGGATTTC.1,mucous
CTCATCGAGTACTCGT.1,mucous
CTCATCGCACTCCCTA.1,like
CTCATCGCATAGAATG.1,like
CTCATCGGTTCAAGTC.1,like
CTCATCGGTTTCTATC.1,like
CTCATCGTCACTAGCA.1,like
CTCATCGTCCACTTTA.1,stress
CTCATGCAGATGCTAA.1,Proliferating
CTCATGCCACCAAAGG.1,epithelial
CTCATGCCATTACGGT.1,epithelial
CTCATGCTCTAATTCC.1,epithelial
CTCATTAAGAGTTGAT.1,stress
CTCATTAAGGATGTTA.1,Endocrine
CTCATTAAGTTCATGC.1,stress
CTCATTACAGGTGACA.1,quality
CTCATTACATCTCAAG.1,quality
CTCATTAGTCAAGCCC.1,epithelial
CTCATTAGTCCTCCAT.1,like
CTCATTATCAACTACG.1,stress
CTCATTATCTACGGTA.1,stress
CTCCAACAGTTCTCTT.1,quality
CTCCAACCAAACTAAG.1,mucous
CTCCAACCATGAGATA.1,Proliferating
CTCCAACGTAGTGGCA.1,quality
CTCCAACGTGCCGAAA.1,mucous
CTCCAACTCAGTCATG.1,quality
CTCCAACTCGACGCTG.1,like
CTCCAACTCTGTCCGT.1,Proliferating
CTCCACAAGCATCAGG.1,epithelial
CTCCACACACAAAGCG.1,epithelial
CTCCACACATTCTCCG.1,epithelial
CTCCACAGTCCACTCT.1,like
CTCCACAGTTTCTATC.1,epithelial
CTCCACATCAGGGATG.1,epithelial
CTCCACATCCGTCACT.1,mucous
CTCCATGAGACGTCCC.1,stress
CTCCATGGTCAGATTC.1,like
CTCCATGTCCGTATAG.1,mucous
CTCCATGTCGCGAAGA.1,like
CTCCATGTCGCGATCG.1,like
CTCCATGTCTTCTGGC.1,epithelial
CTCCCAAGTGCCGAAA.1,stress
CTCCCAATCCACGGAC.1,like
CTCCCAATCGACCCAG.1,stress
CTCCCTCAGAAGTGTT.1,quality
CTCCCTCAGGACATCG.1,stress
CTCCCTCCACTCCTGT.1,epithelial
CTCCCTCCATCCGTTC.1,stress
CTCCCTCCATGTGACT.1,like
CTCCCTCGTAGCTGTT.1,epithelial
CTCCCTCTCACTGAAC.1,epithelial
CTCCCTCTCCTGTTGC.1,quality
CTCCGATCAATGCTCA.1,like
CTCCGATCACCCTTAC.1,like
CTCCGATTCACCTTGC.1,like
CTCCTCCAGCGGTAAC.1,quality
CTCCTCCAGGAATGTT.1,like
CTCCTCCGTCTCTCCA.1,quality
CTCCTCCTCCGAGGCT.1,epithelial
CTCCTCCTCCTTCAGC.1,stress
CTCCTCCTCGCGCTGA.1,stress
CTCCTTTGTCCGTTTC.1,mucous
CTCCTTTGTCCTGAAT.1,epithelial
CTCCTTTGTCTAGGCC.1,like
CTCCTTTGTTTAGTCG.1,Proliferating
CTCCTTTGTTTCGTTT.1,stress
CTCCTTTTCAAGAAAC.1,epithelial
CTCCTTTTCCTTTAGT.1,epithelial
CTCCTTTTCGTTCGCT.1,like
CTCCTTTTCGTTCTCG.1,epithelial
CTCGAGGAGATCACTC.1,mucous
CTCGAGGAGGACAGCT.1,quality
CTCGAGGAGGTGGTTG.1,epithelial
CTCGAGGGTAGCACAG.1,mucous
CTCGAGGGTCCCAAAT.1,mucous
CTCGAGGGTCCTCAGG.1,mucous
CTCGAGGGTGTATTGC.1,quality
CTCGAGGTCCGTAGTA.1,epithelial
CTCGAGGTCTGGGAGA.1,epithelial
CTCGAGGTCTTTACAC.1,quality
CTCTCAGAGAGTGACC.1,like
CTCTCAGCACAATGAA.1,epithelial
CTCTCAGCACCCTCTA.1,like
CTCTCAGGTCTCGACG.1,quality
CTCTCAGGTGTTGAGG.1,like
CTCTCAGGTTAATCGC.1,quality
CTCTCAGTCCACACAA.1,like
CTCTCGAAGGCCATAG.1,mucous
CTCTCGACATGACTGT.1,epithelial
CTCTCGACATGTTCAG.1,stress
CTCTCGAGTCAACATC.1,quality
CTCTGGTAGCCTAACT.1,stress
CTCTGGTAGGCCACTC.1,epithelial
CTCTGGTGTACAGTCT.1,like
CTCTGGTTCCAACCGG.1,epithelial
CTGAATGAGCGTGCTC.1,epithelial
CTGAATGAGGGAGGGT.1,stress
CTGAATGCACGTATAC.1,like
CTGAATGCAGGGCTTC.1,quality
CTGAATGCATCGGTTA.1,quality
CTGAATGGTACTAGCT.1,mucous
CTGAATGGTAGGCTGA.1,like
CTGAATGGTATACAGA.1,like
CTGAATGTCGCAGTGC.1,mucous
CTGAGCGCAAGAGCTG.1,mucous
CTGAGCGCACGACAAG.1,mucous
CTGAGCGGTTCGATTG.1,quality
CTGAGCGTCCGTGTCT.1,stress
CTGAGCGTCTCCATAT.1,quality
CTGAGGCGTCACTCGG.1,quality
CTGAGGCTCGGCCTTT.1,like
CTGATCCCAAGCCTGC.1,mucous
CTGATCCCACAACATC.1,like
CTGATCCTCAGTCACA.1,like
CTGCAGGAGGGAGGAC.1,epithelial
CTGCAGGAGTCATAGA.1,mucous
CTGCAGGGTCGGAACA.1,mucous
CTGCAGGTCACCACAA.1,epithelial
CTGCAGGTCTCCCTAG.1,mucous
CTGCAGGTCTTGAACG.1,epithelial
CTGCATCCAAGTCGTT.1,epithelial
CTGCATCCACCGGTCA.1,mucous
CTGCCATAGCGGACAT.1,quality
CTGCCATAGTCCCAAT.1,stress
CTGCCATGTAATGCGG.1,mucous
CTGCCATGTATGGGAC.1,epithelial
CTGCCATTCCCAGGAC.1,like
CTGCCTAAGAGTGTGC.1,mucous
CTGCCTACAACCGGAA.1,like
CTGCCTACATAACAGA.1,Proliferating
CTGCCTAGTGCTGTCG.1,epithelial
CTGCCTATCTAGGAAA.1,quality
CTGCGAGAGCCACCGT.1,epithelial
CTGCGAGAGGTTTACC.1,like
CTGCGAGGTAACACGG.1,like
CTGCGAGGTATCATGC.1,Proliferating
CTGCGAGTCCTCACTG.1,stress
CTGCTCAAGGGCTGAT.1,quality
CTGCTCAAGGTCACAG.1,mucous
CTGCTCACACCGTGAC.1,like
CTGCTCACATAGAATG.1,mucous
CTGCTCAGTACAGCGA.1,epithelial
CTGCTCAGTCCACAGC.1,like
CTGCTCATCGCCGTGA.1,like
CTGGACGAGAGAGCGG.1,quality
CTGGACGCAGGATTCT.1,mucous
CTGGACGGTTCTCCCA.1,epithelial
CTGGCAGAGGACACTG.1,epithelial
CTGGCAGAGTAACAGT.1,stress
CTGGCAGGTGACAACG.1,epithelial
CTGGCAGGTGCACATT.1,stress
CTGGTCTGTGCCTGAC.1,epithelial
CTGGTCTGTGTACAGG.1,epithelial
CTGTACCCAATCCTTT.1,mucous
CTGTACCGTCAAATCC.1,stress
CTGTACCGTTTGGGAG.1,like
CTGTAGACACCAGCTG.1,Proliferating
CTGTAGAGTACATTGC.1,stress
CTGTATTAGCAAGTGC.1,stress
CTGTATTCAACCGCTG.1,mucous
CTGTATTCACTACTTT.1,like
CTGTATTTCATGAAAG.1,mucous
CTGTATTTCGAACCTA.1,mucous
CTGTATTTCTTTACAC.1,epithelial
CTGTCGTAGAATCTAG.1,stress
CTGTCGTAGAGTGGCT.1,quality
CTGTCGTCAACGTATC.1,epithelial
CTGTCGTGTGACGCCT.1,epithelial
CTGTGAAAGCCACCGT.1,stress
CTGTGAACACACGTGC.1,mucous
CTGTGAAGTCTACAAC.1,stress
CTGTGAAGTTGCACGC.1,like
CTGTGAATCAGATGCT.1,like
CTGTGAATCATTCCTA.1,quality
CTGTGAATCGAGCTGC.1,mucous
CTGTGGGAGAGGCTGT.1,like
CTGTGGGCAACAGCCC.1,like
CTGTGGGCAACGACTT.1,like
CTGTGGGGTCCCGCAA.1,mucous
CTTACCGAGCCATCCG.1,Proliferating
CTTACCGAGTCATTGC.1,stress
CTTACCGAGTTGGGAC.1,quality
CTTACCGCACGACGCT.1,like
CTTACCGGTACCGGAA.1,mucous
CTTACCGGTATTAAGG.1,like
CTTACCGGTCGAAGCA.1,epithelial
CTTACCGTCAAAGCCT.1,epithelial
CTTACCGTCCGAAATC.1,Proliferating
CTTACCGTCCGATCTC.1,mucous
CTTACCGTCGCACGAC.1,mucous
CTTACCGTCGCCAATA.1,like
CTTACCGTCGCCTTGT.1,epithelial
CTTACCGTCGGTGTTA.1,like
CTTAGGAAGGTCACAG.1,like
CTTAGGAAGGTTTGAA.1,mucous
CTTAGGACAGCGGTCT.1,mucous
CTTAGGACATCATCCC.1,stress
CTTAGGACATCCTATT.1,mucous
CTTAGGAGTGGCAACA.1,mucous
CTTAGGAGTGGCACTC.1,epithelial
CTTAGGAGTGGCAGAT.1,epithelial
CTTAGGATCAGGACAG.1,like
CTTCAATAGGCGTCCT.1,like
CTTCAATAGTAGGATT.1,epithelial
CTTCAATGTCTAGGCC.1,epithelial
CTTCAATTCGAACCTA.1,epithelial
CTTCCGACATCATCTT.1,epithelial
CTTCCGAGTCACGCTG.1,epithelial
CTTCCGAGTGAATAAC.1,epithelial
CTTCCGATCACGATAC.1,epithelial
CTTCCGATCCAGCACG.1,like
CTTCCTTAGACTTCGT.1,stress
CTTCCTTAGCACCTGC.1,like
CTTCCTTCATTAAAGG.1,like
CTTCCTTGTCCTCAGG.1,epithelial
CTTCCTTTCCGATAAC.1,mucous
CTTCGGTAGACATAAC.1,like
CTTCGGTAGAGGCCAT.1,mucous
CTTCGGTAGCCTAGGA.1,like
CTTCGGTAGGTCATTC.1,mucous
CTTCGGTCACATAACC.1,epithelial
CTTCGGTCATCGCTGG.1,stress
CTTCTAAAGAATCCCT.1,stress
CTTCTAACACGACGCT.1,stress
CTTCTAACAGGAAGTC.1,epithelial
CTTCTAAGTCTTACAG.1,stress
CTTCTCTAGCAGCGAT.1,like
CTTCTCTCAAATGAGT.1,quality
CTTCTCTCAACGGGTA.1,epithelial
CTTCTCTCATGTGCTA.1,epithelial
CTTCTCTGTACCTGTA.1,mucous
CTTCTCTGTGGCAGAT.1,like
CTTGAGAAGCGGTAGT.1,epithelial
CTTGAGAAGCTGAGCA.1,epithelial
CTTGAGAAGGCAGCTA.1,like
CTTGAGAGTGAGCGAT.1,mucous
CTTGAGATCAATCCGA.1,mucous
CTTGAGATCACCTCGT.1,epithelial
CTTGATTAGCCTGAGA.1,like
CTTTCAAAGTTTAGGA.1,epithelial
CTTTCAATCACGAGGA.1,epithelial
CTTTCGGAGAGGATGA.1,mucous
CTTTCGGAGCGCCCAT.1,epithelial
CTTTCGGAGCTCATAC.1,stress
CTTTCGGGTATCGAAA.1,like
CTTTCGGGTTGGATCT.1,like
CTTTCGGTCATCGCAA.1,quality
CTTTCGGTCCAATGCA.1,quality
CTTTCGGTCGGAGTGA.1,stress
CTTTCGGTCTAGCCTC.1,stress
CTTTCGGTCTTCTGGC.1,epithelial
GAAACCTAGCACCCAC.1,mucous
GAAACCTAGCCATCCG.1,stress
GAAACCTAGGTTCATC.1,Endocrine
GAAACCTCAACTCGAT.1,quality
GAAACCTCATGTCAGT.1,mucous
GAAACCTGTCCTGTCT.1,epithelial
GAAACCTGTTCGATTG.1,epithelial
GAAACCTTCTTTGCAT.1,stress
GAAATGAAGAAGGGAT.1,mucous
GAAATGAAGACTTAAG.1,like
GAAATGAAGAGTAACT.1,mucous
GAAATGAAGTCTGGAG.1,Proliferating
GAAATGACAGAGGCAT.1,quality
GAAATGACAGGTTCGC.1,Proliferating
GAAATGAGTTATCTGG.1,epithelial
GAAATGAGTTATGACC.1,mucous
GAAATGATCACCTGGG.1,epithelial
GAAATGATCTCCTGCA.1,Proliferating
GAACACTAGCGACTGA.1,epithelial
GAACACTAGTAGATCA.1,like
GAACGTTAGAAGCTGC.1,stress
GAACGTTCAAGCACAG.1,like
GAACGTTGTCGGTGAA.1,epithelial
GAACTGTAGGTGCCAA.1,like
GAAGAATAGAGCTTTC.1,epithelial
GAAGAATAGGGCAACT.1,quality
GAAGAATAGGGCTAAC.1,stress
GAAGAATCAATTAGGA.1,quality
GAAGAATCACAATTCG.1,like
GAAGAATCACGGTGAA.1,like
GAAGAATCATCGCTGG.1,like
GAAGAATGTTCTGACA.1,mucous
GAAGAATTCATGCCCT.1,epithelial
GAAGAATTCGCGAAGA.1,Proliferating
GAAGCCCCAACCGCTG.1,like
GAAGCCCCACACAGCC.1,like
GAAGCCCCACATTCGA.1,like
GAAGCCCCATTCCTAT.1,epithelial
GAAGCCCGTTATTCCT.1,like
GAAGCCCGTTGCAACT.1,quality
GAAGCCCGTTGCATTG.1,quality
GAAGCGAGTACCTAGT.1,like
GAAGCGAGTAGACGTG.1,epithelial
GAAGCGAGTCGATGCC.1,Proliferating
GAAGCGATCTTTGCTA.1,quality
GAAGGACAGCAGGTCA.1,quality
GAAGGACTCAAGAGTA.1,stress
GAAGGACTCTAGTGTG.1,mucous
GAAGGACTCTGACGCG.1,like
GAAGGGTCAGCAGACA.1,quality
GAAGGGTCATGTCGTA.1,quality
GAAGGGTGTGAATATG.1,like
GAAGGGTTCAGAACCT.1,quality
GAAGGGTTCAGGGTAG.1,mucous
GAAGGGTTCCCACAGG.1,mucous
GAAGGGTTCTATCGGA.1,stress
GAAGTAAAGCTCCCTT.1,mucous
GAAGTAAAGTAAACTG.1,mucous
GAAGTAAAGTCACTCA.1,Proliferating
GAAGTAACAATTGCTG.1,stress
GAAGTAACATGGCACC.1,stress
GAAGTAAGTAGCTGTT.1,like
GAAGTAATCAAGTGGG.1,epithelial
GAAGTAATCATTGTGG.1,stress
GAAGTAATCCGGACGT.1,epithelial
GAATAGACACCCTAGG.1,mucous
GAATAGACATGGATCT.1,quality
GAATAGAGTGGAACCA.1,epithelial
GAATAGATCCGATAAC.1,mucous
GAATCACCACGACGCT.1,like
GAATCACCATGTGGTT.1,mucous
GAATCACGTAACACCT.1,like
GAATCACGTAGCACAG.1,like
GAATCACGTCAGTCTA.1,mucous
GAATCACTCAATCCGA.1,quality
GAATCACTCCGTGGGT.1,like
GAATCGTAGATCGCTT.1,mucous
GAATCGTCATGTTACG.1,quality
GAATCGTGTAGGAAAG.1,like
GAATCGTTCGAAATCC.1,mucous
GAATCGTTCGTGGCTG.1,quality
GACACGCCACTGAATC.1,Immune
GACACGCCATCAGCGC.1,epithelial
GACACGCCATGGTGGA.1,like
GACACGCTCAACTTTC.1,Proliferating
GACACGCTCAAGGACG.1,epithelial
GACACGCTCAGATGCT.1,mucous
GACACGCTCATTTGGG.1,stress
GACAGCCCAATCGCCG.1,epithelial
GACAGCCCAGCCGTTG.1,stress
GACAGCCCATCGAACT.1,epithelial
GACAGCCCATGAATAG.1,epithelial
GACAGCCGTTGCCGCA.1,stress
GACAGCCTCGATGGAG.1,quality
GACATCAGTCATGGCC.1,epithelial
GACATCATCATAAGGA.1,epithelial
GACATCATCTGCATGA.1,stress
GACCAATCAGGAGGTT.1,epithelial
GACCAATCAGGCACTC.1,epithelial
GACCCAGAGGCATTTC.1,epithelial
GACCCAGCACTGGACC.1,stress
GACCCAGCATGTTACG.1,quality
GACCCTTAGGTGAGCT.1,stress
GACCCTTCAACCGTAT.1,mucous
GACCCTTCAAGTGTCT.1,quality
GACCCTTCAGCTAACT.1,stress
GACCCTTGTCCATCTC.1,epithelial
GACCCTTTCATTGCTT.1,epithelial
GACCCTTTCGGCACTG.1,quality
GACCCTTTCTCCTACG.1,like
GACCGTGAGTGCCAGA.1,like
GACCGTGGTGCCGGTT.1,like
GACCGTGGTTTGGGAG.1,like
GACCGTGTCCTGCCAT.1,quality
GACCTTCAGCGCTGAA.1,mucous
GACCTTCCAGAAATTG.1,stress
GACCTTCCATGTACGT.1,like
GACCTTCGTGAATATG.1,Proliferating
GACCTTCTCCCATAGA.1,epithelial
GACGCTGAGCCATCCG.1,quality
GACGCTGCAAAGTGTA.1,Endocrine
GACGCTGCACTTGAGT.1,stress
GACGCTGCATTAAAGG.1,stress
GACGCTGGTAAGATCA.1,epithelial
GACGCTGGTGAGATAT.1,like
GACGCTGTCAGGAAGC.1,epithelial
GACGCTGTCGGTTAGT.1,epithelial
GACGTTAAGAGTACCG.1,mucous
GACGTTAAGTCGAAAT.1,epithelial
GACGTTACAAATTGCC.1,epithelial
GACGTTACACACACTA.1,like
GACGTTAGTCACTCTC.1,mucous
GACGTTAGTTCGGCGT.1,like
GACGTTATCAGTCAGT.1,like
GACGTTATCTGTAAGC.1,mucous
GACTATGAGACCAAGC.1,like
GACTATGAGCATCCCG.1,quality
GACTATGAGTCATCGT.1,mucous
GACTATGTCCCGGTAG.1,quality
GACTATGTCCGACATA.1,mucous
GACTCAACAACCACAT.1,mucous
GACTCAACATACATCG.1,epithelial
GACTCTCCAATAGGAT.1,epithelial
GACTCTCTCCGACATA.1,epithelial
GACTGATCAAGTCGTT.1,Proliferating
GACTGATCATCGATAC.1,stress
GACTGATCATTGCTGA.1,mucous
GACTGATGTCACTCAA.1,mucous
GACTGATGTGTCACAT.1,quality
GACTTCCAGGCACGAT.1,like
GACTTCCAGTAGGTTA.1,stress
GACTTCCAGTGAGGCT.1,stress
GACTTCCGTACAGCGA.1,stress
GACTTCCTCTTACTGT.1,epithelial
GAGAAATAGGCTTAAA.1,like
GAGAAATAGGTGGCTA.1,like
GAGAAATCAACAGAGC.1,quality
GAGAAATCAATCGCAT.1,quality
GAGAAATGTTGCCTAA.1,quality
GAGAAATGTTGTGCCG.1,epithelial
GAGACCCAGGCCTGCT.1,like
GAGACCCAGGCGCTCT.1,stress
GAGACCCAGGTGCTGA.1,epithelial
GAGACCCCATATCTGG.1,quality
GAGACCCGTCTTGAAC.1,Proliferating
GAGACCCTCAAGCCGC.1,Proliferating
GAGACCCTCATTCATC.1,like
GAGACCCTCGGATAAA.1,mucous
GAGACCCTCGTCGATA.1,quality
GAGACCCTCGTGTGAT.1,mucous
GAGACTTAGCACACAG.1,epithelial
GAGACTTAGTCGAGGT.1,like
GAGACTTCACCAAATC.1,mucous
GAGACTTGTAACGTTC.1,like
GAGACTTTCGAGTGAG.1,epithelial
GAGAGGTAGGGATGTC.1,like
GAGAGGTCAGAAATCA.1,like
GAGAGGTGTTAGGAGC.1,stress
GAGAGGTGTTTACGTG.1,quality
GAGAGGTTCGAGAGAC.1,like
GAGAGGTTCGTAGCCG.1,like
GAGATGGAGGATTTAG.1,quality
GAGATGGTCATATGGC.1,epithelial
GAGATGGTCCCGAAAT.1,quality
GAGCCTGCAGCCGGTT.1,epithelial
GAGCCTGCATGATCTG.1,quality
GAGCCTGGTTAAGAAC.1,like
GAGCCTGTCATCACTT.1,epithelial
GAGCCTGTCATTGGTG.1,quality
GAGCTGCCACTCGATA.1,like
GAGCTGCCAGGGTCTC.1,like
GAGCTGCGTAGTCGGA.1,like
GAGCTGCTCCCGGTAG.1,quality
GAGCTGCTCTTCCCGA.1,stress
GAGGCAACAGCACGAA.1,quality
GAGGCAACATCTTCGC.1,epithelial
GAGGCAACATGACTTG.1,quality
GAGGCAATCAAGCGTT.1,like
GAGGCAATCCTCAGAA.1,quality
GAGGCAATCTAGCCAA.1,like
GAGGCCTCAAGTCCCG.1,stress
GAGGCCTCAGCTAACT.1,epithelial
GAGGCCTCATTCAGCA.1,like
GAGGCCTGTGTGATGG.1,quality
GAGGCCTTCATCGCCT.1,mucous
GAGGCCTTCCTAGCGG.1,Endocrine
GAGGGATAGTAGTCTC.1,epithelial
GAGGGATCAAGATCCT.1,mucous
GAGGGATCACTCAAGT.1,mucous
GAGGGATCATCCTCAC.1,quality
GAGGGATTCATTGCCC.1,stress
GAGGGATTCGTCGATA.1,mucous
GAGGGTAAGTCACGCC.1,mucous
GAGGGTACATTGCCGG.1,like
GAGGGTAGTGACCGTC.1,like
GAGGGTATCCTACCAC.1,epithelial
GAGTCATAGGAAGAAC.1,epithelial
GAGTCATCATGACTGT.1,quality
GAGTCATGTCGATTTG.1,like
GAGTCATGTGTTCGAT.1,mucous
GAGTCATTCACTGATG.1,quality
GAGTCATTCTACCAGA.1,stress
GAGTCATTCTTCCAGC.1,stress
GAGTCTAAGCATGCAG.1,stress
GAGTCTACACAGCATT.1,like
GAGTCTAGTAACATCC.1,quality
GAGTCTAGTCTGTGCG.1,epithelial
GAGTCTATCGCTGTCT.1,epithelial
GAGTCTATCTTTCTAG.1,mucous
GAGTGAGAGTCACTAC.1,quality
GAGTGAGGTCAAGGCA.1,mucous
GAGTGAGGTGGCTACC.1,epithelial
GAGTGTTCACTTCAAG.1,epithelial
GAGTGTTTCAAGCGTT.1,quality
GAGTTACCAGAGTGTG.1,like
GAGTTACGTACTAACC.1,like
GAGTTACTCCGAGATT.1,like
GAGTTACTCGCCTAGG.1,quality
GAGTTACTCTCATAGG.1,mucous
GAGTTGTAGGAGCTGT.1,Proliferating
GAGTTGTAGGGTTGCA.1,epithelial
GAGTTGTCAAGTCCAT.1,like
GAGTTGTCATCGAGCC.1,epithelial
GAGTTGTGTAATGTGA.1,mucous
GAGTTGTGTACTAACC.1,quality
GAGTTGTGTCCTTGTC.1,epithelial
GAGTTTGCAAGTGACG.1,epithelial
GAGTTTGCAGCAGTCC.1,epithelial
GAGTTTGTCGTGCACG.1,like
GAGTTTGTCTGTCGTC.1,like
GATAGAAGTAGTTAGA.1,like
GATAGAAGTGCCGTAC.1,epithelial
GATAGAATCTACAGGT.1,mucous
GATAGCTAGACATATG.1,mucous
GATAGCTCACTGGCGT.1,like
GATAGCTCAGTGACCC.1,stress
GATAGCTCATGCACTA.1,like
GATCACAAGAGTAACT.1,epithelial
GATCACAGTTATGGTC.1,epithelial
GATCACATCACTGTTT.1,epithelial
GATCAGTAGCCGAACA.1,stress
GATCAGTAGCGATGCA.1,mucous
GATCAGTGTACAAAGT.1,epithelial
GATCAGTGTATTAAGG.1,mucous
GATCAGTGTCACCTTC.1,quality
GATCAGTTCTTTCCGG.1,like
GATCATGGTACTCAAC.1,like
GATCATGGTAGTTAGA.1,quality
GATCATGTCCAGTTCC.1,mucous
GATCATGTCCTAGAGT.1,mucous
GATCCCTCACGTTGGC.1,mucous
GATCCCTCAGTCTGGC.1,quality
GATCCCTCATGAGTAA.1,stress
GATCCCTGTTCAAAGA.1,epithelial
GATCCCTTCAACCGAT.1,quality
GATCGTAAGCCTATCA.1,like
GATCGTACACCTGTCT.1,quality
GATCGTAGTAGAGTTA.1,like
GATCGTATCCCTCTCC.1,quality
GATCGTATCTCTGAGA.1,like
GATGACTAGCCTATTG.1,like
GATGACTGTCTTCATT.1,like
GATGACTTCTACCCAC.1,like
GATGAGGAGGTCGTCC.1,epithelial
GATGAGGAGTACGTCT.1,Proliferating
GATGAGGCAAAGGTTA.1,epithelial
GATGAGGGTTTGGGAG.1,stress
GATGAGGTCAAACGTC.1,stress
GATGATCAGAGTTCGG.1,epithelial
GATGATCCAACTCCAA.1,quality
GATGATCCAGCAGACA.1,like
GATGATCCATATTCGG.1,like
GATGATCGTAACAAGT.1,epithelial
GATGATCGTTCGGTTA.1,mucous
GATGCTACAGCTAACT.1,stress
GATGCTACATACTGAC.1,mucous
GATGCTATCAATCCAG.1,like
GATGCTATCCCGATCT.1,epithelial
GATGCTATCGCACGGT.1,stress
GATGGAGAGGCCCGTT.1,epithelial
GATGGAGGTTAGCTAC.1,quality
GATGGAGTCGGAATTC.1,mucous
GATGGAGTCGTTCATT.1,Proliferating
GATGTTGCACCGTCGA.1,epithelial
GATGTTGGTTTGCCGG.1,quality
GATTCGAAGCCTGGAA.1,quality
GATTCGACATCGCTCT.1,stress
GATTCGAGTCGGAACA.1,quality
GATTCTTAGGTAGGCT.1,epithelial
GATTCTTCACGCGGTT.1,stress
GATTCTTCATACTTTC.1,epithelial
GATTGGTCACACTTAG.1,epithelial
GATTGGTGTAGGCTGA.1,like
GATTGGTGTCCAAAGG.1,like
GATTTCTAGGCAGGTT.1,epithelial
GATTTCTCACATTGTG.1,epithelial
GATTTCTGTACTGACT.1,mucous
GATTTCTTCGCTCTCA.1,epithelial
GATTTCTTCTCATGCC.1,mucous
GATTTCTTCTCGCGTT.1,like
GCAACATAGGCGTTAG.1,mucous
GCAACATAGTCTCCTC.1,epithelial
GCAACATGTGAGTTTC.1,stress
GCAACATGTTACGATC.1,like
GCAACATGTTGTGCAT.1,like
GCAACATTCCGTCAAA.1,mucous
GCAACATTCTTGCAGA.1,epithelial
GCAACCGAGTCGGCCT.1,epithelial
GCAACCGCAAGCGCAA.1,mucous
GCAACCGCACTCCTTG.1,epithelial
GCAACCGTCCAAACCA.1,epithelial
GCAACCGTCGAACCTA.1,stress
GCAACCGTCGCCAGTG.1,like
GCAACCGTCGTGTGGC.1,like
GCAACCGTCTGTCCCA.1,quality
GCACATAAGAGTCGAC.1,epithelial
GCACATAGTCGCTTGG.1,epithelial
GCACATATCAGACAAA.1,stress
GCACGGTAGCGACTTT.1,like
GCACGGTAGGACTGGT.1,epithelial
GCACGGTAGTCAGCCC.1,quality
GCACGGTGTAGCACAG.1,mucous
GCACGGTTCCGCACTT.1,mucous
GCACGTGAGAAATTCG.1,like
GCACGTGAGACGGATC.1,epithelial
GCACGTGCATCCGAGC.1,Endocrine
GCACGTGGTATGCTTG.1,mucous
GCACTAACACAGCATT.1,mucous
GCACTAACAGTCAGTT.1,epithelial
GCACTAACATACTTTC.1,Proliferating
GCACTAACATATGGCT.1,mucous
GCACTAACATTGGGAG.1,like
GCACTAATCGCGAAGA.1,mucous
GCAGCCAAGGCAGCTA.1,like
GCAGCCACATTGAGCT.1,quality
GCAGCCAGTAGACGTG.1,quality
GCAGCCAGTCGGCACT.1,quality
GCAGCCAGTCGTGTTA.1,epithelial
GCAGCCAGTTAAGACA.1,quality
GCAGCCATCATGGCCG.1,quality
GCAGCCATCATTCTTG.1,like
GCAGCCATCTGTGCAA.1,Proliferating
GCAGCCATCTTGAGCA.1,epithelial
GCAGCTGAGGTTGGAC.1,epithelial
GCAGCTGAGTCTCGTA.1,mucous
GCAGCTGCAAGTATCC.1,like
GCAGCTGCAATTGCTG.1,quality
GCAGCTGCATCATGAC.1,stress
GCAGCTGGTGTACGCC.1,like
GCAGCTGGTTAGAGAT.1,Endocrine
GCAGCTGTCGAAGCAG.1,epithelial
GCAGGCTAGTTAGTGA.1,quality
GCAGGCTCATGACAGG.1,mucous
GCAGGCTTCAGGAAAT.1,like
GCAGTTAAGGGACTGT.1,mucous
GCAGTTACACTGTTCC.1,quality
GCAGTTACACTTGTCC.1,stress
GCAGTTAGTCTGTAAC.1,like
GCAGTTAGTGAATTGA.1,Proliferating
GCAGTTAGTGGATCGA.1,stress
GCAGTTAGTGGCTAGA.1,like
GCAGTTATCTACCTTA.1,mucous
GCATCGGAGACTGGGT.1,epithelial
GCATCGGCAATCCTTT.1,mucous
GCATCGGTCATTGAGC.1,epithelial
GCATCGGTCCAATCCC.1,like
GCATCGGTCTGACCCT.1,epithelial
GCATCTCAGCAGTAAT.1,Endocrine
GCATCTCAGGCGCTCT.1,epithelial
GCATCTCAGGTAGGCT.1,stress
GCATCTCCAGCTCCTT.1,mucous
GCATCTCGTGAAGCTG.1,like
GCATGATAGCCTCACG.1,mucous
GCATGATCAAAGGGTC.1,epithelial
GCATGATCAGACATCT.1,quality
GCATGATGTAGGGTAC.1,mucous
GCATGATTCGTAGCTA.1,like
GCATTAGAGCCTATCA.1,like
GCATTAGAGCTCATAC.1,epithelial
GCATTAGAGTGAGCCA.1,like
GCATTAGCAGGTTCCG.1,mucous
GCATTAGGTCTTCATT.1,epithelial
GCATTAGTCCAGTGTA.1,quality
GCATTAGTCCGGGACT.1,quality
GCATTAGTCGCGCCAA.1,epithelial
GCCAACGCACGGGCTT.1,quality
GCCAACGGTCAAATCC.1,mucous
GCCAACGGTTGACTGT.1,like
GCCAACGTCAGCTGTA.1,Proliferating
GCCAACGTCGGAGTAG.1,like
GCCAACGTCTAGGCAT.1,epithelial
GCCAGCAAGATACTGA.1,like
GCCAGCAAGGTGAGAA.1,like
GCCAGCAGTAACATGA.1,stress
GCCAGCAGTACTCCCT.1,quality
GCCAGCAGTTTGGCTA.1,epithelial
GCCAGCATCCAACTGA.1,like
GCCAGGTAGCTCAGAG.1,quality
GCCAGGTCAGATCATC.1,quality
GCCAGGTTCAAATGAG.1,quality
GCCAGGTTCCAAAGGG.1,quality
GCCAGGTTCCGATCGG.1,mucous
GCCAGGTTCTCTCCGA.1,stress
GCCAGTGCAGGGTCTC.1,stress
GCCAGTGGTACCCAGC.1,like
GCCAGTGGTCGGTGTC.1,epithelial
GCCATGGGTAATTAGG.1,epithelial
GCCATGGGTATTCCGA.1,quality
GCCATGGTCAGCTTCC.1,quality
GCCATTCAGAGTGTTA.1,Proliferating
GCCATTCGTTGTCTAG.1,Proliferating
GCCATTCTCCGTGGCA.1,epithelial
GCCATTCTCGTAACCA.1,epithelial
GCCCAGAAGCGTGAAC.1,like
GCCCAGAAGTAATACG.1,Endocrine
GCCCAGAGTACTCGTA.1,stress
GCCCAGAGTATCGGTT.1,mucous
GCCCAGAGTGTGTCGC.1,quality
GCCCAGATCGATACGT.1,quality
GCCCGAACAAGCCATT.1,mucous
GCCCGAAGTCGTGATT.1,epithelial
GCCCGAAGTGGATACG.1,epithelial
GCCCGAATCAAACTGC.1,quality
GCCCGAATCAAAGAAC.1,epithelial
GCCCGAATCATTCGGA.1,quality
GCCGATGCAGCATGCC.1,stress
GCCGATGGTAGAATGT.1,mucous
GCCGATGGTTATGTGC.1,stress
GCCGATGGTTGTAGCT.1,epithelial
GCCGATGTCCACCTGT.1,quality
GCCGTGAAGTTCACTG.1,like
GCCGTGACAGGTTCGC.1,epithelial
GCCGTGACATGGAACG.1,mucous
GCCGTGAGTGAACGGT.1,epithelial
GCCGTGATCCCGTGAG.1,quality
GCCGTGATCGAGGCAA.1,epithelial
GCCGTGATCTCCTGCA.1,Proliferating
GCCTGTTAGCCTGAGA.1,Proliferating
GCCTGTTAGGGCCCTT.1,quality
GCCTGTTCAATGTCAC.1,like
GCCTGTTCACTGGCGT.1,stress
GCCTGTTGTCTAATCG.1,quality
GCCTGTTTCAAAGCCT.1,stress
GCCTGTTTCAGGACAG.1,like
GCGAGAACATGCCGGT.1,epithelial
GCGAGAAGTTCCAAAC.1,like
GCGATCGAGATAGTGT.1,Proliferating
GCGATCGAGCCACAAG.1,mucous
GCGATCGAGTGCAACG.1,quality
GCGATCGCAAATAGCA.1,like
GCGATCGCAACAAGTA.1,quality
GCGATCGCAAGTTGGG.1,epithelial
GCGATCGCACCCTTAC.1,epithelial
GCGATCGCATGGAATA.1,mucous
GCGATCGGTAGAGATT.1,epithelial
GCGATCGGTTTCACAG.1,like
GCGATCGTCACCGACG.1,epithelial
GCGATCGTCGACCATA.1,epithelial
GCGGAAAAGAACCGCA.1,like
GCGGAAACAACCGATT.1,quality
GCGGAAACAAGTGGGT.1,quality
GCGGAAATCACGATCA.1,like
GCGGATCAGCTAGATA.1,Endocrine
GCGGATCGTTGTGGCC.1,like
GCGTGCAAGGTTCTAC.1,epithelial
GCGTGCACACTCAAGT.1,mucous
GCGTGCACAGTCAGTT.1,quality
GCGTGCAGTGGCTGAA.1,quality
GCGTGCAGTGTTCAGT.1,mucous
GCGTGCATCCGTAGGC.1,like
GCGTGCATCGTTCGCT.1,like
GCGTTTCAGCTAGTTC.1,epithelial
GCGTTTCAGGCATCAG.1,epithelial
GCGTTTCCACCTATCC.1,like
GCGTTTCCATACTGTG.1,like
GCGTTTCGTTACTCAG.1,mucous
GCGTTTCTCGGCATTA.1,quality
GCTACAACAAAGGTTA.1,like
GCTACAACAGCATTGT.1,epithelial
GCTACAACATGACACT.1,stress
GCTACAATCCGAGGCT.1,stress
GCTACCTCATAGCTGT.1,like
GCTACCTCATGTGCCG.1,like
GCTACCTGTGCATCTA.1,like
GCTACCTGTTGTGGCC.1,quality
GCTACCTTCCGGTAGC.1,like
GCTACCTTCGATTTCT.1,mucous
GCTCAAACATTAGGCT.1,stress
GCTCAAAGTAGGTGCA.1,quality
GCTCAAATCCTCGCAT.1,stress
GCTCAAATCCTCTAGC.1,quality
GCTGAATGTAATGTGA.1,epithelial
GCTGAATGTTGGAGAC.1,quality
GCTGAATTCATGCGGC.1,stress
GCTGCAGCAAGTTGGG.1,like
GCTGCAGCACAGCCAC.1,like
GCTGCAGCACTGCATA.1,quality
GCTGCAGTCGAACGCC.1,stress
GCTGCAGTCTCTTGCG.1,quality
GCTGGGTAGTACAACA.1,Proliferating
GCTGGGTAGTTCACTG.1,mucous
GCTGGGTGTTGTTGTG.1,epithelial
GCTTCACAGGTCCCTG.1,quality
GCTTCACAGTATGGAT.1,quality
GCTTCACCACTCTGCT.1,quality
GCTTCACGTAAGATCA.1,mucous
GCTTCACTCCATCACC.1,stress
GCTTGGGAGCAGGCAT.1,mucous
GCTTGGGCACGCGTGT.1,epithelial
GCTTGGGCAGCTATTG.1,epithelial
GCTTGGGGTCTTTCTA.1,epithelial
GCTTGGGGTTGTACGT.1,mucous
GCTTTCGAGAACAAGG.1,quality
GCTTTCGAGACAACAT.1,stress
GCTTTCGAGAGAGTGA.1,quality
GCTTTCGAGTTTGCTG.1,epithelial
GCTTTCGGTCGAAGCA.1,epithelial
GCTTTCGGTGATAGAT.1,epithelial
GCTTTCGTCAGGAAAT.1,mucous
GCTTTCGTCGACCAAT.1,quality
GGAACCCAGATGCCGA.1,mucous
GGAACCCCAAATCGTC.1,like
GGAACCCCATAATGAG.1,like
GGAACCCGTGACAACG.1,stress
GGAAGTGAGAGTTGTA.1,epithelial
GGAAGTGTCCTACCGT.1,stress
GGAATCTAGATGCAGC.1,epithelial
GGAATCTAGTCGCGAA.1,like
GGAATCTGTGGTCTTA.1,epithelial
GGAATCTTCATAGACC.1,stress
GGAATGGAGGTCTGGA.1,stress
GGAATGGCAAGGATGC.1,mucous
GGAATGGCACACACTA.1,epithelial
GGAATGGGTAACTGCT.1,epithelial
GGAATGGGTTAGAGAT.1,quality
GGACGTCAGTAGGCCA.1,epithelial
GGACGTCAGTTGAAAC.1,epithelial
GGACGTCCACGACGAA.1,epithelial
GGACGTCGTTACGGAG.1,epithelial
GGACGTCTCACTTGGA.1,mucous
GGACGTCTCAGGAGAC.1,mucous
GGAGAACAGAGGGTAA.1,quality
GGAGAACAGCACTAGG.1,epithelial
GGAGAACGTGTTGACT.1,stress
GGAGAACTCAAGTCTG.1,epithelial
GGAGAACTCTGGGATT.1,epithelial
GGAGATGAGCATTTCG.1,like
GGAGATGAGGGTTAGC.1,epithelial
GGAGATGCACAAACGG.1,mucous
GGAGATGCACGAGGTA.1,mucous
GGAGATGGTATCGCGC.1,stress
GGAGATGGTGTCTAAC.1,like
GGAGATGTCCCATTTA.1,stress
GGAGATGTCGCGTAGC.1,epithelial
GGAGATGTCTGTGCAA.1,mucous
GGAGCAAAGACCCGCT.1,epithelial
GGAGCAAAGAGAGCAA.1,like
GGAGCAACACAGCTTA.1,Proliferating
GGAGCAACATGTTTGG.1,Immune
GGAGCAAGTAAGAACT.1,mucous
GGAGCAAGTCAGCGTC.1,stress
GGAGCAATCAATCGGT.1,mucous
GGAGCAATCGCCGAAC.1,quality
GGAGGATAGAATCGCG.1,epithelial
GGAGGATAGCTAAACA.1,epithelial
GGAGGATAGCTCATAC.1,quality
GGAGGATCAATAGGAT.1,epithelial
GGAGGATCAATGCAAA.1,Proliferating
GGAGGATCAGCTTTGA.1,like
GGAGGATGTAATCAAG.1,stress
GGAGGATGTGCAACGA.1,like
GGAGGATTCCCTAGGG.1,like
GGAGGATTCTACGGGC.1,quality
GGAGGTACAGAGCCCT.1,quality
GGAGGTAGTCCTACGG.1,mucous
GGAGGTATCACCTCTG.1,quality
GGATCTAAGGCGTTGA.1,epithelial
GGATCTACAATAACGA.1,quality
GGATCTACACCAAAGG.1,stress
GGATCTACACGCGCTA.1,like
GGATCTACAGTCGTTA.1,quality
GGATCTACATCCTGTC.1,stress
GGATCTAGTATCGTGT.1,quality
GGATGTTAGAGATCGC.1,epithelial
GGATGTTCAAAGGATT.1,stress
GGATGTTCACAACGAG.1,epithelial
GGATGTTGTCACGACC.1,epithelial
GGATGTTGTTCTCCTG.1,epithelial
GGCACGTAGCAGCCTC.1,mucous
GGCACGTCAATACCCA.1,like
GGCACGTCAGACAAGC.1,like
GGCACGTGTACATTGC.1,epithelial
GGCACGTGTCAGTCTA.1,epithelial
GGCACGTGTTTAAGGA.1,mucous
GGCACGTTCCATTGTT.1,mucous
GGCAGTCAGCGATGGT.1,Proliferating
GGCAGTCCACCGTACG.1,mucous
GGCAGTCCACCTCAGG.1,quality
GGCAGTCGTTCCTACC.1,epithelial
GGCAGTCGTTGTGTTG.1,epithelial
GGCAGTCTCTAGGAAA.1,quality
GGCGTCAAGACTCAAA.1,like
GGCGTCACAGCGTTTA.1,mucous
GGCGTCACAGGTGAGT.1,epithelial
GGCGTCACATACTGTG.1,Proliferating
GGCGTCAGTAGATCGG.1,quality
GGCGTCATCGAGGCAA.1,mucous
GGCGTCATCGCCGATG.1,like
GGCTGTGAGCCTGTGC.1,mucous
GGCTGTGAGGAGAATG.1,mucous
GGCTGTGAGTATTGCC.1,like
GGCTGTGAGTGAACAT.1,epithelial
GGCTGTGCAGCTACTA.1,like
GGCTGTGGTATCACCA.1,stress
GGCTGTGGTGTCTAAC.1,like
GGCTGTGGTTAGAAAC.1,mucous
GGCTTGGCATGCTGCG.1,epithelial
GGCTTGGGTAAGACCG.1,epithelial
GGCTTGGTCACCTGGG.1,like
GGCTTGGTCTACGCGG.1,like
GGCTTTCCAAGCTCTA.1,like
GGCTTTCGTGATCGTT.1,Immune
GGCTTTCGTGGCTAGA.1,quality
GGCTTTCTCATCGCCT.1,epithelial
GGCTTTCTCCGATCGG.1,epithelial
GGGAAGTAGGCTAACG.1,epithelial
GGGAAGTCAGGCTCTG.1,like
GGGAAGTGTACGGTTT.1,like
GGGAAGTGTGACTGAG.1,epithelial
GGGAAGTGTGCCTATA.1,stress
GGGAAGTTCAAGGCTT.1,epithelial
GGGAAGTTCCCTCAAC.1,Immune
GGGAAGTTCCTAGCGG.1,epithelial
GGGAAGTTCGAGTTGT.1,quality
GGGACAACAACCAACT.1,epithelial
GGGACAACAATGTCTG.1,stress
GGGACAAGTCCTTGTC.1,like
GGGACAAGTGAGGCAT.1,Proliferating
GGGACAATCCGGACGT.1,stress
GGGACAATCGGACTTA.1,quality
GGGACCTAGAGATTCA.1,quality
GGGACCTGTGGCTGAA.1,quality
GGGACCTGTTCACCGG.1,like
GGGACCTTCAGCAATC.1,stress
GGGACCTTCCTCATAT.1,epithelial
GGGACCTTCTGACGCG.1,mucous
GGGACTCAGGAGTCTG.1,epithelial
GGGACTCGTAGTCGGA.1,epithelial
GGGACTCGTATTTCGG.1,like
GGGACTCGTCCTACAA.1,stress
GGGACTCGTCTCAAGT.1,Proliferating
GGGACTCGTGCCTTCT.1,like
GGGACTCTCATAAGGA.1,quality
GGGACTCTCGAAGTGG.1,stress
GGGAGATAGCAGGCAT.1,stress
GGGAGATAGGAGCTGT.1,like
GGGAGATCAGGCATGA.1,quality
GGGAGATCATACAGCT.1,epithelial
GGGAGATGTAGTCCTA.1,epithelial
GGGAGATGTTAGGGAC.1,stress
GGGAGATGTTCTAAGC.1,epithelial
GGGAGTAAGAAGCGGG.1,Proliferating
GGGAGTAAGGATGCGT.1,quality
GGGAGTACACGATAGG.1,like
GGGAGTACAGACTCTA.1,stress
GGGAGTACAGGAGGAG.1,epithelial
GGGAGTAGTTCTTGTT.1,mucous
GGGAGTATCAGCTTCC.1,epithelial
GGGAGTATCCGTTTCG.1,epithelial
GGGATCCAGGTAAGTT.1,mucous
GGGATCCCAAATGGAT.1,like
GGGATCCCAAGAGCTG.1,mucous
GGGATCCCAAGTGGGT.1,epithelial
GGGATCCGTAACCCTA.1,quality
GGGATCCGTAGAGCTG.1,epithelial
GGGATCCGTTGTACGT.1,mucous
GGGATGACATTGCCGG.1,like
GGGATGAGTCCTTTGC.1,stress
GGGATGAGTGTGCTTA.1,stress
GGGATGAGTTCGCGTG.1,mucous
GGGATGATCCACGTAA.1,mucous
GGGATGATCTCAAAGC.1,mucous
GGGCCATAGATTAGTG.1,quality
GGGCCATCAAGCACCC.1,epithelial
GGGCCATCACGGCGTT.1,epithelial
GGGCCATGTCACAATC.1,epithelial
GGGCGTTAGCTTTGTG.1,stress
GGGCGTTCACAGCGCT.1,like
GGGCGTTCAGTAGATA.1,mucous
GGGCGTTCATGACTCA.1,stress
GGGCGTTGTTATAGCC.1,mucous
GGGCGTTTCCGGACTG.1,mucous
GGGCTACGTGAAGCGT.1,like
GGGCTCAAGACATGCG.1,quality
GGGCTCAAGGCCTTCG.1,epithelial
GGGCTCACACCTGTCT.1,epithelial
GGGCTCAGTATTTCCT.1,like
GGGCTCAGTCGTGATT.1,epithelial
GGGCTCAGTTGCAAGG.1,stress
GGGCTCAGTTTACGAC.1,mucous
GGGCTCATCTATGCCC.1,quality
GGGTAGACAGTAACAA.1,Proliferating
GGGTAGATCAGCCTTC.1,epithelial
GGGTAGATCGCTGATA.1,stress
GGGTATTTCGGCTCTT.1,stress
GGGTCACAGCCAAGGT.1,stress
GGGTCACAGTTACGAA.1,epithelial
GGGTCACTCAGTCTTT.1,epithelial
GGGTCTGAGCGCATCC.1,mucous
GGGTCTGAGTAAACGT.1,mucous
GGGTCTGCAATTGAAG.1,like
GGGTCTGGTACCGTCG.1,like
GGGTCTGGTGAGACCA.1,epithelial
GGGTGAAAGGAGGTTC.1,like
GGGTGAACACCATAAC.1,mucous
GGGTGAACACCCAACG.1,like
GGGTGAACACGAGAAC.1,epithelial
GGGTGAAGTCCCTGAG.1,like
GGGTGAAGTCGTAATC.1,epithelial
GGGTGAAGTTCGGACC.1,epithelial
GGGTGAATCAGCCCAG.1,stress
GGGTGTCAGGAACGTC.1,mucous
GGGTGTCAGGAGAATG.1,epithelial
GGGTGTCGTCAAATCC.1,mucous
GGGTGTCGTCGGTAAG.1,Endocrine
GGGTTATAGAAGTGTT.1,epithelial
GGGTTATAGCTGGCCT.1,epithelial
GGGTTATTCCTAACAG.1,mucous
GGGTTATTCTTACCAT.1,like
GGGTTTACAAGCAGGT.1,epithelial
GGGTTTACAGACCCGT.1,Proliferating
GGGTTTAGTAGCTTTG.1,mucous
GGGTTTAGTCAAAGAT.1,epithelial
GGTAACTAGAGTCCGA.1,quality
GGTAACTAGATAGGGA.1,stress
GGTAACTAGATCGCTT.1,like
GGTAACTAGTGCCCGT.1,epithelial
GGTAACTAGTTGGCTT.1,quality
GGTAACTCAAGCGATG.1,mucous
GGTAACTCAGCCATTA.1,stress
GGTAACTCAGCGGTCT.1,mucous
GGTAACTCAGGCGATA.1,stress
GGTAACTGTAGGTACG.1,mucous
GGTAACTGTTCTCTAT.1,like
GGTAACTTCAGTCTTT.1,epithelial
GGTAACTTCCAAGGGA.1,epithelial
GGTAATCAGAAGCGGG.1,like
GGTAATCAGACCAAAT.1,mucous
GGTAATCAGTATGTAG.1,epithelial
GGTAATCCACTGCGTG.1,mucous
GGTAATCGTGCTCCGA.1,stress
GGTAATCGTGGATGAC.1,epithelial
GGTAATCTCGATAACC.1,mucous
GGTAGAGAGACAGCTG.1,like
GGTAGAGAGCCGTCGT.1,epithelial
GGTAGAGAGGGTTAAT.1,epithelial
GGTAGAGAGTTGGCTT.1,like
GGTAGAGCATTGAAAG.1,mucous
GGTAGAGGTGTCGCTG.1,like
GGTAGAGTCCACAAGT.1,epithelial
GGTAGAGTCCTGTTGC.1,Proliferating
GGTAGAGTCTATCCAT.1,like
GGTCACGAGAGGGCGA.1,quality
GGTCACGAGGATGTTA.1,stress
GGTCACGCACTTACAG.1,mucous
GGTCACGCAGCTCCTT.1,epithelial
GGTCACGGTACAGTAA.1,like
GGTCACGGTGCGAGTA.1,like
GGTCACGTCTGGAGAG.1,quality
GGTCTGGAGGTTGGTG.1,stress
GGTCTGGGTGCGTGCT.1,mucous
GGTCTGGGTGTTTACG.1,quality
GGTCTGGTCGGCTTGG.1,quality
GGTGAAGAGAAGTCCG.1,like
GGTGAAGCACAAGCCC.1,quality
GGTGAAGCACCTTCGT.1,like
GGTGAAGCAGATGCGA.1,epithelial
GGTGAAGCAGGAGACT.1,epithelial
GGTGAAGCATGGATCT.1,quality
GGTGAAGGTAACTAAG.1,quality
GGTGAAGGTACTGAGG.1,epithelial
GGTGAAGGTGCATGAG.1,like
GGTGAAGGTGGGTTGA.1,like
GGTGATTAGGAACGAA.1,stress
GGTGATTGTGTGGTCC.1,quality
GGTGATTTCCAACCAA.1,stress
GGTGGCTAGCGAGTAC.1,like
GGTGTCGAGACCTTTG.1,epithelial
GGTGTCGGTCTACACA.1,quality
GGTGTCGGTTGAATCC.1,Endocrine
GGTGTCGTCGAATGCT.1,quality
GGTGTTAAGTGAGTGC.1,epithelial
GGTGTTAGTCCCAAAT.1,epithelial
GGTGTTAGTCCTGTCT.1,epithelial
GGTGTTAGTCGATGCC.1,mucous
GGTGTTAGTGTCCATA.1,epithelial
GGTGTTAGTTCCTTGC.1,like
GGTGTTATCTCCTGCA.1,epithelial
GGTTAACAGAGGTTAT.1,quality
GGTTAACAGTAAGCAT.1,epithelial
GGTTAACCAATTTCGG.1,like
GGTTAACGTCTGTCCT.1,stress
GGTTAACGTTATCCAG.1,quality
GGTTAACTCTCTCTTC.1,like
GGTTCTCAGTTGTAAG.1,epithelial
GGTTCTCGTCATACCA.1,stress
GGTTCTCGTGTTAACC.1,epithelial
GGTTCTCGTTCCGCAG.1,like
GGTTCTCTCGTAGTGT.1,mucous
GGTTGTAAGAGTACCG.1,epithelial
GGTTGTATCCGAGATT.1,like
GGTTGTATCTCTTGCG.1,mucous
GTAACACAGAAGAGCA.1,quality
GTAACACAGTCTCGTA.1,like
GTAACACCACACCTTC.1,mucous
GTAACACCACGGGCTT.1,quality
GTAACACTCTTCTGGC.1,quality
GTAACCAGTGGTTCTA.1,stress
GTAACCATCTGGGCAC.1,mucous
GTAACCATCTTCGATT.1,quality
GTAAGTCCATGCCGAC.1,epithelial
GTAAGTCGTAGGTCAG.1,quality
GTAAGTCTCCCGAGAC.1,mucous
GTAATCGCAGGCCTGT.1,like
GTAATCGCATGGAATA.1,quality
GTAATCGGTAAGACCG.1,quality
GTAATCGGTGTTCCAA.1,mucous
GTAATCGTCAAGTAAG.1,quality
GTAATCGTCTCTGCTG.1,like
GTAATGCAGATTAGAC.1,epithelial
GTAATGCAGTATGATG.1,mucous
GTAATGCGTCAACCAT.1,mucous
GTACAACAGCCTCCAG.1,like
GTACAACCAAAGGCTG.1,epithelial
GTACAACGTCTGCAAT.1,stress
GTACAACGTCTGTAGT.1,epithelial
GTACAACGTTACGCCG.1,mucous
GTACAACTCACTTATC.1,quality
GTACAGTAGGACGCTA.1,epithelial
GTACAGTAGGCGTCCT.1,mucous
GTACAGTAGGCTTCCG.1,like
GTACAGTGTCGCGGTT.1,mucous
GTAGAAAAGAAGTCTA.1,stress
GTAGAAAAGTCAACAA.1,mucous
GTAGAAACAAATGCTC.1,stress
GTAGAAACAGTCCGTG.1,quality
GTAGAGGAGGAGTACC.1,epithelial
GTAGAGGAGTCTCTGA.1,stress
GTAGAGGCAAGCGGAT.1,quality
GTAGAGGGTAGAGCTG.1,like
GTAGAGGTCTCCCAAC.1,Proliferating
GTAGAGGTCTCTCGAC.1,epithelial
GTAGATCAGAATTGTG.1,epithelial
GTAGATCAGAGCCGTA.1,epithelial
GTAGATCCACATGACT.1,epithelial
GTAGATCCATTCAGCA.1,epithelial
GTAGATCGTGACGTCC.1,quality
GTAGATCTCCCATACC.1,mucous
GTAGCTACATCGTCCT.1,epithelial
GTAGCTATCACGTCCT.1,epithelial
GTAGCTATCGCGATCG.1,mucous
GTAGCTATCTAGCAAC.1,quality
GTAGGAGAGTGCCTCG.1,like
GTAGGAGCAAGTGGAC.1,epithelial
GTAGGAGCACGGGTAA.1,epithelial
GTAGGAGCAGATCATC.1,Endocrine
GTAGGAGGTCCGGTGT.1,like
GTAGGTTAGAGTTCGG.1,stress
GTAGGTTCAATGGCAG.1,like
GTAGGTTCAGGTATGG.1,quality
GTAGTACAGAAAGTCT.1,like
GTAGTACAGTTAACGA.1,stress
GTAGTACGTCACTACA.1,like
GTAGTACGTTCACCGG.1,mucous
GTAGTACTCACGGGAA.1,epithelial
GTAGTACTCATGACAC.1,quality
GTATTGGGTTATTCCT.1,quality
GTATTGGTCCTAGAGT.1,epithelial
GTATTGGTCGCCAACG.1,quality
GTATTGGTCGGTCTGG.1,mucous
GTATTGGTCTGATGGT.1,like
GTATTTCAGCCGCACT.1,epithelial
GTATTTCGTGATCGTT.1,stress
GTCAAACAGAGCATCG.1,epithelial
GTCAAACAGATGAAGG.1,stress
GTCAAACAGCGCCTAC.1,epithelial
GTCAAACAGGAACGAA.1,stress
GTCAAACAGTGCGACA.1,epithelial
GTCAAACCAATGCAAA.1,stress
GTCAAACCAGTTTCAG.1,epithelial
GTCAAACTCAGCCTCT.1,quality
GTCAAGTTCCATCCGT.1,mucous
GTCAAGTTCTTGTGCC.1,mucous
GTCACGGAGAACAGGA.1,mucous
GTCACGGAGACTGGGT.1,Immune
GTCACGGAGGGATCTG.1,like
GTCACGGCAATGTCAC.1,mucous
GTCACGGCACATCATG.1,mucous
GTCACGGCACCTGCAG.1,like
GTCACGGCATAGAATG.1,like
GTCACGGCATGAAGGC.1,quality
GTCACGGGTCACGTGC.1,quality
GTCACGGGTGGGACAT.1,epithelial
GTCACTCAGATCGCTT.1,mucous
GTCACTCAGTCGTCTA.1,like
GTCACTCGTCGTTCAA.1,epithelial
GTCACTCGTTCCGCAG.1,epithelial
GTCACTCTCAGGCGAA.1,quality
GTCACTCTCCCGTGAG.1,quality
GTCACTCTCTCGTTTA.1,mucous
GTCAGCGAGCGGTATG.1,Proliferating
GTCAGCGAGGAACGTC.1,epithelial
GTCAGCGAGTATGTAG.1,like
GTCAGCGGTGCGAACA.1,quality
GTCAGCGTCCACACAA.1,like
GTCATCCAGGACAACC.1,quality
GTCATCCCAAGCGAAC.1,quality
GTCATCCCACTCTGCT.1,like
GTCATCCTCTGACCCT.1,epithelial
GTCATGACACGCGGTT.1,like
GTCATGACACGCTATA.1,Endocrine
GTCATGACACTCAGAT.1,mucous
GTCATGAGTTCGAGCC.1,like
GTCATGATCCTCACCA.1,epithelial
GTCATGATCTCTCGAC.1,like
GTCATTTAGCGCCTTG.1,epithelial
GTCATTTAGGCATCAG.1,like
GTCATTTAGTGCTAGG.1,like
GTCATTTGTCAGCGTC.1,epithelial
GTCATTTTCCACGTCT.1,like
GTCATTTTCCGCAGTG.1,like
GTCATTTTCGCTGATA.1,epithelial
GTCCACTAGCTTGTTG.1,like
GTCCACTCACCGAATT.1,quality
GTCCACTCACCTGATA.1,epithelial
GTCCACTCATCGGTTA.1,quality
GTCCACTGTGATTCTG.1,Immune
GTCCCATAGGTTGCCC.1,quality
GTCCCATCAATGTCAC.1,quality
GTCCCATCATAGCTGT.1,epithelial
GTCCCATCATCTTAGG.1,mucous
GTCCTCAAGCATCCCG.1,quality
GTCCTCACAGTCAGAG.1,like
GTCCTCACATGGACAG.1,mucous
GTCCTCAGTACTCCGG.1,epithelial
GTCCTCAGTTCCAGGC.1,like
GTCCTCAGTTCGTAAC.1,quality
GTCGAATAGCTGACAG.1,like
GTCGAATAGCTGGCTC.1,epithelial
GTCGAATCATGGACAG.1,epithelial
GTCGAATGTGGCGTAA.1,epithelial
GTCGAATTCCCATGGG.1,mucous
GTCGCGAAGCCGTCGT.1,epithelial
GTCGCGACACTTGGCG.1,epithelial
GTCGCGAGTTACCCTC.1,quality
GTCGTAAAGGCCTGAA.1,mucous
GTCGTAAAGGGAGGGT.1,Proliferating
GTCGTAACAATCTCTT.1,quality
GTCGTAATCACGGAGA.1,quality
GTCGTAATCAGGTAAA.1,mucous
GTCGTAATCGTACCTC.1,like
GTCGTAATCTCGAACA.1,like
GTCTACCAGCGTTCCG.1,like
GTCTACCCACCAAATC.1,epithelial
GTCTACCCACGAAAGC.1,epithelial
GTCTACCCATGCCGGT.1,quality
GTCTACCGTACCTAGT.1,stress
GTCTACCTCGCGTGAC.1,mucous
GTCTACCTCGGTAGAG.1,epithelial
GTCTAGACACGCAGTC.1,stress
GTCTAGATCACTTGGA.1,epithelial
GTCTAGATCCATCTGC.1,epithelial
GTCTAGATCGATTCCC.1,mucous
GTCTAGATCTGGGCCA.1,epithelial
GTCTCACAGAAGCCAC.1,stress
GTCTCACAGACCATGG.1,Proliferating
GTCTCACAGTTAGTAG.1,like
GTCTCACCATCCTATT.1,stress
GTCTCACGTAAGGCTG.1,epithelial
GTCTCACGTAGACACG.1,epithelial
GTCTGTCGTGGCTGCT.1,quality
GTCTGTCTCAAAGACA.1,stress
GTCTTTACACCACTGG.1,stress
GTCTTTAGTAACACCT.1,like
GTCTTTAGTTCTCACC.1,mucous
GTGACGCCAACACTAC.1,mucous
GTGACGCGTCGTACTA.1,epithelial
GTGAGCCCAATACCCA.1,like
GTGAGCCTCACACCCT.1,like
GTGAGCCTCACCGCTT.1,stress
GTGAGCCTCAGCAGAG.1,like
GTGAGGAAGAAGTATC.1,quality
GTGAGGAAGATGAACT.1,mucous
GTGAGGACAGGCATTT.1,quality
GTGAGGACATTGCCTC.1,like
GTGAGGAGTATATGGA.1,mucous
GTGAGGATCATCGACA.1,Proliferating
GTGAGTTCACGTACAT.1,stress
GTGAGTTCACTCCCTA.1,mucous
GTGAGTTCAGTATTCG.1,like
GTGAGTTGTTCCGCGA.1,epithelial
GTGATGTAGGGACAGG.1,like
GTGATGTCACCTCTAC.1,epithelial
GTGATGTCACGGGCTT.1,like
GTGATGTCAGAGTTCT.1,quality
GTGATGTCAGGCTATT.1,quality
GTGATGTGTCACTGAT.1,mucous
GTGATGTTCCTACGGG.1,epithelial
GTGATGTTCGCCGTGA.1,mucous
GTGCACGAGTCACTGT.1,quality
GTGCACGCAGTCGTTA.1,quality
GTGCACGGTAGAATAC.1,like
GTGCACGGTGCTATTG.1,like
GTGCACGTCCTAAACG.1,quality
GTGCAGCAGATGCGAC.1,quality
GTGCAGCGTATGCGGA.1,like
GTGCAGCTCCGCAACG.1,mucous
GTGCAGCTCCGGCTTT.1,stress
GTGCAGCTCCTAAACG.1,stress
GTGCGTGCAAGCCATT.1,like
GTGCGTGGTGGTCTTA.1,like
GTGCGTGTCCCTTGGT.1,like
GTGCGTGTCTGCGATA.1,stress
GTGCGTGTCTTGATTC.1,like
GTGCTGGAGCAAACAT.1,like
GTGCTGGCAGCAGAAC.1,stress
GTGCTGGTCACCCATC.1,like
GTGCTTCAGCGATGGT.1,mucous
GTGCTTCAGGACGCTA.1,stress
GTGCTTCGTGTTACAC.1,like
GTGCTTCTCGCCATAA.1,mucous
GTGCTTCTCGTGGAAG.1,stress
GTGGAAGAGGGTATAT.1,like
GTGGAAGAGTTACGAA.1,like
GTGGAAGCATCCAACA.1,like
GTGGAAGGTGTGATGG.1,epithelial
GTGGAAGTCAACGCTA.1,stress
GTGGAAGTCACGATAC.1,like
GTGGAAGTCCTGGCTT.1,mucous
GTGGAGAAGATGACCG.1,epithelial
GTGGAGAAGGCTTAAA.1,like
GTGGAGATCCGAGTGC.1,quality
GTGGCGTAGACTTAAG.1,stress
GTGGCGTAGCAGTCTT.1,like
GTGGCGTAGGTAAAGG.1,quality
GTGGCGTCAAGCTCTA.1,mucous
GTGGCGTTCCTCGCAT.1,stress
GTGGCGTTCTGAACGT.1,mucous
GTGGGAAAGTGGAAGA.1,epithelial
GTGGGAACACTCTCGT.1,epithelial
GTGGGAAGTCTCGCGA.1,quality
GTGGTTACACACACTA.1,mucous
GTGGTTAGTACAAGTA.1,quality
GTGTAACAGCGCTTCG.1,like
GTGTAACAGTACCGGA.1,like
GTGTAACAGTCACTCA.1,epithelial
GTGTAACCATGGCTAT.1,like
GTGTAACGTTCAAAGA.1,epithelial
GTGTAACTCGATGCTA.1,epithelial
GTGTAACTCGGATTAC.1,like
GTGTAACTCTCCGTGT.1,mucous
GTGTCCTAGACGGATC.1,epithelial
GTGTCCTCACGAGGTA.1,mucous
GTGTCCTCAGAAATCA.1,Proliferating
GTGTCCTTCACACCCT.1,mucous
GTGTCCTTCCCTATTA.1,epithelial
GTGTGATAGAAACTAC.1,mucous
GTGTGATAGTACCATC.1,like
GTGTGATCAGAATCGG.1,stress
GTGTGATCAGAATGTA.1,epithelial
GTGTGATCATGGAATA.1,epithelial
GTGTGATGTGGCGCTT.1,like
GTGTGATTCAGGACGA.1,like
GTGTGATTCCCTATTA.1,epithelial
GTGTGATTCGTTGTAG.1,epithelial
GTGTGGCAGCACTAAA.1,mucous
GTGTGGCAGGTACCTT.1,stress
GTGTGGCAGTTGTCGT.1,mucous
GTGTGGCCATTGCTGA.1,epithelial
GTGTGGCGTCTTACTT.1,like
GTGTGGCTCCACCCTA.1,quality
GTGTGGCTCCAGCAAT.1,mucous
GTGTGGCTCGTGGGTC.1,epithelial
GTGTGGCTCGTTATCT.1,Proliferating
GTGTGGCTCTTCCTAA.1,quality
GTGTTAGGTCTGCATA.1,like
GTGTTAGGTGTAGCAG.1,like
GTGTTAGTCGGACGTC.1,epithelial
GTGTTCCAGATCGGTG.1,like
GTGTTCCCACAAATGA.1,epithelial
GTGTTCCCAGGGCTTC.1,like
GTGTTCCTCCGATAGT.1,quality
GTGTTCCTCGTCTCAC.1,quality
GTTACAGCACAACGCC.1,epithelial
GTTACAGCAGGCATGA.1,like
GTTACAGCATAGACTC.1,quality
GTTACCCAGAGCCGAT.1,like
GTTACCCAGATGACAT.1,epithelial
GTTACCCCACCGCTAG.1,epithelial
GTTACCCCATAGAATG.1,Endocrine
GTTACCCTCCGTATGA.1,like
GTTACCCTCTACGCAA.1,mucous
GTTACCCTCTCAGAAC.1,mucous
GTTACGACAAATACAG.1,Proliferating
GTTACGACATCCTGTC.1,epithelial
GTTACGATCCACTTCG.1,epithelial
GTTACGATCGTTTACT.1,like
GTTACGATCTAGAGCT.1,epithelial
GTTAGACAGATGACAT.1,epithelial
GTTAGACCAATGTGGG.1,like
GTTAGACCACATGACT.1,mucous
GTTAGACGTAACGTTC.1,epithelial
GTTAGACGTACAAAGT.1,mucous
GTTAGACGTGACCGAA.1,stress
GTTAGACTCCTTATGT.1,quality
GTTAGTGCACTACAGT.1,stress
GTTAGTGCAGTGACCC.1,mucous
GTTAGTGTCTCCAAGA.1,like
GTTATGGAGTTCCGGC.1,mucous
GTTATGGGTCCGGATC.1,quality
GTTATGGTCTCCGATC.1,like
GTTCATTAGTCTAGCT.1,epithelial
GTTCATTCACAAGCTT.1,Endocrine
GTTCATTCACAGGATG.1,like
GTTCATTGTGAAGCGT.1,stress
GTTCATTTCCTCAGAA.1,quality
GTTCCGTGTCCAATCA.1,epithelial
GTTCCGTGTGCAGGAT.1,quality
GTTCCGTGTGTCTTAG.1,quality
GTTCCGTGTTTCGGCG.1,like
GTTCCGTTCATCCTAT.1,epithelial
GTTCCGTTCGCTCTAC.1,like
GTTCCGTTCTGCCTCA.1,epithelial
GTTCGCTAGACTACGG.1,like
GTTCGCTAGGGATCGT.1,epithelial
GTTCGCTAGTAGATCA.1,epithelial
GTTCGCTCACGTACAT.1,mucous
GTTCGCTCAGAGAGGG.1,like
GTTCGCTCAGGTCCGT.1,Proliferating
GTTCGCTCATCCGAGC.1,mucous
GTTCGCTCATCGTTCC.1,mucous
GTTCGCTGTCCGTACG.1,mucous
GTTCGCTGTCGCATCG.1,stress
GTTCTATAGAAACTAC.1,quality
GTTCTATCACAAAGCG.1,epithelial
GTTCTATCAGACCAGA.1,mucous
GTTCTATCAGGAATCG.1,epithelial
GTTGAACAGTAGCTCT.1,like
GTTGAACGTCTGTAGT.1,epithelial
GTTGAACGTGAGAGGG.1,like
GTTGCGGCAGTTGAAA.1,quality
GTTGCGGGTGACGTCC.1,epithelial
GTTGCGGGTGCAGATG.1,like
GTTGCGGGTTACGGAG.1,like
GTTGCGGGTTTGATCG.1,stress
GTTGCGGTCTGCATGA.1,stress
GTTGCTCCAGATCATC.1,quality
GTTGCTCCAGGCTACC.1,epithelial
GTTGCTCCAGGGAATC.1,epithelial
GTTGCTCGTCGCCACA.1,stress
GTTGCTCTCAGTCACA.1,quality
GTTGTAGAGAATCTAG.1,stress
GTTGTAGCAGCTGTCG.1,epithelial
GTTGTAGCAGTCCCGA.1,epithelial
GTTGTAGCAGTTGTCA.1,stress
GTTGTCCCAAATAAGC.1,quality
GTTGTCCGTCTACTGA.1,like
GTTGTCCTCAAATGCC.1,like
GTTGTCCTCCTGTACC.1,Proliferating
GTTGTGAAGCCAAGTG.1,mucous
GTTGTGACACTGTTCC.1,epithelial
GTTGTGACATCGAACT.1,epithelial
GTTGTGAGTACAGTCT.1,stress
GTTGTGATCCTTGAAG.1,like
GTTTACTAGTTTCGAC.1,stress
GTTTACTCACATGGTT.1,like
GTTTACTCAGCTCCTT.1,like
GTTTACTCAGCTGGTC.1,mucous
GTTTACTCATCCGAGC.1,quality
GTTTACTCATGTGTCA.1,mucous
GTTTACTGTCTCAAGT.1,quality
GTTTGGACAATAACGA.1,epithelial
GTTTGGACATTATGCG.1,quality
GTTTGGATCGCCAGAC.1,mucous
GTTTGGATCTTGATTC.1,like
TAACACGGTGCGGATA.1,like
TAACACGGTGTATCCA.1,quality
TAACACGTCGAACTCA.1,stress
TAACACGTCGTAGTCA.1,epithelial
TAACCAGCAGGTTCGC.1,mucous
TAACCAGTCCATGATG.1,epithelial
TAACCAGTCTACTGCC.1,quality
TAACCAGTCTATCGGA.1,mucous
TAACCAGTCTATCGTT.1,epithelial
TAACGACAGCAGGGAG.1,stress
TAACGACAGGAACGCT.1,epithelial
TAACGACTCCTACCGT.1,stress
TAACTTCAGACTCATC.1,mucous
TAACTTCAGTTCTACG.1,quality
TAACTTCCAATTTCGG.1,like
TAACTTCGTGCACAAG.1,Proliferating
TAACTTCGTTAGAAGT.1,like
TAACTTCTCTCATGCC.1,quality
TAAGCACAGTGTGTTC.1,like
TAAGCACCAAGCGATG.1,like
TAAGCACTCCGAAATC.1,epithelial
TAAGCACTCCGCACTT.1,epithelial
TAAGCCAAGACCAAAT.1,like
TAAGCCAAGTAGAATC.1,mucous
TAAGCGTAGCGAAACC.1,like
TAAGCGTAGTGTAGTA.1,stress
TAAGCGTGTGGCAGAT.1,mucous
TAAGCGTGTTACGGAG.1,epithelial
TAAGCGTGTTCCACGG.1,epithelial
TAAGCGTTCGGACTGC.1,stress
TAAGTCGAGAGTCACG.1,mucous
TAAGTCGAGTCGCCCA.1,like
TAAGTCGGTAGCGATG.1,mucous
TAAGTCGGTCGTGGTC.1,quality
TAAGTCGGTTGGCCTG.1,epithelial
TAAGTCGTCTCATAGG.1,mucous
TAATCTCAGACCTTTG.1,mucous
TAATCTCAGTGAGTTA.1,like
TAATCTCCATCGTGCG.1,stress
TAATCTCGTAAGAACT.1,like
TAATCTCTCCCGTTCA.1,mucous
TAATCTCTCGCAACAT.1,Endocrine
TAATTCCAGGATTCAA.1,like
TAATTCCAGTTGTACC.1,mucous
TAATTCCCACACCGCA.1,like
TAATTCCCACCGTGGT.1,quality
TAATTCCGTAGACGGT.1,stress
TAATTCCTCTACACTT.1,stress
TACAACGGTACTCGCG.1,epithelial
TACAACGTCTTTCTAG.1,Proliferating
TACACCCAGGTTGGTG.1,stress
TACACCCCAGATACCT.1,like
TACACCCCATGACTGT.1,quality
TACACCCGTGCGGTAA.1,stress
TACACCCTCCTACAAG.1,Proliferating
TACACCCTCGGCTGGT.1,quality
TACAGGTAGCAATAAC.1,mucous
TACAGGTAGCGAACTG.1,stress
TACAGGTAGTCGAATA.1,epithelial
TACAGGTCAACTACGT.1,mucous
TACAGGTCATGGCTAT.1,Proliferating
TACAGGTGTTGCTAGT.1,epithelial
TACAGGTTCGCGTGAC.1,epithelial
TACAGGTTCTGATGGT.1,like
TACAGGTTCTGTGCGG.1,stress
TACATTCAGTGGACTG.1,like
TACATTCCAGGAATAT.1,quality
TACATTCTCAGACCGC.1,like
TACCCACAGGGTGGGA.1,quality
TACCCACCAGAGGAAA.1,stress
TACCCACGTAGAATAC.1,quality
TACCCACGTCGGATTT.1,like
TACCCACTCCTAGAGT.1,stress
TACCCGTAGGCTTTCA.1,like
TACCCGTCACCCTTGT.1,mucous
TACCCGTGTACGGATG.1,epithelial
TACCCGTTCGCCAGAC.1,mucous
TACCGAAAGAGCACTG.1,stress
TACCGAACAGCTACCG.1,stress
TACCGAAGTTACCCAA.1,epithelial
TACCGGGCACCTGCGA.1,stress
TACCGGGGTGTGCCTG.1,epithelial
TACCGGGGTGTGTACT.1,mucous
TACCTCGAGCAGCCTC.1,epithelial
TACCTCGAGCTCGACC.1,quality
TACCTCGAGTAGCAAT.1,like
TACCTCGAGTGGCCTC.1,Immune
TACCTCGCAAACTCGT.1,epithelial
TACCTCGCAAGATGGC.1,quality
TACCTCGGTAGGGAGG.1,epithelial
TACCTCGGTCCTATAG.1,stress
TACCTCGTCAGTGTGT.1,quality
TACCTCGTCTCCTGTG.1,mucous
TACCTGCAGTGTACAA.1,quality
TACCTGCCAGTACTAC.1,mucous
TACCTGCGTCGACGCT.1,epithelial
TACCTGCGTTCGTAAC.1,epithelial
TACCTGCTCATTGCGA.1,stress
TACCTGCTCTAGTGTG.1,epithelial
TACCTGCTCTTCTGGC.1,quality
TACGCTCAGATACATG.1,like
TACGCTCAGTGAGTTA.1,epithelial
TACGCTCCAACGGCTC.1,quality
TACGCTCCACTTCAAG.1,epithelial
TACGCTCGTCACCTTC.1,like
TACGCTCGTCCCTAAA.1,quality
TACGCTCGTTCACCGG.1,like
TACGCTCGTTCTCCAC.1,mucous
TACGCTCTCGAATGCT.1,quality
TACGGGCAGCACGGAT.1,mucous
TACGGGCAGTGCCCGT.1,Proliferating
TACGGGCCAAGGTCGA.1,quality
TACGGGCCATTGAAGA.1,like
TACGGGCGTCAATGGG.1,epithelial
TACGGGCTCGGCTGAC.1,Proliferating
TACGGTAAGAAACTGT.1,like
TACGGTAAGCGTTCCG.1,epithelial
TACGGTATCGCAATGT.1,epithelial
TACGTCCAGACCAACG.1,quality
TACGTCCAGCGTTCAT.1,stress
TACGTCCCAGAGCGTA.1,mucous
TACGTCCGTCTGCCTT.1,epithelial
TACGTCCGTCTTAGTG.1,Proliferating
TACGTCCTCGATCCCT.1,Immune
TACTGCCAGGTTCACT.1,mucous
TACTGCCAGTTCATCG.1,stress
TACTGCCCAGCCATTA.1,quality
TACTGCCCAGTGGCTC.1,epithelial
TACTGCCGTGGATCGA.1,like
TACTGCCGTGGTCCGT.1,like
TACTGCCGTTTACACG.1,epithelial
TACTGCCTCCATGATG.1,Proliferating
TACTTACAGGCTAGCA.1,mucous
TACTTACCAGCTACCG.1,quality
TACTTACCATCACAGT.1,stress
TACTTACGTTGCGGAA.1,like
TACTTACTCGGCAGTC.1,epithelial
TACTTACTCTTCGACC.1,quality
TACTTCAAGCTGTGCC.1,stress
TACTTCAAGGCTCCCA.1,epithelial
TACTTCAAGGGTCACA.1,quality
TACTTCACAATACGCT.1,mucous
TACTTCAGTCATAAAG.1,stress
TACTTCAGTCCCGCAA.1,stress
TACTTCATCCTCACGT.1,epithelial
TACTTCATCGGACTTA.1,like
TACTTGTAGACGAGCT.1,mucous
TACTTGTCAGCCTTCT.1,quality
TACTTGTGTCAGCTTA.1,like
TACTTGTTCCAACACA.1,quality
TACTTGTTCGTACACA.1,epithelial
TACTTGTTCGTGCGAC.1,quality
TACTTGTTCTTCGACC.1,quality
TAGACCACAGAGGCTA.1,stress
TAGACCACATCCAACA.1,stress
TAGACCACATGGCCCA.1,like
TAGACCAGTCGGTACC.1,quality
TAGACCAGTTGCGGCT.1,quality
TAGACCATCACCATAG.1,like
TAGACCATCGTCTAAG.1,epithelial
TAGACTGCACAAAGTA.1,epithelial
TAGACTGCAGGACAGT.1,like
TAGACTGGTAGTACGG.1,mucous
TAGACTGGTTGTGCCG.1,Proliferating
TAGACTGTCAAGTCTG.1,Proliferating
TAGACTGTCGTACCTC.1,Endocrine
TAGAGTCAGCAAATGT.1,like
TAGAGTCCACATACGT.1,like
TAGAGTCCAGTAGAAT.1,stress
TAGAGTCCATGACGAG.1,quality
TAGAGTCGTGAATTAG.1,Proliferating
TAGAGTCTCAACCTCC.1,Endocrine
TAGAGTCTCCTTATCA.1,like
TAGATCGAGCCTGAAG.1,mucous
TAGATCGAGTCGAATA.1,epithelial
TAGATCGGTATAGGGC.1,epithelial
TAGATCGTCGTTCTCG.1,epithelial
TAGCACAAGCAAATCA.1,epithelial
TAGCACAAGGTAAGGA.1,epithelial
TAGCACAGTTAAGCAA.1,mucous
TAGGAGGAGGCTCACC.1,like
TAGGAGGCAGTCGGTC.1,quality
TAGGAGGGTAATACCC.1,quality
TAGGAGGTCGTCAACA.1,like
TAGGGTTCAATAGGGC.1,quality
TAGGGTTGTAGGGAGG.1,mucous
TAGGGTTGTCAATGGG.1,stress
TAGGGTTTCAACCGAT.1,stress
TAGGGTTTCATCTATC.1,like
TAGGGTTTCGGACGTC.1,quality
TAGGGTTTCTATTGTC.1,Endocrine
TAGGTACTCCCGTTCA.1,like
TAGGTACTCGGTAAGG.1,stress
TAGGTTGGTAGCTTTG.1,Proliferating
TAGGTTGTCCTGGGAC.1,stress
TAGTGCAAGAGCATCG.1,quality
TAGTGCAAGCATGCAG.1,mucous
TAGTGCAAGTCTGGTT.1,quality
TAGTGCAAGTGCTCGC.1,mucous
TAGTGCAGTCCATAGT.1,like
TAGTGCAGTGCACAAG.1,mucous
TATACCTCAAATGATG.1,like
TATACCTCACCCAATA.1,epithelial
TATACCTCACTGTCCT.1,like
TATACCTGTAGTCCTA.1,epithelial
TATACCTTCAGGAACG.1,like
TATACCTTCTGGTGCG.1,epithelial
TATATCCAGATTAGTG.1,quality
TATATCCAGCTAATGA.1,mucous
TATATCCAGGGTGAGG.1,epithelial
TATATCCCAGTAGAGC.1,like
TATATCCGTACGATTC.1,like
TATATCCGTCAATCTG.1,quality
TATATCCGTTGCCGCA.1,like
TATATCCTCCTTGACC.1,epithelial
TATCAGGAGAGATGCC.1,stress
TATCAGGAGGAGGGTG.1,epithelial
TATCAGGAGTTGGCGA.1,mucous
TATCAGGCACTTCAGA.1,mucous
TATCAGGCAGCGTGAA.1,epithelial
TATCAGGTCTTACCGC.1,stress
TATCCTAAGACATGCG.1,like
TATCCTAGTTAACAGA.1,stress
TATCCTATCGTAACAC.1,mucous
TATCGCCAGACTGGGT.1,mucous
TATCGCCAGCAGCAGT.1,epithelial
TATCGCCAGGCGCTTC.1,quality
TATCGCCAGTCTCCTC.1,like
TATCGCCTCGGCTCTT.1,like
TATCTGTAGCGTTCAT.1,epithelial
TATCTGTCATTGAGCT.1,epithelial
TATCTGTGTACGTTCA.1,epithelial
TATCTGTGTGTCCAAT.1,epithelial
TATCTGTTCGATGCAT.1,mucous
TATCTTGAGCACCAGA.1,mucous
TATCTTGCAATAGGGC.1,like
TATCTTGCAGCGCTTG.1,epithelial
TATCTTGCATATCTCT.1,like
TATCTTGGTACACGTT.1,like
TATCTTGGTAGTTAGA.1,Proliferating
TATCTTGGTGACCGTC.1,quality
TATCTTGGTGCATTAC.1,like
TATCTTGGTGCCGTAC.1,like
TATCTTGGTGTCCTAA.1,epithelial
TATGTTCAGCGTCAAG.1,like
TATGTTCCACAAATCC.1,like
TATGTTCCATAACAGA.1,mucous
TATGTTCGTCGATTCA.1,mucous
TATGTTCTCGCGGACT.1,like
TATGTTCTCTGCCTCA.1,Immune
TATGTTCTCTTGGGCG.1,like
TATTCCACAGCAGGAT.1,like
TATTCCATCCGATGCG.1,mucous
TATTGCTAGGGAGATA.1,like
TATTGCTCAATTGAAG.1,stress
TATTGCTCAGACCATT.1,Proliferating
TATTGCTCAGTTAGAA.1,like
TATTGCTGTAGGGAGG.1,Proliferating
TATTGCTGTCCGAAGA.1,epithelial
TATTGCTTCGCTCTAC.1,quality
TATTGGGAGCCTTTCC.1,mucous
TATTGGGAGCTAGTTC.1,epithelial
TATTGGGCAACACACT.1,quality
TATTGGGCATAGGTAA.1,mucous
TATTGGGTCCACCTGT.1,epithelial
TATTGGGTCCGTATAG.1,quality
TATTGGGTCTTCGGTC.1,mucous
TATTTCGAGACTGTTC.1,epithelial
TATTTCGAGTCATCCA.1,epithelial
TATTTCGCAACCCGCA.1,quality
TATTTCGCAGGTAGTG.1,mucous
TATTTCGTCGCAGTGC.1,mucous
TATTTCGTCGGTTGTA.1,like
TCAAGACCAAACCACT.1,like
TCAAGACCAAATAGCA.1,epithelial
TCAAGACCAATAACCC.1,epithelial
TCAAGACCACTCCCTA.1,like
TCAAGCAAGCACTTTG.1,epithelial
TCAAGCAAGCGCCATC.1,epithelial
TCAAGCAAGGTCACCC.1,like
TCAAGCAGTACATTGC.1,like
TCAAGCAGTCCACTCT.1,like
TCAAGCAGTCCAGTTA.1,quality
TCAAGCAGTGACTATC.1,epithelial
TCAAGTGAGGCATGGT.1,mucous
TCAAGTGGTCGTATGT.1,like
TCAAGTGTCAAATGCC.1,stress
TCAAGTGTCATTACGG.1,like
TCAAGTGTCGCGTCGA.1,epithelial
TCAATCTAGGCGTTGA.1,quality
TCAATCTAGTACAACA.1,epithelial
TCAATCTCAAGAATGT.1,epithelial
TCAATCTCAATCTGCA.1,like
TCAATCTCACAGCTTA.1,like
TCAATCTGTATCTCGA.1,stress
TCAATCTGTGTCTCCT.1,epithelial
TCAATCTTCGTCGACG.1,quality
TCAATTCAGTGATAGT.1,like
TCAATTCCAATAGTGA.1,like
TCAATTCCATCGCTGG.1,mucous
TCAATTCGTGCCTGCA.1,like
TCACAAGGTGTCATTG.1,mucous
TCACAAGGTGTGTGTT.1,stress
TCACAAGGTTAGAGAT.1,mucous
TCACAAGTCGCATAGT.1,epithelial
TCACACCAGATGGCGT.1,epithelial
TCACACCCAGAGTAAT.1,like
TCACACCGTTCACGAT.1,epithelial
TCACACCGTTTCTTAC.1,mucous
TCACATTAGCTAGTTC.1,like
TCACATTAGTAGGTTA.1,like
TCACATTCAACCGTGC.1,like
TCACATTGTCTCGGGT.1,quality
TCACATTTCCGTTGAA.1,mucous
TCACATTTCGTTTACT.1,epithelial
TCACGCTCAGTCGGTC.1,epithelial
TCACGCTCATCGCTAA.1,like
TCACGCTCATGCACTA.1,like
TCACGCTGTTCGTAAC.1,like
TCACGCTTCAGCCTTC.1,quality
TCACGGGAGAAGCGCT.1,stress
TCACGGGCAACTCGAT.1,quality
TCACGGGCACTTCCTG.1,like
TCACGGGCATACAGAA.1,quality
TCACGGGGTAAGTTGA.1,stress
TCACGGGGTTCGGCGT.1,like
TCACTATCAAGTGTCT.1,like
TCACTATCATCAGCGC.1,epithelial
TCACTATGTGCCGAAA.1,epithelial
TCACTATTCACTCTTA.1,epithelial
TCACTCGAGACTTCAC.1,stress
TCACTCGCACCTATCC.1,like
TCACTCGCATCGGATT.1,quality
TCACTCGCATGCACTA.1,like
TCACTCGGTATCACCA.1,mucous
TCACTCGGTTAGTTCG.1,epithelial
TCACTCGGTTGACGGA.1,epithelial
TCACTCGTCGACCACG.1,Endocrine
TCACTCGTCTTTCTAG.1,mucous
TCAGCAAAGCCTAACT.1,quality
TCAGCAAAGTCATGAA.1,mucous
TCAGCAACACATAGCT.1,epithelial
TCAGCAAGTATGGAAT.1,mucous
TCAGCAATCCGAGGCT.1,like
TCAGCAATCGGTGTTA.1,mucous
TCAGCAATCTGTAAGC.1,quality
TCAGCAATCTTCCCAG.1,epithelial
TCAGCCTCATGTTCAG.1,like
TCAGCCTGTGAATGTA.1,quality
TCAGCCTGTGGAGGTT.1,epithelial
TCAGCCTTCAAGGACG.1,epithelial
TCAGGGCGTACTGCCG.1,epithelial
TCAGGGCGTGGTCCCA.1,stress
TCAGGGCGTTTCACAG.1,like
TCAGGGCTCTTCGATT.1,like
TCAGGGCTCTTGCAAG.1,quality
TCAGGTACACGCCAGT.1,stress
TCAGGTACATCATCTT.1,mucous
TCAGGTACATGCCGGT.1,quality
TCAGGTAGTAAGTTAG.1,epithelial
TCAGGTAGTATCCCTC.1,like
TCAGGTAGTTAATCGC.1,mucous
TCAGTCCAGAGTGGCT.1,like
TCAGTCCAGATGCCGA.1,epithelial
TCAGTCCAGCTCTATG.1,quality
TCAGTCCAGGATGAGA.1,epithelial
TCAGTCCCACCAGTAT.1,stress
TCAGTCCCACCCAACG.1,epithelial
TCAGTCCTCCTGTAGA.1,epithelial
TCAGTGAAGACTACGG.1,mucous
TCAGTGAAGATGCTTC.1,like
TCAGTGAAGCATTGTC.1,like
TCAGTGAAGTGAGGTC.1,stress
TCAGTGAGTTGACTGT.1,epithelial
TCAGTTTCACTCTCGT.1,stress
TCAGTTTGTTGCGTAT.1,epithelial
TCAGTTTTCCCTATTA.1,mucous
TCAGTTTTCCCTCGAT.1,like
TCATACTAGTATGGAT.1,quality
TCATACTCAACTGCCG.1,epithelial
TCATACTCATCGCTCT.1,stress
TCATACTGTGTCCAAT.1,epithelial
TCATACTTCAGTCCGG.1,like
TCATACTTCCGAAGGA.1,Proliferating
TCATACTTCCGTAGTA.1,stress
TCATATCAGTACAGCG.1,mucous
TCATATCCACACCAGC.1,epithelial
TCATATCTCAAGGCTT.1,epithelial
TCATCATAGAAACTGT.1,epithelial
TCATCATAGACTCAAA.1,like
TCATCATAGATACTGA.1,like
TCATCATGTGCATGAG.1,quality
TCATCATGTTCATCGA.1,epithelial
TCATCATTCACTCGAA.1,like
TCATCATTCCCGATCT.1,like
TCATCCGAGTTGGCTT.1,stress
TCATCCGCACTGCATA.1,like
TCATCCGCAGAGAGGG.1,like
TCATCCGGTATGAAGT.1,mucous
TCATCCGGTTATGGTC.1,Proliferating
TCATCCGGTTCTCTCG.1,like
TCATCCGTCCCTTCCC.1,epithelial
TCATCCGTCCTACAAG.1,like
TCATCCGTCCTTGAAG.1,epithelial
TCATCCGTCTCAGGCG.1,stress
TCATGAGAGTTGAAAC.1,like
TCATGAGGTCGGCACT.1,epithelial
TCATGAGTCACCTACC.1,like
TCATGAGTCAGTGATC.1,quality
TCATGCCAGGAGAATG.1,stress
TCATGCCCAATAGTAG.1,quality
TCATGCCCACGACTAT.1,stress
TCATGCCCACGCTATA.1,epithelial
TCATGCCCAGGTAGTG.1,epithelial
TCATGCCCATGGCGCT.1,quality
TCATGCCGTCCTACGG.1,epithelial
TCATGCCGTCTTCATT.1,epithelial
TCATGCCGTTATAGAG.1,stress
TCATGCCGTTGGCCGT.1,mucous
TCATGCCGTTTGTTGG.1,like
TCATGCCTCCACGTAA.1,quality
TCATGCCTCCCGAAAT.1,mucous
TCATGCCTCCTTCTGG.1,like
TCATGGACACCTGCTT.1,quality
TCATGGACATGGATCT.1,like
TCATGGAGTGTCATCA.1,mucous
TCATGGAGTGTGTGGA.1,epithelial
TCATGTTAGCACCCAC.1,epithelial
TCATGTTAGTTGCGAG.1,like
TCATGTTCAATGCTCA.1,stress
TCATGTTCAATTGAAG.1,epithelial
TCATGTTCACTACCGG.1,stress
TCATGTTGTTATGTCG.1,mucous
TCATGTTTCATCCTGC.1,like
TCATGTTTCTCTCCGA.1,like
TCATTACCAAGGTCGA.1,mucous
TCATTACCACACCTAA.1,quality
TCATTACGTAACATCC.1,Proliferating
TCATTACTCCTCGCAT.1,mucous
TCATTACTCTGTACAG.1,like
TCATTCACATATCGGT.1,quality
TCATTGTAGACGACGT.1,stress
TCATTGTAGGGCAATC.1,mucous
TCATTTGCAGCTTTGA.1,quality
TCATTTGGTACAAACA.1,like
TCATTTGGTATAGCTC.1,stress
TCATTTGGTGACATCT.1,mucous
TCATTTGTCAACGTGT.1,mucous
TCCACCAAGCTCCATA.1,mucous
TCCACCACAAAGAGTT.1,epithelial
TCCACCAGTGTCATTG.1,like
TCCACCAGTTCTCACC.1,Proliferating
TCCACCATCCTCTCTT.1,like
TCCACGTAGCTCGACC.1,stress
TCCACGTAGGTCACCC.1,like
TCCACGTAGGTCCTGC.1,like
TCCACGTGTTCCTAAG.1,like
TCCACGTTCGTAGGGA.1,quality
TCCAGAACACTAGGTT.1,like
TCCAGAACAGTGCGCT.1,epithelial
TCCAGAATCCAACTAG.1,like
TCCATCGAGCTAGAAT.1,mucous
TCCATCGAGCTCCACG.1,like
TCCATCGAGCTTGTTG.1,epithelial
TCCATCGCATGTTCAG.1,like
TCCATGCCAACATCGT.1,like
TCCATGCCATCTGCGG.1,stress
TCCATGCTCACAGAGG.1,epithelial
TCCCACAAGACCAGAC.1,mucous
TCCCACAAGGCGCTCT.1,quality
TCCCACACAATAGGGC.1,stress
TCCCACATCGCGGACT.1,like
TCCCAGTAGTCCTGCG.1,epithelial
TCCCAGTCAAGTACCT.1,epithelial
TCCCAGTGTAGGTGCA.1,mucous
TCCCATGAGCTAATGA.1,like
TCCCATGGTATCATGC.1,quality
TCCCATGTCCAACTAG.1,like
TCCCATGTCTGCATGA.1,epithelial
TCCGAAACAGTGTGCC.1,like
TCCGAAAGTACGATCT.1,epithelial
TCCGAAAGTAGAGGAA.1,epithelial
TCCGAAAGTTGGACCC.1,like
TCCGAAATCCGGTAAT.1,epithelial
TCCGATCAGCTCTGTA.1,epithelial
TCCGATCCAAGTGTCT.1,stress
TCCGATCTCGTTAGAC.1,epithelial
TCCGGGAAGTAGTGCG.1,epithelial
TCCGGGACAAGGCTTT.1,quality
TCCGGGACACCGCTAG.1,mucous
TCCGGGACACTATGTG.1,mucous
TCCGGGAGTCCGGCAT.1,like
TCCGGGAGTCTTGTCC.1,like
TCCGGGAGTTCCGCAG.1,mucous
TCCGGGAGTTTAGAGA.1,like
TCCGTGTCAAGCCCAC.1,quality
TCCGTGTCACCACATA.1,epithelial
TCCGTGTGTTCTGAGT.1,mucous
TCCGTGTTCAAGAGTA.1,Endocrine
TCCGTGTTCTTTGGAG.1,epithelial
TCCTAATAGGAGCTGT.1,like
TCCTAATAGGTTGCCC.1,quality
TCCTAATCACACCGCA.1,epithelial
TCCTAATGTGCTCCGA.1,like
TCCTAATTCGCCTATC.1,quality
TCCTCCCAGTGGAAGA.1,epithelial
TCCTCCCCAAGTATAG.1,like
TCCTCCCCACGGTCTG.1,stress
TCCTCCCGTCATGGCC.1,epithelial
TCCTCCCGTCTAGATC.1,mucous
TCCTCCCTCGGTCGGT.1,quality
TCCTCGAAGAGGTCGT.1,like
TCCTCGAAGGTACAAT.1,mucous
TCCTCGACACTCAAGT.1,stress
TCCTCGATCCCTTGTG.1,mucous
TCCTCTTAGCTGCCTG.1,mucous
TCCTCTTAGGGAGGGT.1,Proliferating
TCCTCTTAGTGAATAC.1,mucous
TCCTCTTCAGTATTCG.1,like
TCCTCTTCAGTCACGC.1,mucous
TCCTGCACAACGATCT.1,epithelial
TCCTGCACAATAACGA.1,quality
TCCTGCACAGGACATG.1,like
TCCTGCACATGATGCT.1,like
TCCTGCATCGACCACG.1,stress
TCCTTCTAGAGGGTGG.1,like
TCCTTCTAGGTCCCGT.1,quality
TCCTTCTAGTGTAGTA.1,quality
TCCTTCTCAGGACGAT.1,like
TCCTTCTGTACGGTTT.1,mucous
TCCTTCTTCCGCGAGT.1,mucous
TCCTTTCGTCGTATTG.1,like
TCCTTTCGTCTGTCCT.1,like
TCGAAGTAGAAGAACG.1,mucous
TCGAAGTAGCTATCCA.1,quality
TCGAAGTTCCGTTGGG.1,mucous
TCGACCTAGAACTGAT.1,epithelial
TCGACCTCAACTTCTT.1,epithelial
TCGACCTGTCGTTATG.1,like
TCGACGGCACTACGGC.1,epithelial
TCGACGGCATCCGTTC.1,epithelial
TCGACGGGTCAGACTT.1,mucous
TCGACGGGTCTCCTGT.1,mucous
TCGACGGGTCTTGCGG.1,epithelial
TCGACGGTCCCATACC.1,quality
TCGACGGTCGGAGCAA.1,like
TCGATTTGTCTAACGT.1,epithelial
TCGATTTGTTCGGTCG.1,epithelial
TCGATTTTCAAGTCTG.1,epithelial
TCGATTTTCACACGAT.1,like
TCGCACTAGCTGTGCC.1,Proliferating
TCGCACTAGTGACACG.1,like
TCGCACTCAAGCAGGT.1,like
TCGCACTCATAATCCG.1,like
TCGCACTTCAGCATTG.1,like
TCGCACTTCCTACACC.1,stress
TCGCACTTCTAGAACC.1,epithelial
TCGCAGGCAATTGCTG.1,stress
TCGCAGGCAGAGAGGG.1,epithelial
TCGCAGGTCACCACAA.1,quality
TCGCAGGTCAGCAGAG.1,like
TCGCTCAGTCGTTGCG.1,epithelial
TCGCTCAGTGTGGTCC.1,epithelial
TCGCTTGAGGCATCGA.1,like
TCGCTTGAGTGATAGT.1,quality
TCGCTTGAGTGCACCC.1,epithelial
TCGCTTGCACACCTGG.1,quality
TCGCTTGTCTGGTGCG.1,stress
TCGGATAAGACGACTG.1,quality
TCGGATAAGCGGTAGT.1,epithelial
TCGGATAAGGACATCG.1,mucous
TCGGATAGTAGCGAGT.1,quality
TCGGATAGTCCAAAGG.1,epithelial
TCGGATAGTCCCACGA.1,stress
TCGGATATCACTCACC.1,Proliferating
TCGGATATCCTGGCTT.1,quality
TCGGATATCGATGCTA.1,quality
TCGGGACGTATGCTTG.1,quality
TCGGGACTCATGGGAG.1,like
TCGGGACTCGTCTCAC.1,mucous
TCGGGCAAGCAAATCA.1,epithelial
TCGGGCACAACAGTGG.1,Proliferating
TCGGGCACAACGATCT.1,like
TCGGGCACACTAACGT.1,quality
TCGGGCACACTTGTCC.1,quality
TCGGGCACAGCAGATG.1,epithelial
TCGGGCACAGGTTTAC.1,mucous
TCGGGCACATCCTGTC.1,stress
TCGGGTGAGAGCAGCT.1,epithelial
TCGGGTGAGGCAGTCA.1,quality
TCGGGTGCAACACTAC.1,quality
TCGGGTGGTACACTCA.1,quality
TCGGGTGTCTACTATC.1,stress
TCGGTCTAGCAATTAG.1,quality
TCGGTCTTCTGTGCTC.1,stress
TCGTAGAAGATGAAGG.1,quality
TCGTAGAAGGGTAATT.1,quality
TCGTAGAAGGGTCACA.1,mucous
TCGTAGACAATCGCCG.1,mucous
TCGTAGAGTAACGATA.1,like
TCGTAGAGTGGCAGAT.1,like
TCGTAGAGTTCAGCGC.1,epithelial
TCGTAGATCGCTCATC.1,epithelial
TCGTAGATCTCGAACA.1,like
TCGTCCAAGAGAGCAA.1,quality
TCGTCCAAGATCCCGC.1,epithelial
TCGTCCATCCTCTTTC.1,epithelial
TCGTCCATCGCCGAAC.1,epithelial
TCGTGCTAGCCTGAGA.1,Endocrine
TCGTGCTGTCTTCCGT.1,epithelial
TCGTGGGGTAGTCGTT.1,quality
TCGTGGGTCCGTGTGG.1,epithelial
TCTAACTAGGATAATC.1,epithelial
TCTAACTCAACCGCTG.1,like
TCTAACTCATTAAAGG.1,mucous
TCTAACTGTTGCTTGA.1,quality
TCTAACTTCGCCTCTA.1,epithelial
TCTACATCAACCGACC.1,epithelial
TCTACATCATACCATG.1,quality
TCTACATCATGGATCT.1,quality
TCTACATGTGGCTGCT.1,epithelial
TCTACATGTGTCATGT.1,like
TCTACATTCGTTCTCG.1,like
TCTACCGAGTAACGAT.1,Proliferating
TCTACCGCAAGGTACG.1,like
TCTACCGGTGGTAATA.1,like
TCTACCGTCACCATAG.1,like
TCTACCGTCCACGTCT.1,mucous
TCTACCGTCTTCGGTC.1,epithelial
TCTATACAGCACTCTA.1,like
TCTATACAGCTCTTCC.1,quality
TCTATACCACTGCGAC.1,mucous
TCTATACTCGACATCA.1,like
TCTATCAAGCGCCCAT.1,like
TCTATCAAGCTACTAC.1,quality
TCTATCACAAATGCTC.1,stress
TCTATCACACCAGTTA.1,like
TCTATCAGTCGGCTAC.1,quality
TCTATCAGTCGGTGAA.1,quality
TCTATCAGTCTCGGGT.1,Immune
TCTATCATCTGGAGAG.1,stress
TCTCACGAGTATGGAT.1,like
TCTCACGAGTTGAAGT.1,epithelial
TCTCACGCAATGACCT.1,mucous
TCTCACGGTAGACGGT.1,like
TCTCACGGTGTACAGG.1,mucous
TCTCACGGTTACACTG.1,mucous
TCTCACGGTTTCGTTT.1,mucous
TCTCACGTCCCTCGAT.1,like
TCTCAGCAGCGCACAA.1,epithelial
TCTCAGCAGGCAGGTT.1,like
TCTCAGCCATCCGGCA.1,mucous
TCTCAGCGTAGGAAAG.1,quality
TCTCAGCTCTGTCTCG.1,epithelial
TCTCCGAAGGAAGAAC.1,mucous
TCTCCGAAGGCCTAAG.1,stress
TCTCCGACAGTCTACA.1,like
TCTCCGAGTCCTACAA.1,like
TCTCCGATCCTGGGAC.1,epithelial
TCTCCGATCGCCAGTG.1,like
TCTCCGATCGTAGTCA.1,like
TCTCTGGTCCGAGTGC.1,stress
TCTCTGGTCGTTGCCT.1,epithelial
TCTGCCACATGTGTCA.1,like
TCTGCCAGTACGCTTA.1,epithelial
TCTGCCAGTCAAGTTC.1,like
TCTGCCAGTTACCCTC.1,stress
TCTGGCTAGCGCCCAT.1,stress
TCTGGCTAGGAGGGTG.1,like
TCTGGCTCACCTTCGT.1,epithelial
TCTGGCTCAGTGGTGA.1,stress
TCTGGCTGTACGGATG.1,like
TCTGGCTGTCGGAAAC.1,stress
TCTGGCTTCGCTGCGA.1,like
TCTGGCTTCGTTCGCT.1,quality
TCTGGCTTCTCCCTAG.1,like
TCTGTCGCACTCCACT.1,like
TCTGTCGCACTGCACG.1,quality
TCTGTCGGTCTCTCAC.1,epithelial
TCTGTCGGTTTCTTAC.1,quality
TCTTAGTCAGTTTGGT.1,stress
TCTTAGTGTCGGATTT.1,mucous
TCTTAGTGTTCCACAA.1,quality
TCTTAGTTCTCTGCCA.1,epithelial
TCTTCCTAGGAGTCTG.1,like
TCTTCCTAGTGGTCAG.1,stress
TCTTCCTCAGATGCGA.1,quality
TCTTCCTCAGCGTAGA.1,mucous
TCTTCCTGTCATATGC.1,epithelial
TCTTCCTGTGAGAACC.1,like
TCTTCCTGTGTCCTAA.1,like
TCTTCCTTCATCCTAT.1,quality
TCTTCCTTCTCCCAAC.1,mucous
TCTTGCGAGATGCCGA.1,like
TCTTGCGAGTTACGGG.1,epithelial
TCTTGCGCATTGACAC.1,like
TCTTGCGTCTTGGTGA.1,epithelial
TCTTTGACAAGATGGC.1,like
TCTTTGAGTATGGTAA.1,epithelial
TCTTTGAGTGGCAACA.1,epithelial
TCTTTGATCAGACCTA.1,stress
TGAACGTAGAAACCCG.1,mucous
TGAACGTCAAACGGCA.1,Proliferating
TGAACGTCAGAAGCTG.1,epithelial
TGAACGTTCTGCGGAC.1,quality
TGAACGTTCTTCCCGA.1,like
TGAATCGAGACTTAAG.1,quality
TGAATCGGTTCTAACG.1,quality
TGAATCGTCACGATAC.1,epithelial
TGAATGCCAAGAGCTG.1,Proliferating
TGAATGCCAGTGTACT.1,quality
TGAATGCTCACCATAG.1,stress
TGAATGCTCCGACATA.1,Endocrine
TGAATGCTCTCAATCT.1,mucous
TGACAGTAGCTCGGCT.1,like
TGACAGTCAATCCTAG.1,like
TGACAGTCATACTGAC.1,quality
TGACAGTCATGGGTCC.1,epithelial
TGACAGTCATTATGCG.1,quality
TGACAGTGTGCCAAGA.1,Proliferating
TGACAGTGTTCTGACA.1,like
TGACAGTTCTATGCCC.1,mucous
TGACCCTAGATAGGGA.1,epithelial
TGACCCTAGCGCTTCG.1,mucous
TGACCCTCAAGACGAC.1,like
TGACCCTCACTGAATC.1,stress
TGACCCTCAGATACCT.1,epithelial
TGACCCTGTCTCAAGT.1,quality
TGACCCTTCATGGTAC.1,mucous
TGACCCTTCCAGTTCC.1,quality
TGACGCGAGCATCTTG.1,epithelial
TGACGCGTCAATGCAC.1,epithelial
TGACGCGTCACTGTCC.1,Proliferating
TGACGCGTCTCATTGT.1,epithelial
TGACTCCAGAACCCGA.1,epithelial
TGACTCCCACTCCCTA.1,quality
TGACTCCGTAATCAAG.1,like
TGACTCCGTACGATGG.1,like
TGACTCCGTCAGGTGA.1,mucous
TGACTCCGTTTAGACC.1,quality
TGAGACTCACATAACC.1,like
TGAGACTCAGATCATC.1,epithelial
TGAGACTGTCTGTGTA.1,epithelial
TGAGACTTCATGGATC.1,epithelial
TGAGACTTCTAGATCG.1,epithelial
TGAGCATAGGTAAGTT.1,mucous
TGAGCATCAGACGATG.1,mucous
TGAGCATGTAGGTTTC.1,like
TGAGCATGTTTCGGCG.1,like
TGAGCATTCGAAGGAC.1,like
TGAGCGCAGCCTCTCT.1,epithelial
TGAGCGCAGTGGCCTC.1,Proliferating
TGAGCGCCACATGACT.1,mucous
TGAGGAGAGACAGTCG.1,stress
TGAGGAGAGCTACAAA.1,stress
TGAGGAGGTTGCTGAT.1,stress
TGAGGGACAGAACCGA.1,epithelial
TGAGGGACAGACAAAT.1,epithelial
TGAGGTTAGCCGTAAG.1,epithelial
TGAGGTTCATCATGAC.1,quality
TGAGTCAAGAAGGTAG.1,epithelial
TGAGTCAAGCTCCCTT.1,Proliferating
TGAGTCACAACTTCTT.1,like
TGAGTCAGTAATCAGA.1,quality
TGAGTCAGTCCTGAAT.1,quality
TGAGTCATCACTTATC.1,epithelial
TGAGTCATCAGTGTGT.1,like
TGAGTCATCGACGACC.1,quality
TGAGTCATCTTGCAGA.1,quality
TGATCAGAGACTACCT.1,mucous
TGATCAGAGCCTCCAG.1,like
TGATCAGAGTGCTCAT.1,stress
TGATCAGCAAATGCTC.1,epithelial
TGATCAGCAATCGCCG.1,like
TGATCAGCAGAGGCAT.1,like
TGATCAGCATGAGGGT.1,quality
TGATCAGGTCGGCACT.1,epithelial
TGATCAGGTTCGGCGT.1,quality
TGATCTTAGCGGTAGT.1,mucous
TGATCTTCAAGACGAC.1,mucous
TGATCTTGTATTCTCT.1,like
TGATCTTGTTCGGTTA.1,stress
TGATCTTTCAATCGGT.1,epithelial
TGATCTTTCATGGTAC.1,Proliferating
TGATCTTTCCCAGTGG.1,like
TGATGCAAGCCAGAGT.1,mucous
TGATGCAAGTACTGTC.1,quality
TGATGCACATAAGATG.1,quality
TGATGCAGTCGAGCAA.1,epithelial
TGATGCAGTTTACCAG.1,like
TGATGCATCGAGAACG.1,like
TGATGCATCTCCGAGG.1,like
TGATGGTCAAGGCAAC.1,epithelial
TGATGGTCAATAAGGT.1,stress
TGATGGTGTATACGGG.1,quality
TGATGGTTCAAGTCGT.1,mucous
TGATGGTTCGCCGATG.1,stress
TGATTCTAGGGTAGCT.1,mucous
TGATTCTAGTCTAGCT.1,quality
TGATTCTCACGCAGTC.1,Proliferating
TGATTCTGTCTCAGAT.1,epithelial
TGATTCTTCACTGAAC.1,mucous
TGATTCTTCCGGCAGT.1,like
TGATTTCCAAACTAAG.1,like
TGATTTCGTCGACTGC.1,mucous
TGCACGGAGGTGCTTT.1,epithelial
TGCACGGAGTGAGGTC.1,Proliferating
TGCACGGAGTGCACTT.1,epithelial
TGCACGGGTAGCGCCT.1,like
TGCACGGTCGTTGTTT.1,epithelial
TGCACGGTCTTACGGA.1,mucous
TGCAGATAGGGTACGT.1,epithelial
TGCAGATCAGACAATA.1,like
TGCAGATTCAGACATC.1,epithelial
TGCAGGCAGGCCTTCG.1,like
TGCAGGCCAAAGACTA.1,quality
TGCAGGCCAACTGCCG.1,Proliferating
TGCAGGCCAGCGACCT.1,epithelial
TGCAGGCCAGGTGGAT.1,epithelial
TGCAGGCGTCTCAGGC.1,like
TGCAGTAAGAAGGTAG.1,mucous
TGCAGTAAGGAAACGA.1,Proliferating
TGCAGTACAAAGACTA.1,like
TGCAGTACAAGCGATG.1,like
TGCAGTACAATATCCG.1,quality
TGCAGTACACGACGTC.1,quality
TGCAGTACAGCACCCA.1,quality
TGCAGTAGTTTAAGGA.1,quality
TGCAGTATCCACGTCT.1,stress
TGCATCCCAATTGGTC.1,epithelial
TGCATCCCACCGTCTT.1,quality
TGCATCCCAGGGATAC.1,like
TGCATCCTCGGTCGAC.1,epithelial
TGCATGAAGCACTAAA.1,like
TGCATGAAGTGGATAT.1,like
TGCATGACACACCTAA.1,quality
TGCATGACAGGATGAC.1,like
TGCATGAGTCGTGCCA.1,like
TGCATGATCGACGAGA.1,stress
TGCATGATCTGAGAGG.1,quality
TGCCGAGCAACCGACC.1,stress
TGCCGAGCACGTTCGG.1,mucous
TGCCGAGCACGTTGGC.1,like
TGCCGAGCACTATCGA.1,mucous
TGCCGAGCATGACGAG.1,mucous
TGCCGAGCATTGTCGA.1,epithelial
TGCCGAGTCGTGAGAG.1,epithelial
TGCGACGAGGAGTATT.1,mucous
TGCGACGCAATTGAAG.1,like
TGCGACGCAGCTTCGG.1,epithelial
TGCGACGGTCAGTCCG.1,like
TGCGACGTCACACCCT.1,like
TGCGATACAAGTGTCT.1,mucous
TGCGATACACGGAAGT.1,like
TGCGATACACTGGATT.1,quality
TGCGATACATACAGAA.1,quality
TGCGATATCAAGGCTT.1,epithelial
TGCGATATCAATCAGC.1,epithelial
TGCGATATCTGGACTA.1,epithelial
TGCGGCAAGTCGGCAA.1,epithelial
TGCGGCACAAGGGTCA.1,quality
TGCGGCACAGCCGTCA.1,mucous
TGCGGCAGTCAGTCCG.1,epithelial
TGCGGCAGTGGATGAC.1,mucous
TGCGGGTCAAGCGGAT.1,Proliferating
TGCGGGTTCGTTATCT.1,mucous
TGCTCCAAGGCGATAC.1,epithelial
TGCTCCACAAGAAACT.1,stress
TGCTCCATCGAGATGG.1,mucous
TGCTCGTAGGTGGTTG.1,epithelial
TGCTCGTCAAGCGATG.1,mucous
TGCTCGTCACTTCAGA.1,epithelial
TGCTCGTCAGGTCAGA.1,epithelial
TGCTCGTGTGATACAA.1,quality
TGCTCGTTCTGTGTGA.1,like
TGCTGAAAGATGTAGT.1,stress
TGCTGAAAGCACAAAT.1,stress
TGCTGAAAGGTCATAA.1,epithelial
TGCTGAAAGTCAGCGA.1,epithelial
TGCTGAACAGGAAGTC.1,epithelial
TGCTGAAGTCGCTGCA.1,like
TGCTGAAGTCTTCATT.1,like
TGCTGAATCTAAGCCA.1,mucous
TGCTTCGAGAGATCGC.1,mucous
TGCTTCGGTCCTTTGC.1,quality
TGCTTCGGTCGTGCCA.1,quality
TGCTTCGTCCGGTAAT.1,epithelial
TGCTTCGTCGCCGATG.1,like
TGCTTCGTCGCTAATG.1,epithelial
TGCTTGCCAAGAATGT.1,epithelial
TGCTTGCCACTGGATT.1,stress
TGCTTGCCATGGCACC.1,like
TGCTTGCGTCTTTATC.1,like
TGCTTGCTCACTAGCA.1,epithelial
TGGAACTCAGATACTC.1,stress
TGGAACTCAGTTGTTG.1,quality
TGGAACTGTGATTCTG.1,mucous
TGGAACTGTGTTCCTC.1,like
TGGAACTGTTGCAACT.1,mucous
TGGAACTTCGCTAGCG.1,stress
TGGAGAGAGACAGCTG.1,quality
TGGAGAGAGAGGTATT.1,epithelial
TGGAGAGCAGAGGTTG.1,stress
TGGAGGAAGGGAGGGT.1,epithelial
TGGAGGACACGGGTAA.1,like
TGGAGGAGTCTCTCAC.1,like
TGGAGGAGTGGCTACC.1,like
TGGAGGATCGCTCTCA.1,mucous
TGGAGGATCTACACAG.1,like
TGGATCACACGGCGTT.1,quality
TGGATCACAGCAGTAG.1,like
TGGATCATCGCAACAT.1,epithelial
TGGATCATCGCTTGCT.1,epithelial
TGGATCATCGTTATCT.1,mucous
TGGATGTCAAGACAAT.1,mucous
TGGATGTCATTCACCC.1,stress
TGGCGTGCAACACGAG.1,stress
TGGCGTGCATACAGGG.1,mucous
TGGCGTGGTAACTAAG.1,mucous
TGGCGTGGTACTGCGC.1,epithelial
TGGCGTGTCGGCTCTT.1,like
TGGGAAGAGCAAGTGC.1,mucous
TGGGAAGCAATAGTAG.1,quality
TGGGAAGCACAAATGA.1,like
TGGGAAGCACATACTG.1,quality
TGGGAAGCACGACGCT.1,mucous
TGGGAAGCAGACTCTA.1,epithelial
TGGGAAGGTCGGTGAA.1,mucous
TGGGAGAAGTTGGACG.1,mucous
TGGGAGACAGCTCGGT.1,stress
TGGGAGATCTTCACAT.1,Immune
TGGGATTAGATGTTCC.1,like
TGGGATTAGTATAGAC.1,quality
TGGGATTAGTTCCATG.1,mucous
TGGGATTCAAGGGTCA.1,quality
TGGGATTCATCTTAGG.1,stress
TGGGATTGTAGGATAT.1,quality
TGGGATTGTGCAGGAT.1,quality
TGGGATTGTGCGTTTA.1,stress
TGGGATTGTGTAAACA.1,stress
TGGGATTTCCCGTGTT.1,quality
TGGGCGTCAGCGGATA.1,quality
TGGGCGTGTATAGGGC.1,stress
TGGGCGTGTATTGCCA.1,epithelial
TGGGCGTGTCAACGCC.1,stress
TGGGCTGAGTTGTAAG.1,quality
TGGGCTGCAGTCCGTG.1,mucous
TGGGCTGCATTGAAAG.1,epithelial
TGGGCTGGTGATAGAT.1,like
TGGGCTGGTGTCATGT.1,like
TGGGTTAAGGTCGCCT.1,like
TGGGTTACAATAAGGT.1,stress
TGGGTTACAGAATTCC.1,quality
TGGGTTACAGTAGTTC.1,like
TGGGTTAGTATGGTAA.1,mucous
TGGGTTAGTGAGCCAA.1,quality
TGGGTTATCACACGAT.1,mucous
TGGGTTATCGTGCACG.1,like
TGGGTTATCTTTCTAG.1,quality
TGGTACAAGAACAGGA.1,like
TGGTACAAGATAGTCA.1,like
TGGTACAAGTGATAAC.1,Proliferating
TGGTACACAATTTCGG.1,like
TGGTACACATTGAGGG.1,like
TGGTAGTAGGAATCGC.1,like
TGGTAGTCAGCCTACG.1,like
TGGTAGTGTACCCACG.1,stress
TGGTAGTGTCCCAAAT.1,stress
TGGTAGTTCAAATAGG.1,like
TGGTAGTTCCGGCTTT.1,epithelial
TGGTGATAGCACTCTA.1,mucous
TGGTGATAGCGACTAG.1,quality
TGGTGATCAACCGCTG.1,like
TGGTGATCACAGCATT.1,quality
TGGTGATCAGTAGAAT.1,like
TGGTGATGTATGGTAA.1,epithelial
TGGTGATGTGGACTGA.1,like
TGGTGATTCGCAGAGA.1,epithelial
TGGTTAGAGGGCCCTT.1,like
TGGTTAGAGGTAGGCT.1,quality
TGGTTAGCAAGTTCCA.1,mucous
TGGTTAGCACCTGCAG.1,epithelial
TGGTTAGGTGTCATGT.1,like
TGGTTAGGTTAGAAAC.1,epithelial
TGGTTAGTCAAACGAA.1,stress
TGGTTAGTCACTGTTT.1,quality
TGGTTAGTCTAGCCAA.1,Endocrine
TGGTTAGTCTGCACCT.1,quality
TGTAACGAGGCTGTAG.1,like
TGTAACGAGTAACGAT.1,stress
TGTAACGCAGTGGGTA.1,epithelial
TGTAAGCAGCCTGGAA.1,stress
TGTAAGCAGGTGCTGA.1,like
TGTAAGCAGGTTGACG.1,like
TGTAAGCCAAGTTCGT.1,like
TGTAAGCGTCTGGTTA.1,like
TGTAAGCTCACTCGAA.1,Endocrine
TGTACAGAGGTTCTAC.1,mucous
TGTACAGGTCTACAGT.1,quality
TGTACAGTCATTACGG.1,quality
TGTACAGTCGCAATGT.1,epithelial
TGTAGACAGGTGCGAT.1,like
TGTAGACCACTCATAG.1,epithelial
TGTAGACCACTCCCTA.1,like
TGTAGACCATCCTTCG.1,quality
TGTAGACGTGAATAAC.1,stress
TGTAGACTCCACATAG.1,epithelial
TGTAGACTCTGAACGT.1,epithelial
TGTAGACTCTGATGGT.1,like
TGTCAGAAGGGAGATA.1,like
TGTCAGACAGTCTCTC.1,epithelial
TGTCAGAGTGCAATGG.1,epithelial
TGTCAGAGTTGAGAGC.1,like
TGTCCACAGCGAGAAA.1,stress
TGTCCACCATATAGCC.1,like
TGTCCACTCGAGAATA.1,like
TGTCCACTCGCTACGG.1,quality
TGTCCCAGTAGGTACG.1,like
TGTCCCAGTTGCAAGG.1,like
TGTCCCATCGCTCCTA.1,epithelial
TGTCCCATCTTGGCTC.1,epithelial
TGTCCTGAGCGTCGAA.1,mucous
TGTCCTGAGGAAACGA.1,quality
TGTCCTGCACCAGCTG.1,like
TGTCCTGCAGACCATT.1,like
TGTCCTGCAGCTACAT.1,like
TGTCCTGCAGTCAGAG.1,mucous
TGTGAGTAGCGCCTTG.1,stress
TGTGAGTAGTTTGCTG.1,like
TGTGAGTCACGCGCTA.1,like
TGTGAGTTCTGGGAGA.1,like
TGTGATGAGTTCATGC.1,epithelial
TGTGATGGTACGACAG.1,quality
TGTGATGTCCCGAAAT.1,like
TGTGCGGAGCCATTCA.1,like
TGTGCGGCAAGTGCAG.1,stress
TGTGCGGCAGAACTCT.1,quality
TGTGCGGGTACAAAGT.1,epithelial
TGTGCGGGTCAGTCTA.1,like
TGTGCGGTCGAGCCTG.1,epithelial
TGTGCGGTCTCTCGAC.1,epithelial
TGTGCGGTCTGGGATT.1,quality
TGTGGCGCACTGTCCT.1,epithelial
TGTGGCGCAGGCGAAT.1,quality
TGTGGCGGTACTGGGA.1,like
TGTGTGAAGATACCAA.1,epithelial
TGTGTGAAGCGGTAAC.1,stress
TGTGTGATCACCGGGT.1,epithelial
TGTGTGATCCGAGCTG.1,like
TGTTACTAGGATAATC.1,like
TGTTACTAGGTTGGTG.1,epithelial
TGTTACTTCGGCATAT.1,quality
TGTTCATAGAGCAAGA.1,epithelial
TGTTCATAGCCTATTG.1,like
TGTTCATCAGACTGCC.1,quality
TGTTCATTCTCTCGCA.1,like
TGTTCCGCACGACTAT.1,Endocrine
TGTTCCGCATTCATCT.1,stress
TGTTCCGGTCACAGTT.1,mucous
TGTTCCGGTGCGTCGT.1,stress
TGTTCTAAGTCAGAGC.1,like
TGTTCTACAACAACAA.1,stress
TGTTCTACACTCCGAG.1,stress
TGTTCTACAGGTTACT.1,like
TGTTCTACATGAGTAA.1,epithelial
TGTTCTACATGCAGCC.1,quality
TGTTCTAGTCTTCGAA.1,epithelial
TGTTCTAGTGCAATAA.1,mucous
TGTTCTATCATGCCGG.1,epithelial
TGTTCTATCCGTGTCT.1,Endocrine
TGTTCTATCGTTAGTG.1,stress
TGTTGAGCAACAAGAT.1,mucous
TGTTGAGCATGCGTGC.1,epithelial
TGTTGAGCATTGTAGC.1,Proliferating
TGTTGAGGTATTAAGG.1,epithelial
TGTTGAGTCGGATACT.1,epithelial
TGTTGGAGTCGAATGG.1,epithelial
TGTTGGAGTCTACTGA.1,quality
TGTTTGTAGAGGATGA.1,quality
TGTTTGTAGTGATTCC.1,mucous
TGTTTGTCAGCATGCC.1,quality
TGTTTGTCAGCCCAGT.1,stress
TGTTTGTCAGGGAGAG.1,epithelial
TGTTTGTGTTGCGGCT.1,stress
TGTTTGTTCGACCTAA.1,like
TTAATCCAGCTCTGTA.1,like
TTAATCCGTATACGGG.1,like
TTAATCCGTCATCGCG.1,epithelial
TTAATCCGTCGAGCAA.1,like
TTAATCCGTGTCGATT.1,epithelial
TTAATCCTCACGAGGA.1,like
TTAATCCTCTGGAAGG.1,stress
TTACAGGAGAGGTCGT.1,stress
TTACAGGAGATAGCTA.1,mucous
TTACAGGAGGTAATCA.1,epithelial
TTACAGGAGTTCACTG.1,like
TTACAGGCAAAGGGCT.1,quality
TTACAGGCAGATCATC.1,quality
TTACAGGCAGGATGAC.1,mucous
TTACCATAGGGTAGCT.1,mucous
TTACCATTCACTCCGT.1,epithelial
TTACCGCAGAGTCTGG.1,epithelial
TTACCGCAGCAGGCTA.1,stress
TTACCGCAGGATTCAA.1,Proliferating
TTACCGCAGTCACACT.1,epithelial
TTACCGCGTGCAATGG.1,epithelial
TTACCGCTCGCGGACT.1,like
TTACCGCTCTATGCCC.1,quality
TTACGCCAGCCTCAAT.1,like
TTACGCCCAGGTCAAG.1,quality
TTACGCCCATCTCAAG.1,mucous
TTACGCCGTAGTCGGA.1,stress
TTACGCCGTGCTTCAA.1,stress
TTACGCCTCACATCAG.1,epithelial
TTACGCCTCAGAGCGA.1,quality
TTACGTTTCCAGCCTT.1,epithelial
TTACTGTAGCGAAACC.1,mucous
TTACTGTCACTGGAAG.1,epithelial
TTACTGTCAGGCGATA.1,quality
TTACTGTTCCTGTACC.1,like
TTACTGTTCTATGTGG.1,like
TTAGGCAAGACCAAGC.1,mucous
TTAGGCAAGAGCAAGA.1,like
TTAGGCACAGCGGATA.1,mucous
TTAGGCAGTCTGTGAT.1,like
TTAGGCATCGCCTTGT.1,like
TTAGGCATCTGGGAGA.1,stress
TTAGGGTAGGTCCGAA.1,stress
TTAGGGTGTACAGAAT.1,epithelial
TTAGGGTGTGCATACT.1,epithelial
TTAGGGTTCACACCGG.1,epithelial
TTAGTCTAGGGTGAAA.1,stress
TTAGTCTAGGTTCATC.1,epithelial
TTAGTCTCAAATAGCA.1,epithelial
TTAGTCTGTACTGTTG.1,mucous
TTAGTCTGTAGAGACC.1,mucous
TTAGTCTTCCCAAGTA.1,mucous
TTATTGCAGAAACTAC.1,like
TTATTGCAGCGAAACC.1,epithelial
TTATTGCAGGTAGCAC.1,mucous
TTATTGCAGTGGTTAA.1,epithelial
TTATTGCCAACCTATG.1,like
TTATTGCCAACTCCCT.1,like
TTATTGCCACAAGCAG.1,stress
TTATTGCGTAGACAGC.1,epithelial
TTATTGCGTAGACTGG.1,epithelial
TTATTGCGTTCAAGGG.1,quality
TTCAATCAGAGTGACC.1,like
TTCAATCAGTATGAGT.1,stress
TTCAATCCACAGCCAC.1,epithelial
TTCAATCCACGGCGTT.1,epithelial
TTCAATCGTGGTCCCA.1,epithelial
TTCACCGAGGAGTATT.1,like
TTCACCGCATCTATCT.1,like
TTCACCGGTGCAATGG.1,quality
TTCACCGTCCATCACC.1,like
TTCACCGTCCCATGGG.1,stress
TTCACGCAGTACGTCT.1,stress
TTCACGCCAAACGAGC.1,quality
TTCACGCCACCTTCGT.1,like
TTCACGCGTATGCTTG.1,Proliferating
TTCACGCGTGCATTTG.1,epithelial
TTCACGCTCGTTGTGA.1,like
TTCAGGAAGGGTGAAA.1,epithelial
TTCAGGACACTCCGAG.1,like
TTCAGGAGTCCCTAAA.1,stress
TTCAGGAGTGGTTTGT.1,quality
TTCAGGATCAAGCCCG.1,mucous
TTCATGTAGATCCGAG.1,epithelial
TTCATGTAGTGTTCCA.1,like
TTCATGTGTCTTGCTC.1,epithelial
TTCATGTGTGATACAA.1,quality
TTCATGTGTGATGTAA.1,like
TTCATTGAGCTAATCC.1,epithelial
TTCATTGCAATCGCAT.1,like
TTCATTGCACGACCTG.1,epithelial
TTCATTGGTTCCTACC.1,epithelial
TTCCAATAGTCTAGCT.1,like
TTCCAATCACTGAATC.1,like
TTCCAATCAGCAGAAC.1,mucous
TTCCAATGTCAACATC.1,like
TTCCAATGTGGCCTCA.1,stress
TTCCACGAGTTCGGTT.1,stress
TTCCACGCATAGACTC.1,like
TTCCACGCATTGACTG.1,mucous
TTCCACGGTAAGACCG.1,mucous
TTCCACGGTATCCTCC.1,mucous
TTCCACGGTTACACTG.1,like
TTCCGGTAGGCCATAG.1,mucous
TTCCGGTAGGCTGAAC.1,like
TTCCGGTAGGGAGGAC.1,stress
TTCCGGTCACGGTAGA.1,stress
TTCCGGTGTGTCTTAG.1,like
TTCCGGTTCTCATTGT.1,quality
TTCCGTGAGTCCCAAT.1,stress
TTCCGTGCACTAGGCC.1,mucous
TTCCGTGCAGGCCTGT.1,epithelial
TTCCGTGCATGTTCGA.1,like
TTCCGTGGTCCGTACG.1,quality
TTCCGTGTCAAGGTGG.1,quality
TTCCTAAGTTAGGACG.1,mucous
TTCCTAATCCCTAGGG.1,epithelial
TTCCTCTAGAGGTATT.1,like
TTCCTCTAGCATCGAG.1,mucous
TTCCTCTAGGAGTACC.1,quality
TTCCTCTCAACCAGAG.1,epithelial
TTCCTCTCAGGATTCT.1,epithelial
TTCCTCTCATCCTCAC.1,mucous
TTCCTCTGTTCGTACA.1,epithelial
TTCCTCTTCGGTATGT.1,quality
TTCCTCTTCGTAATGC.1,like
TTCCTCTTCTCAGAAC.1,epithelial
TTCCTTCCACGACGCT.1,epithelial
TTCCTTCCAGCATTGT.1,Proliferating
TTCCTTCCAGTGCCTG.1,mucous
TTCCTTCTCCAGCAAT.1,like
TTCGATTAGCTCTGTA.1,quality
TTCGATTAGGAAGTAG.1,quality
TTCGATTAGGGTACGT.1,epithelial
TTCGATTAGTTCGGTT.1,epithelial
TTCGATTCAGCTTTGA.1,like
TTCGCTGAGCATATGA.1,quality
TTCGCTGAGTGCCTCG.1,like
TTCGCTGCAACTCGAT.1,epithelial
TTCGCTGCATAAGATG.1,mucous
TTCGCTGCATCTTTCA.1,like
TTCGCTGTCATTCGTT.1,like
TTCGGTCCACATGGTT.1,epithelial
TTCGGTCCATCATTTC.1,mucous
TTCGGTCGTCAACCAT.1,quality
TTCGGTCGTGCTCTTC.1,epithelial
TTCTAACCACAAGCCC.1,epithelial
TTCTAACTCCCGAGTG.1,epithelial
TTCTAACTCCTAACAG.1,epithelial
TTCTAACTCTACGGGC.1,like
TTCTAGTAGCGTATGG.1,like
TTCTAGTGTCGCATTA.1,like
TTCTAGTGTGGTCTGC.1,mucous
TTCTAGTTCGCCGAGT.1,like
TTCTCTCAGGGCAGAG.1,like
TTCTCTCAGTGTCATC.1,mucous
TTCTCTCGTACTCCCT.1,quality
TTCTCTCGTCTATGAC.1,like
TTCTCTCGTTCGGCTG.1,like
TTCTCTCTCGCAATTG.1,epithelial
TTCTCTCTCTAGCAAC.1,epithelial
TTCTCTCTCTTCTGTA.1,epithelial
TTCTGTAAGCAGATAT.1,mucous
TTCTGTACAATCGCCG.1,like
TTCTGTACAGAAATCA.1,stress
TTCTGTAGTCCAGTTA.1,stress
TTCTGTAGTGCGTCGT.1,epithelial
TTCTGTAGTTTAGTCG.1,quality
TTCTTCCAGTAGCATA.1,stress
TTCTTCCGTAGGCAAC.1,stress
TTCTTCCGTAGTGTGG.1,epithelial
TTCTTCCTCTGCGAGC.1,like
TTCTTGAAGGAACATT.1,mucous
TTCTTGAGTCGATTCA.1,epithelial
TTCTTGAGTGGGCTCT.1,stress
TTCTTGAGTTACTCAG.1,stress
TTCTTGAGTTCAACGT.1,like
TTGAACGAGTGGTCAG.1,stress
TTGAACGCAAAGAACT.1,like
TTGAACGCAACGAGGT.1,quality
TTGAACGCATGGTGGA.1,quality
TTGAACGGTGAAGCGT.1,epithelial
TTGAACGGTGGCATCC.1,mucous
TTGAACGTCCGTGGGT.1,like
TTGACCCAGGTGATAT.1,like
TTGACCCCAAAGCAAT.1,Endocrine
TTGACCCGTACTTGTG.1,Proliferating
TTGACCCGTTCCGCGA.1,like
TTGACCCTCAGAGCGA.1,epithelial
TTGACCCTCATGGATC.1,epithelial
TTGAGTGCACAGTGTT.1,epithelial
TTGAGTGGTAGTTACC.1,like
TTGATGGCAGGATGAC.1,stress
TTGATGGTCAGTCTTT.1,like
TTGATGGTCCACTAGA.1,stress
TTGATGGTCGGTAACT.1,mucous
TTGATGGTCTGCCTGT.1,like
TTGCATTGTGTTCCTC.1,epithelial
TTGCATTTCTAGCATG.1,like
TTGCCTGAGAAACTCA.1,like
TTGCCTGCAATTGGTC.1,like
TTGCCTGCACTCATAG.1,quality
TTGCCTGCAGGCACAA.1,mucous
TTGCCTGGTACAGGTG.1,stress
TTGCCTGTCACTGATG.1,mucous
TTGCCTGTCCATGATG.1,mucous
TTGCCTGTCTGGGATT.1,stress
TTGCGTCAGCACGTCC.1,quality
TTGCGTCCAAATAAGC.1,like
TTGCGTCGTGAATATG.1,epithelial
TTGCGTCGTGGGATTG.1,epithelial
TTGCGTCTCACTCTTA.1,quality
TTGCTGCAGACATAAC.1,like
TTGCTGCAGCACAAAT.1,epithelial
TTGCTGCCAAAGCTAA.1,like
TTGCTGCGTCATAACC.1,Proliferating
TTGCTGCTCAGCAGAG.1,epithelial
TTGCTGCTCGTAGTGT.1,Proliferating
TTGGATGAGTATGACA.1,mucous
TTGGATGAGTATTAGG.1,epithelial
TTGGATGCAAGAGAGA.1,epithelial
TTGGATGCATCCGAGC.1,epithelial
TTGGATGCATGCCGGT.1,like
TTGGATGGTCTATGAC.1,quality
TTGGATGGTGAAGCGT.1,mucous
TTGGATGGTGTGATGG.1,like
TTGGGATAGTCGCCCA.1,epithelial
TTGGGATAGTGTACAA.1,like
TTGGGATCATATCTCT.1,epithelial
TTGGGATGTCTCGGGT.1,mucous
TTGGGATTCATGCAGT.1,like
TTGGGATTCGCAAGAG.1,quality
TTGGGATTCTTTCCGG.1,epithelial
TTGGGCGAGTGAACAT.1,like
TTGGGCGCAAGTGCAG.1,epithelial
TTGGGCGCATGGGAAC.1,quality
TTGGGCGTCTTCCTAA.1,stress
TTGGGTAAGAGCATAT.1,mucous
TTGGGTACACACTGGC.1,Endocrine
TTGGGTAGTAGGACTG.1,quality
TTGGTTTAGGAACTCG.1,epithelial
TTGGTTTCAACCGTGC.1,mucous
TTGGTTTTCAACGTGT.1,like
TTGTGGAAGACCAGAC.1,Endocrine
TTGTGGAAGACGCTCC.1,quality
TTGTGGACATCACAGT.1,stress
TTGTGGAGTCGTGGTC.1,stress
TTGTGTTCAACAAGTA.1,epithelial
TTGTGTTCACCTTCGT.1,mucous
TTGTGTTCAGATCCTA.1,like
TTGTGTTCAGCCGTCA.1,like
TTGTGTTGTCATGCAT.1,mucous
TTGTTCAAGATGTTCC.1,mucous
TTGTTCAAGGGTACAC.1,stress
TTGTTCACAAAGAGTT.1,mucous
TTGTTCACATAATCCG.1,stress
TTGTTCAGTAACTTCG.1,epithelial
TTGTTCAGTGCTTCAA.1,quality
TTGTTCAGTTAGGGAC.1,epithelial
TTGTTCATCGCAGTGC.1,like
TTGTTGTGTTACACTG.1,quality
TTGTTGTTCATGTCTT.1,like
TTGTTGTTCCACCTGT.1,Endocrine
TTGTTGTTCCTCAGAA.1,quality
TTGTTTGAGAATTTGG.1,mucous
TTGTTTGAGACCAGAC.1,quality
TTGTTTGAGACCTGGA.1,epithelial
TTGTTTGCAATCGCGC.1,quality
TTGTTTGGTTATTCTC.1,mucous
TTTACCAAGCTTTCCC.1,stress
TTTACCAAGGGAACAA.1,stress
TTTACCAAGTTGCGAG.1,Proliferating
TTTACCACAATGTGGG.1,epithelial
TTTACCACACTAACCA.1,epithelial
TTTACCAGTTACACAC.1,like
TTTACCAGTTCAACGT.1,epithelial
TTTACCATCACCTGGG.1,mucous
TTTACCATCCTCTCGA.1,epithelial
TTTACGTAGACGCAGT.1,quality
TTTACGTGTCGTACAT.1,epithelial
TTTACGTGTGGGTTGA.1,stress
TTTACGTTCTTAGGAC.1,quality
TTTACTGAGAACTGAT.1,stress
TTTACTGCACTTCTCG.1,epithelial
TTTACTGCAGACACCC.1,stress
TTTACTGGTAACATAG.1,like
TTTACTGGTGACGCCT.1,mucous
TTTACTGTCCTGGCTT.1,epithelial
TTTAGTCGTGCATCTA.1,quality
TTTAGTCGTTTACCTT.1,quality
TTTAGTCTCAAGCCCG.1,Proliferating
TTTAGTCTCGTGGACC.1,quality
TTTATGCAGACGGTCA.1,like
TTTATGCAGCTAGCCC.1,stress
TTTATGCAGGGTAGCT.1,mucous
TTTATGCAGTCTTCGA.1,quality
TTTATGCCACGACGAA.1,epithelial
TTTATGCTCTTCACGC.1,like
TTTCACACACAATGAA.1,epithelial
TTTCACACAGAGAAAG.1,quality
TTTCACACAGCGTTGC.1,like
TTTCACAGTATCACCA.1,epithelial
TTTCACAGTTGCATTG.1,quality
TTTCACATCTCGGGAC.1,like
TTTCAGTAGAGGGTGG.1,epithelial
TTTCAGTAGCGATTCT.1,quality
TTTCAGTGTCCATCTC.1,like
TTTCAGTGTTCCATTT.1,like
TTTCAGTTCGGACTTA.1,like
TTTCATGAGAAGCTGC.1,like
TTTCATGAGGACAACC.1,mucous
TTTCATGAGGGAGGGT.1,mucous
TTTCATGAGTATCCTG.1,epithelial
TTTCATGCAATCGAAA.1,mucous
TTTCATGCACTGAATC.1,epithelial
TTTCATGCAGTAGATA.1,quality
TTTCATGCATCGGATT.1,mucous
TTTCATGCATTCTTCA.1,like
TTTCATGGTATGAGCG.1,like
TTTCATGGTCGGTACC.1,stress
TTTCATGTCGAGTGAG.1,epithelial
TTTCATGTCTGCATAG.1,like
TTTCCTCAGAGGTTAT.1,like
TTTCCTCCAACTACGT.1,like
TTTCCTCCACCAGCTG.1,stress
TTTCCTCGTGATACTC.1,mucous
TTTCCTCGTGGTAATA.1,epithelial
TTTCCTCTCAAGCCCG.1,mucous
TTTCCTCTCATCCCGT.1,mucous
TTTCCTCTCCATTGCC.1,epithelial
TTTCCTCTCTAGCATG.1,epithelial
TTTCGATAGAGGGTAA.1,epithelial
TTTCGATAGCGGGTTA.1,epithelial
TTTCGATGTACGAAAT.1,Proliferating
TTTCGATTCCATCACC.1,epithelial
TTTGACTAGATAGCAT.1,like
TTTGACTAGATGCAGC.1,epithelial
TTTGACTAGCTCCACG.1,stress
TTTGACTCACCGTGGT.1,stress
TTTGACTCAGACATCT.1,quality
TTTGACTGTTTGGCTA.1,quality
TTTGACTTCTGGGCAC.1,epithelial
TTTGATCAGTAACAGT.1,epithelial
TTTGATCAGTTTGAGA.1,quality
TTTGATCCACCAGCGT.1,quality
TTTGATCGTCTACGTA.1,like
TTTGGAGAGGCCTTGC.1,quality
TTTGGAGAGTTAACAG.1,mucous
TTTGGAGCAAGCACCC.1,epithelial
TTTGGAGCAAGTGGTG.1,like
TTTGGAGGTAGTTCCA.1,mucous
TTTGGAGGTGGACAGT.1,quality
TTTGGAGTCAGCGCAC.1,mucous
TTTGGTTCAGAGGTAC.1,like
TTTGGTTGTTCTCAGA.1,mucous
TTTGGTTTCCCATACC.1,like
TTTGGTTTCGCCGATG.1,stress
TTTGTTGAGACGATAT.1,mucous
TTTGTTGAGCCAAGTG.1,mucous
TTTGTTGAGGTAAGAG.1,epithelial
TTTGTTGCAAATAGCA.1,epithelial
TTTGTTGCAAATGCGG.1,quality
TTTGTTGCATAACGGG.1,epithelial
TTTGTTGGTCACTCGG.1,mucous
